RA,ANO,FASE,FASE_IDEAL,DEFASAGEM_FORNECIDA,INDE,PEDRA,IAN,IDA,IEG,IAA,IPS,IPP,IPV,NOTA_MATEMATICA,NOTA_PORTUGUES,NOTA_INGLES,INDICADO,ATINGIU_PV,TURMA,GENERO,ANO_INGRESSO,INSTITUICAO_ENSINO,ANO_NASCIMENTO,DEFASAGEM_CALCULADA,IDADE_ANOS,ALVO_RISCO_DEFASAGEM_PROX_ANO
1,2022,7.0,8.0,-1,5.783,QUARTZO,5.0,4.0,4.1,8.3,5.6,,7.278,2.7,3.5,6.0,SIM,NAO,A,FEMININO,2016,ESCOLA PUBLICA,2003,-1.0,19,0.0
1,2023,8.0,8.0,0,,,10.0,,,,,,,,,,,,8E,FEMININO,2016,PRIVADA PARCERIAS COM BOLSA 100,2003,0.0,20,0.0
1,2024,8.0,8.0,0,,,10.0,,0.0,,,,,,,,,,8E,FEMININO,2021,PRIVADA PARCERIAS COM BOLSA 100,2003,0.0,21,
2,2022,7.0,7.0,0,7.055,AMETISTA,10.0,6.8,5.2,8.8,6.3,,6.778,6.3,4.5,9.7,NAO,NAO,A,FEMININO,2017,REDE DECISAO,2005,0.0,17,0.0
2,2023,8.0,8.0,0,,,10.0,,,,,,,,,,,,8E,FEMININO,2017,PRIVADA PARCERIAS COM BOLSA 100,2005,0.0,18,0.0
2,2024,8.0,8.0,0,,,10.0,,0.0,,,,,,,,,,8E,FEMININO,2021,PRIVADA PARCERIAS COM BOLSA 100,2005,0.0,19,
3,2022,7.0,7.0,0,6.591,AGATA,10.0,5.6,7.9,0.0,5.6,,7.556,5.8,4.0,6.9,NAO,NAO,A,FEMININO,2016,REDE DECISAO,2005,0.0,17,
4,2022,7.0,7.0,0,5.951,QUARTZO,10.0,5.0,4.5,8.8,5.6,,5.278,2.8,3.5,8.7,NAO,NAO,A,MASCULINO,2017,REDE DECISAO,2005,0.0,17,
5,2022,7.0,7.0,0,7.427,AMETISTA,10.0,5.2,8.6,7.9,5.6,,7.389,7.0,2.9,5.7,NAO,NAO,A,FEMININO,2016,REDE DECISAO,2005,0.0,17,0.0
5,2023,8.0,8.0,0,,,10.0,,,,,,,,,,,,8E,FEMININO,2016,PRIVADA PARCERIAS COM BOLSA 100,2005,0.0,18,
6,2022,7.0,8.0,-1,5.848,QUARTZO,5.0,3.3,4.5,7.9,7.5,,7.222,2.3,5.3,2.3,SIM,NAO,A,FEMININO,2021,ESCOLA PUBLICA,2004,-1.0,18,0.0
6,2023,8.0,8.0,0,,,10.0,,,,,,,,,,,,8E,FEMININO,2021,PRIVADA PAGAMENTO POR EMPRESA PARCEIRA,2004,0.0,19,0.0
6,2024,8.0,8.0,0,,,10.0,,0.0,,,,,,,,,,8E,FEMININO,2021,PRIVADA PARCERIAS COM BOLSA 100,2004,0.0,20,
7,2022,7.0,8.0,-1,6.818,AGATA,5.0,7.6,8.4,0.0,7.5,,7.667,8.2,5.7,9.0,NAO,NAO,A,MASCULINO,2017,REDE DECISAO,2004,-1.0,18,0.0
7,2023,8.0,8.0,0,,,10.0,,,,,,,,,,,,8E,MASCULINO,2017,PRIVADA PARCERIAS COM BOLSA 100,2004,0.0,19,0.0
7,2024,8.0,8.0,0,,,10.0,,0.0,,,,,,,,,,8E,MASCULINO,2021,PRIVADA PARCERIAS COM BOLSA 100,2004,0.0,20,
8,2022,7.0,8.0,-1,4.786,QUARTZO,5.0,1.6,4.6,7.1,6.3,,6.278,1.2,0.7,2.9,NAO,NAO,A,FEMININO,2018,ESCOLA PUBLICA,2002,-1.0,20,
9,2022,7.0,8.0,-1,8.109,TOPAZIO,5.0,6.7,9.5,8.8,7.5,,9.5,5.5,6.0,8.7,SIM,SIM,A,FEMININO,2019,ESCOLA PUBLICA,2004,-1.0,18,
10,2022,7.0,8.0,-1,5.784,QUARTZO,5.0,4.1,5.2,8.3,5.0,,7.056,3.3,2.6,6.4,NAO,NAO,A,FEMININO,2021,ESCOLA PUBLICA,2004,-1.0,18,
11,2022,7.0,8.0,-1,5.323,QUARTZO,5.0,3.0,4.2,9.2,5.0,,6.389,1.8,2.5,4.5,NAO,NAO,A,FEMININO,2016,ESCOLA PUBLICA,2004,-1.0,18,
12,2022,7.0,7.0,0,4.832,QUARTZO,10.0,1.5,4.0,0.0,6.9,,6.389,2.7,1.1,0.7,SIM,NAO,A,FEMININO,2020,ESCOLA PUBLICA,2005,0.0,17,0.0
12,2023,8.0,8.0,0,,,10.0,,,,,,,,,,,,8E,FEMININO,2020,PRIVADA PARCERIAS COM BOLSA 100,2005,0.0,18,0.0
12,2024,8.0,8.0,0,,,10.0,,0.0,,,,,,,,,,8E,FEMININO,2021,PRIVADA PARCERIAS COM BOLSA 100,2005,0.0,19,
13,2022,7.0,8.0,-1,6.902,AGATA,5.0,4.7,7.4,7.9,7.5,,8.056,3.5,5.5,5.2,SIM,NAO,A,MASCULINO,2016,ESCOLA PUBLICA,2004,-1.0,18,0.0
13,2023,8.0,8.0,0,,,10.0,,,,,,,,,,,,8E,MASCULINO,2016,PRIVADA PARCERIAS COM BOLSA 100,2004,0.0,19,0.0
13,2024,8.0,8.0,0,,,10.0,,0.0,,,,,,,,,,8D,MASCULINO,2021,PRIVADA PARCERIAS COM BOLSA 100,2004,0.0,20,
14,2022,7.0,8.0,-1,6.793,AGATA,5.0,4.0,8.3,7.9,7.5,,7.75,8.0,0.0,,SIM,NAO,D,MASCULINO,2022,ESCOLA PUBLICA,2001,-1.0,21,0.0
14,2023,8.0,8.0,0,,,10.0,,,,,,,,,,,,8E,MASCULINO,2022,PRIVADA PARCERIAS COM BOLSA 100,2001,0.0,22,0.0
14,2024,8.0,8.0,0,,,10.0,,0.0,,,,,,,,,,8E,MASCULINO,2022,PRIVADA PARCERIAS COM BOLSA 100,2001,0.0,23,
15,2022,7.0,8.0,-1,7.783,AMETISTA,5.0,7.3,10.0,8.8,7.5,,7.292,8.0,6.5,,SIM,NAO,D,MASCULINO,2022,ESCOLA PUBLICA,2004,-1.0,18,
16,2022,7.0,8.0,-1,6.112,AGATA,5.0,3.5,8.3,7.9,5.0,,6.333,7.0,0.0,,SIM,NAO,D,MASCULINO,2022,ESCOLA PUBLICA,2003,-1.0,19,
17,2022,7.0,8.0,-1,8.068,TOPAZIO,5.0,7.8,10.0,8.8,7.5,,8.292,9.0,6.5,,SIM,NAO,D,MASCULINO,2022,ESCOLA PUBLICA,2002,-1.0,20,0.0
17,2023,8.0,8.0,0,,,10.0,,,,,,,,,,,,8E,MASCULINO,2022,PRIVADA PAGAMENTO POR EMPRESA PARCEIRA,2002,0.0,21,0.0
17,2024,8.0,8.0,0,,,10.0,,0.0,,,,,,,,,,8E,MASCULINO,2022,PRIVADA PAGAMENTO POR EMPRESA PARCEIRA,2002,0.0,22,
18,2022,7.0,8.0,-1,7.226,AMETISTA,5.0,9.0,8.7,6.3,6.3,,6.875,9.0,9.0,,SIM,NAO,D,MASCULINO,2022,ESCOLA PUBLICA,2003,-1.0,19,
19,2022,7.0,8.0,-1,7.665,AMETISTA,5.0,8.0,9.5,7.9,7.5,,7.0,7.0,9.0,,SIM,NAO,D,FEMININO,2022,ESCOLA PUBLICA,2003,-1.0,19,1.0
19,2023,7.0,8.0,-1,7.710866667,AMETISTA,5.0,7.8,9.4,7.9,5.63,7.75,8.1725,7.7,7.0,8.8,,,7A,FEMININO,2022,NENHUMA DAS OPCOES ACIMA,2003,-1.0,20,0.0
19,2024,8.0,8.0,0,,,10.0,,0.0,,,,,,,,,,8F,FEMININO,2022,PRIVADA PARCERIAS COM BOLSA 100,2003,0.0,21,
20,2022,7.0,8.0,-1,7.535,AMETISTA,5.0,7.8,10.0,7.1,6.3,,7.167,9.0,6.5,,SIM,NAO,D,FEMININO,2022,ESCOLA PUBLICA,2003,-1.0,19,
21,2022,7.0,8.0,-1,6.945,AGATA,5.0,3.8,9.2,9.6,7.5,,7.25,7.0,0.5,,SIM,NAO,D,MASCULINO,2022,ESCOLA PUBLICA,2004,-1.0,18,0.0
21,2023,8.0,8.0,0,,,10.0,,,,,,,,,,,,8E,MASCULINO,2022,PRIVADA PARCERIAS COM BOLSA 100,2004,0.0,19,0.0
21,2024,8.0,8.0,0,,,10.0,,0.0,,,,,,,,,,8E,MASCULINO,2022,PRIVADA PAGAMENTO POR EMPRESA PARCEIRA,2004,0.0,20,
22,2022,6.0,7.0,-1,7.474,AMETISTA,5.0,6.7,7.4,8.3,8.1,,8.833,9.0,3.1,7.8,NAO,SIM,A,FEMININO,2019,REDE DECISAO,2005,-1.0,17,
23,2022,6.0,7.0,-1,7.677,AMETISTA,5.0,6.7,8.2,8.3,8.1,,8.556,7.2,4.7,8.2,SIM,SIM,A,MASCULINO,2021,ESCOLA PUBLICA,2005,-1.0,17,0.0
23,2023,8.0,7.0,1,,,10.0,,,,,,,,,,,,8E,MASCULINO,2021,PRIVADA PARCERIAS COM BOLSA 100,2005,1.0,18,0.0
23,2024,8.0,8.0,0,,,10.0,,0.0,,,,,,,,,,8E,MASCULINO,2021,PRIVADA PARCERIAS COM BOLSA 100,2005,0.0,19,
24,2022,6.0,7.0,-1,8.087,TOPAZIO,5.0,8.6,7.9,9.2,6.9,,9.111,10.0,6.3,9.7,NAO,SIM,A,FEMININO,2021,REDE DECISAO,2005,-1.0,17,
25,2022,6.0,7.0,-1,7.979,AMETISTA,5.0,6.9,8.3,8.3,8.8,,9.667,9.2,3.8,7.7,SIM,SIM,A,FEMININO,2021,ESCOLA PUBLICA,2005,-1.0,17,0.0
25,2023,8.0,8.0,0,,,10.0,,,,,,,,,,,,8E,FEMININO,2021,PRIVADA PARCERIAS COM BOLSA 100,2005,0.0,18,0.0
25,2024,8.0,8.0,0,,,10.0,,0.0,,,,,,,,,,8E,FEMININO,2021,PRIVADA PARCERIAS COM BOLSA 100,2005,0.0,19,
26,2022,6.0,7.0,-1,8.677,TOPAZIO,5.0,8.0,8.8,9.6,10.0,,10.0,9.5,4.4,10.0,SIM,SIM,A,MASCULINO,2022,ESCOLA PUBLICA,2005,-1.0,17,1.0
26,2023,7.0,8.0,-1,,,5.0,,,0.0,7.52,,,,,,,,7E,MASCULINO,2022,PRIVADA PARCERIAS COM BOLSA 100,2005,-1.0,18,0.0
26,2024,8.0,8.0,0,,,10.0,,0.0,,,,,,,,,,8F,MASCULINO,2022,PRIVADA PARCERIAS COM BOLSA 100,2005,0.0,19,
27,2022,6.0,7.0,-1,7.124,AMETISTA,5.0,8.0,7.6,0.0,8.1,,9.111,7.7,6.3,10.0,NAO,SIM,A,MASCULINO,2016,REDE DECISAO,2005,-1.0,17,0.0
27,2023,7.0,7.0,0,7.921266667,AMETISTA,10.0,6.9,7.7,6.7,6.89,8.625,8.8825,7.0,5.8,8.0,,,7A,MASCULINO,2016,PRIVADA PROGRAMA DE APADRINHAMENTO,2006,0.0,17,0.0
27,2024,8.0,8.0,0,,,10.0,,0.0,,,,,,,,,,8F,MASCULINO,2021,PRIVADA PARCERIAS COM BOLSA 100,2006,0.0,18,
28,2022,6.0,7.0,-1,6.242,AGATA,5.0,5.0,6.1,7.9,7.5,,6.333,8.2,1.5,5.3,NAO,NAO,A,FEMININO,2019,ESCOLA PUBLICA,2005,-1.0,17,
29,2022,6.0,7.0,-1,4.985,QUARTZO,5.0,3.7,4.0,0.0,8.8,,7.611,6.3,1.1,3.8,SIM,NAO,A,MASCULINO,2022,ESCOLA PUBLICA,2005,-1.0,17,0.0
29,2023,8.0,8.0,0,,,10.0,,,,,,,,,,,,8E,MASCULINO,2022,PRIVADA PARCERIAS COM BOLSA 100,2005,0.0,18,0.0
29,2024,8.0,8.0,0,,,10.0,,0.0,,,,,,,,,,8E,MASCULINO,2022,PRIVADA PAGAMENTO POR EMPRESA PARCEIRA,2005,0.0,19,
30,2022,6.0,6.0,0,7.605,AMETISTA,10.0,7.5,6.4,8.8,7.5,,7.333,8.5,4.4,9.7,NAO,NAO,A,FEMININO,2021,ESCOLA PUBLICA,2006,0.0,16,
31,2022,6.0,7.0,-1,8.843,TOPAZIO,5.0,8.0,9.5,10.0,9.4,,10.0,9.0,5.7,9.3,NAO,SIM,A,FEMININO,2019,REDE DECISAO,2005,-1.0,17,0.0
31,2023,8.0,8.0,0,,,10.0,,,,,,,,,,,,8E,FEMININO,2019,PRIVADA PARCERIAS COM BOLSA 100,2005,0.0,18,0.0
31,2024,8.0,8.0,0,,,10.0,,0.0,,,,,,,,,,8E,FEMININO,2021,PRIVADA PARCERIAS COM BOLSA 100,2005,0.0,19,
32,2022,6.0,6.0,0,7.37,AMETISTA,10.0,6.1,5.2,8.8,8.8,,7.944,5.7,3.6,8.9,NAO,NAO,A,FEMININO,2018,REDE DECISAO,2006,0.0,16,0.0
32,2023,7.0,7.0,0,6.716666667,AGATA,10.0,7.9,8.2,0.0,3.77,7.375,6.8775,9.0,5.8,9.0,,,7A,FEMININO,2018,PRIVADA PROGRAMA DE APADRINHAMENTO,2006,0.0,17,
33,2022,6.0,7.0,-1,4.952,QUARTZO,5.0,4.8,4.6,0.0,7.5,,6.0,9.0,1.6,3.7,NAO,NAO,A,FEMININO,2020,ESCOLA PUBLICA,2005,-1.0,17,
34,2022,6.0,7.0,-1,6.259,AGATA,5.0,3.8,4.8,9.6,8.1,,7.278,4.7,4.0,2.8,NAO,NAO,A,MASCULINO,2016,REDE DECISAO,2005,-1.0,17,0.0
34,2023,8.0,8.0,0,,,10.0,,,,,,,,,,,,8E,MASCULINO,2016,PRIVADA PARCERIAS COM BOLSA 100,2005,0.0,18,
35,2022,6.0,7.0,-1,8.965,TOPAZIO,5.0,8.5,9.6,10.0,9.4,,10.0,9.0,7.1,9.3,NAO,SIM,A,FEMININO,2019,REDE DECISAO,2005,-1.0,17,0.0
35,2023,8.0,8.0,0,,,10.0,,,,,,,,,,,,8E,FEMININO,2019,PRIVADA PARCERIAS COM BOLSA 100,2005,0.0,18,0.0
35,2024,8.0,8.0,0,,,10.0,,0.0,,,,,,,,,,8E,FEMININO,2021,PRIVADA PARCERIAS COM BOLSA 100,2005,0.0,19,
36,2022,6.0,7.0,-1,7.876,AMETISTA,5.0,6.8,9.0,9.2,6.9,,8.944,8.5,4.3,7.8,NAO,SIM,A,FEMININO,2019,REDE DECISAO,2005,-1.0,17,0.0
36,2023,8.0,8.0,0,,,10.0,,,,,,,,,,,,8E,FEMININO,2019,PRIVADA PARCERIAS COM BOLSA 100,2005,0.0,18,0.0
36,2024,8.0,8.0,0,,,10.0,,0.0,,,,,,,,,,8E,FEMININO,2021,PRIVADA PARCERIAS COM BOLSA 100,2005,0.0,19,
37,2022,6.0,7.0,-1,4.95,QUARTZO,5.0,5.9,5.4,0.0,5.0,,5.222,2.3,5.3,10.0,NAO,NAO,A,FEMININO,2019,REDE DECISAO,2005,-1.0,17,
38,2022,6.0,7.0,-1,8.523,TOPAZIO,5.0,8.6,8.9,9.2,7.5,,9.833,9.0,7.0,9.7,NAO,SIM,A,FEMININO,2017,REDE DECISAO,2005,-1.0,17,0.0
38,2023,7.0,7.0,0,8.835333333,TOPAZIO,10.0,7.7,9.7,9.6,7.52,8.75,8.8825,8.2,8.8,6.0,,,7A,FEMININO,2017,PRIVADA PROGRAMA DE APADRINHAMENTO,2005,0.0,18,0.0
38,2024,8.0,8.0,0,,,10.0,,0.0,,,,,,,,,,8F,FEMININO,2021,PRIVADA PROGRAMA DE APADRINHAMENTO,2005,0.0,19,
39,2022,6.0,6.0,0,6.033,AGATA,10.0,6.9,4.8,0.0,6.9,,6.111,7.7,5.1,7.8,NAO,NAO,A,FEMININO,2017,REDE DECISAO,2006,0.0,16,0.0
39,2023,7.0,7.0,0,8.710333333,TOPAZIO,10.0,7.8,9.1,9.6,7.52,8.75,8.7575,8.3,7.8,7.2,,,7A,FEMININO,2017,PRIVADA PROGRAMA DE APADRINHAMENTO,2006,0.0,17,0.0
39,2024,8.0,8.0,0,,,10.0,,0.0,,,,,,,,,,8F,FEMININO,2021,PRIVADA PARCERIAS COM BOLSA 100,2006,0.0,18,
40,2022,5.0,6.0,-1,7.203,AMETISTA,5.0,6.8,7.8,7.9,7.5,,7.75,4.7,7.3,8.4,NAO,NAO,A,FEMININO,2016,REDE DECISAO,2006,-1.0,16,1.0
40,2023,6.0,7.0,-1,7.169975,AMETISTA,5.0,5.9,8.2,7.5,7.52,7.96875,7.755,6.2,5.7,5.8,,,6A,FEMININO,2016,PRIVADA PROGRAMA DE APADRINHAMENTO,2006,-1.0,17,0.0
40,2024,7.0,7.0,0,7.098051462066667,AMETISTA,10.0,5.333333333333333,7.211257310000001,7.083,8.13,8.125,6.276666667,3.5,6.0,6.5,,,7A,FEMININO,2021,PRIVADA PROGRAMA DE APADRINHAMENTO,2006,0.0,18,
41,2022,5.0,7.0,-2,5.581,QUARTZO,5.0,5.6,6.1,9.2,5.0,,4.375,6.3,2.5,8.0,NAO,NAO,A,MASCULINO,2018,ESCOLA PUBLICA,2005,-2.0,17,
42,2022,5.0,5.0,0,6.72,AGATA,10.0,4.8,7.9,8.3,5.6,,6.083,3.7,4.5,6.2,NAO,NAO,A,MASCULINO,2019,REDE DECISAO,2007,0.0,15,1.0
42,2023,5.0,6.0,-1,6.794516667,AGATA,5.0,5.7,8.6,8.8,5.63,6.5625,6.6675,6.3,4.2,6.7,,,5A,MASCULINO,2019,PRIVADA PROGRAMA DE APADRINHAMENTO,2007,-1.0,16,1.0
42,2024,6.0,7.0,-1,7.656628769866667,AMETISTA,5.0,8.166666666666666,9.682539682666667,9.168,5.635,6.796875,7.134,9.0,7.5,8.0,,,6A,MASCULINO,2021,PUBLICA,2007,-1.0,17,
43,2022,5.0,6.0,-1,5.486,QUARTZO,5.0,4.3,6.5,6.3,5.6,,5.958,4.0,5.8,3.2,NAO,NAO,A,FEMININO,2019,ESCOLA PUBLICA,2006,-1.0,16,1.0
43,2023,6.0,7.0,-1,6.4622,AGATA,5.0,5.0,6.7,7.9,5.63,7.5,7.5875,4.0,5.0,6.0,,,6A,FEMININO,2019,PUBLICA,2006,-1.0,17,
44,2022,5.0,7.0,-2,5.542,QUARTZO,5.0,3.0,5.9,5.0,7.5,,7.292,2.3,3.5,3.2,SIM,NAO,A,FEMININO,2021,ESCOLA PUBLICA,2005,-2.0,17,1.0
44,2023,6.0,8.0,-2,6.258333333,AGATA,5.0,6.9,8.5,0.0,5.01,7.5,7.17,7.3,5.8,7.5,,,6A,FEMININO,2021,PUBLICA,2005,-2.0,18,
45,2022,5.0,5.0,0,7.591,AMETISTA,10.0,6.8,8.9,7.9,5.6,,7.417,6.3,5.2,8.8,NAO,NAO,A,FEMININO,2019,REDE DECISAO,2007,0.0,15,0.0
45,2023,6.0,6.0,0,8.303591667,TOPAZIO,10.0,7.9,9.6,7.1,6.26,8.28125,8.1725,7.8,6.3,9.7,,,6A,FEMININO,2019,PRIVADA PROGRAMA DE APADRINHAMENTO,2007,0.0,16,0.0
45,2024,7.0,7.0,0,8.743476190400001,TOPAZIO,10.0,8.0,9.619047619,7.5,9.38,8.75,8.283333333,7.5,7.0,9.5,,,7A,FEMININO,2021,PRIVADA PROGRAMA DE APADRINHAMENTO,2007,0.0,17,
46,2022,5.0,7.0,-2,6.048,AGATA,5.0,2.1,8.4,8.8,6.3,,7.083,2.8,2.8,0.7,NAO,NAO,A,FEMININO,2022,ESCOLA PUBLICA,2005,-2.0,17,1.0
46,2023,5.0,8.0,-3,5.545383333,QUARTZO,2.5,4.4,7.4,7.1,2.52,6.5625,6.6275,2.8,3.0,7.3,,,5A,FEMININO,2022,PUBLICA,2005,-3.0,18,
47,2022,5.0,7.0,-2,5.677,QUARTZO,5.0,2.1,6.3,7.9,7.5,,7.042,2.5,2.2,1.5,NAO,NAO,A,FEMININO,2022,ESCOLA PUBLICA,2005,-2.0,17,
48,2022,5.0,5.0,0,8.006,AMETISTA,10.0,8.1,8.4,6.7,7.5,,8.5,6.7,8.0,9.5,NAO,SIM,A,FEMININO,2017,REDE DECISAO,2007,0.0,15,0.0
48,2023,6.0,6.0,0,7.797058333,AMETISTA,10.0,7.7,8.4,6.7,6.26,7.65625,7.6275,8.3,5.7,9.0,,,6A,FEMININO,2017,PRIVADA PROGRAMA DE APADRINHAMENTO,2007,0.0,16,0.0
48,2024,7.0,7.0,0,8.402390371800001,TOPAZIO,10.0,7.5,8.339076859,7.917,9.375,8.59375,8.23,6.5,6.0,10.0,,,7A,FEMININO,2021,PRIVADA PROGRAMA DE APADRINHAMENTO,2007,0.0,17,
49,2022,5.0,7.0,-2,6.304,AGATA,5.0,3.9,7.4,7.5,7.5,,7.042,1.5,4.2,6.2,NAO,NAO,A,FEMININO,2022,ESCOLA PUBLICA,2005,-2.0,17,0.0
49,2023,8.0,8.0,0,,,10.0,,,,,,,,,,,,8E,FEMININO,2022,PRIVADA PARCERIAS COM BOLSA 100,2005,0.0,18,0.0
49,2024,8.0,8.0,0,,,10.0,,0.0,,,,,,,,,,8E,FEMININO,2022,PRIVADA PAGAMENTO POR EMPRESA PARCEIRA,2005,0.0,19,
50,2022,5.0,8.0,-3,7.138,AMETISTA,2.5,7.8,8.4,7.5,7.5,,7.542,6.5,7.3,9.7,NAO,NAO,A,FEMININO,2022,ESCOLA PUBLICA,2004,-3.0,18,
51,2022,5.0,7.0,-2,6.488,AGATA,5.0,5.0,7.6,8.8,7.5,,6.5,4.5,4.5,6.0,NAO,NAO,B,FEMININO,2022,ESCOLA PUBLICA,2005,-2.0,17,
52,2022,5.0,3.0,2,7.861,AMETISTA,10.0,6.2,8.9,9.6,7.5,,7.5,3.3,6.3,8.8,NAO,NAO,B,MASCULINO,2018,REDE DECISAO,2009,2.0,13,0.0
52,2023,5.0,4.0,1,7.9642,AMETISTA,10.0,6.4,9.8,10.0,2.52,8.125,8.2975,7.7,4.8,6.7,,,5B,MASCULINO,2018,PRIVADA PROGRAMA DE APADRINHAMENTO,2009,1.0,14,0.0
52,2024,7.0,5.0,2,8.144466666733333,TOPAZIO,10.0,7.216666666666666,9.437666667,8.751,6.885,7.5,7.5,6.8,8.85,6.0,,,7E,MASCULINO,2021,PRIVADA PARCERIAS COM BOLSA 100,2009,2.0,15,
53,2022,5.0,7.0,-2,6.725,AGATA,5.0,7.0,7.0,9.2,7.5,,6.458,6.0,8.0,,NAO,NAO,B,MASCULINO,2022,ESCOLA PUBLICA,2005,-2.0,17,1.0
53,2023,6.0,8.0,-2,7.600633333,AMETISTA,5.0,7.7,9.1,9.2,5.63,7.5,7.5875,7.3,6.5,9.2,,,6A,MASCULINO,2022,CONCLUIU O 3O EM,2005,-2.0,18,
54,2022,5.0,6.0,-1,6.058,AGATA,5.0,4.8,6.9,7.9,7.5,,6.125,3.0,6.5,,NAO,NAO,B,FEMININO,2022,ESCOLA PUBLICA,2006,-1.0,16,
55,2022,5.0,6.0,-1,6.576,AGATA,5.0,7.5,7.6,7.1,5.6,,6.5,6.7,7.8,7.9,NAO,NAO,B,FEMININO,2017,ESCOLA PUBLICA,2006,-1.0,16,1.0
55,2023,6.0,7.0,-1,6.898033333,AGATA,5.0,7.1,8.1,7.9,3.14,7.5,7.545,8.7,6.5,6.0,,,6A,FEMININO,2017,PUBLICA,2006,-1.0,17,
56,2022,5.0,5.0,0,8.404,TOPAZIO,10.0,7.0,10.0,10.0,7.5,,8.25,4.5,6.5,10.0,NAO,NAO,B,FEMININO,2019,REDE DECISAO,2007,0.0,15,0.0
56,2023,6.0,6.0,0,8.284333333,TOPAZIO,10.0,7.8,9.5,9.6,5.0,8.125,7.8,7.8,5.5,10.0,,,6A,FEMININO,2019,PRIVADA PROGRAMA DE APADRINHAMENTO,2007,0.0,16,0.0
56,2024,7.0,7.0,0,9.077020175400001,TOPAZIO,10.0,7.666666666666667,9.265350877333333,10.002,10.0,8.4375,9.233333333,8.0,6.0,9.0,,,7A,FEMININO,2021,PRIVADA PROGRAMA DE APADRINHAMENTO,2007,0.0,17,
57,2022,5.0,6.0,-1,7.305,AMETISTA,5.0,8.4,8.1,7.1,5.6,,7.875,9.0,7.0,9.3,NAO,NAO,B,MASCULINO,2017,REDE DECISAO,2006,-1.0,16,1.0
57,2023,6.0,7.0,-1,6.450875,AGATA,5.0,7.2,8.0,0.0,5.63,7.96875,7.755,7.8,6.8,7.0,,,6A,MASCULINO,2017,PRIVADA PROGRAMA DE APADRINHAMENTO,2006,-1.0,17,0.0
57,2024,7.0,7.0,0,7.4193804301999995,AMETISTA,10.0,6.166666666666667,6.010860484333333,9.585,6.88,8.59375,7.39,6.0,6.5,6.0,,,7A,MASCULINO,2021,PRIVADA PROGRAMA DE APADRINHAMENTO,2006,0.0,18,
58,2022,5.0,5.0,0,8.136,TOPAZIO,10.0,7.2,9.2,9.6,6.3,,8.125,4.5,8.0,9.0,NAO,NAO,B,MASCULINO,2017,REDE DECISAO,2007,0.0,15,0.0
58,2023,6.0,6.0,0,7.70625,AMETISTA,10.0,8.1,9.7,0.0,6.26,8.4375,8.3825,7.8,6.5,10.0,,,6A,MASCULINO,2017,PRIVADA PROGRAMA DE APADRINHAMENTO,2007,0.0,16,0.0
58,2024,7.0,7.0,0,8.7713289474,TOPAZIO,10.0,7.333333333333333,9.824561403666666,9.585,7.51,9.0625,8.62,8.0,6.5,7.5,,,7A,MASCULINO,2021,PRIVADA PROGRAMA DE APADRINHAMENTO,2007,0.0,17,
59,2022,5.0,7.0,-2,7.642,AMETISTA,5.0,7.2,9.3,9.2,7.5,,7.917,7.0,5.7,8.8,NAO,NAO,B,MASCULINO,2022,ESCOLA PUBLICA,2005,-2.0,17,1.0
59,2023,6.0,8.0,-2,7.692291667,AMETISTA,5.0,7.2,9.6,7.5,5.63,8.28125,8.4225,7.7,6.8,7.2,,,6A,MASCULINO,2022,PRIVADA PROGRAMA DE APADRINHAMENTO,2005,-2.0,18,0.0
59,2024,8.0,8.0,0,,,10.0,,0.0,,,,,,,,,,8F,MASCULINO,2022,PRIVADA PARCERIAS COM BOLSA 100,2005,0.0,19,
60,2022,5.0,8.0,-3,5.537,QUARTZO,2.5,4.9,6.0,6.7,7.5,,6.167,5.0,6.2,3.5,NAO,NAO,B,FEMININO,2021,ESCOLA PUBLICA,2004,-3.0,18,
61,2022,5.0,5.0,0,7.533,AMETISTA,10.0,5.8,7.4,9.2,7.5,,7.875,1.7,6.3,9.3,SIM,NAO,B,MASCULINO,2021,ESCOLA PUBLICA,2007,0.0,15,0.0
61,2023,6.0,6.0,0,7.382108333,AMETISTA,10.0,6.2,7.0,8.3,6.26,7.96875,7.4625,6.7,4.3,7.5,,,6A,MASCULINO,2021,PUBLICA,2007,0.0,16,
62,2022,5.0,7.0,-2,7.891,AMETISTA,5.0,9.3,9.4,8.8,7.5,,7.25,8.5,10.0,,SIM,NAO,B,MASCULINO,2022,ESCOLA PUBLICA,2005,-2.0,17,0.0
62,2023,7.0,7.0,0,7.610333333,AMETISTA,10.0,7.5,9.8,0.0,6.89,8.25,8.215,9.3,6.8,6.3,,,7A,FEMININO,2022,PUBLICA,2005,0.0,18,0.0
62,2024,8.0,8.0,0,,,10.0,,0.0,,,,,,,,,,8F,FEMININO,2022,PRIVADA PARCERIAS COM BOLSA 100,2005,0.0,19,
63,2022,5.0,6.0,-1,8.282,TOPAZIO,5.0,8.7,9.1,8.3,8.8,,9.417,8.2,8.2,9.7,NAO,SIM,B,MASCULINO,2018,REDE DECISAO,2006,-1.0,16,1.0
63,2023,6.0,7.0,-1,8.0641,TOPAZIO,5.0,8.7,9.0,6.7,6.89,8.75,8.9675,9.3,7.3,9.5,,,6A,MASCULINO,2018,PUBLICA,2006,-1.0,17,
64,2022,5.0,6.0,-1,7.368,AMETISTA,5.0,7.5,8.1,7.1,8.1,,8.25,4.8,8.2,9.4,SIM,NAO,B,MASCULINO,2019,ESCOLA PUBLICA,2006,-1.0,16,1.0
64,2023,6.0,7.0,-1,7.452541667,AMETISTA,5.0,6.7,9.2,7.5,6.89,7.34375,7.9625,7.0,6.0,7.2,,,6A,FEMININO,2019,PRIVADA PROGRAMA DE APADRINHAMENTO,2006,-1.0,17,0.0
64,2024,7.0,7.0,0,8.743607059266667,TOPAZIO,10.0,8.166666666666666,8.980785296666667,10.002,8.135,8.4375,8.283333333,8.0,6.5,10.0,,,7A,FEMININO,2021,PRIVADA PROGRAMA DE APADRINHAMENTO,2006,0.0,18,
65,2022,5.0,7.0,-2,7.712,AMETISTA,5.0,9.3,7.7,8.3,7.5,,7.875,9.0,9.5,9.5,SIM,NAO,B,FEMININO,2022,ESCOLA PUBLICA,2005,-2.0,17,
66,2022,5.0,7.0,-2,5.665,QUARTZO,5.0,4.5,5.6,7.5,7.5,,5.917,3.0,6.0,,NAO,NAO,B,FEMININO,2022,ESCOLA PUBLICA,2005,-2.0,17,
67,2022,5.0,6.0,-1,5.195,QUARTZO,5.0,3.6,3.0,5.8,7.5,,6.889,3.0,4.2,3.5,NAO,NAO,C,FEMININO,2019,ESCOLA PUBLICA,2006,-1.0,16,
68,2022,5.0,6.0,-1,6.438,AGATA,5.0,4.0,6.0,8.3,7.5,,7.944,4.7,4.8,2.7,SIM,NAO,C,MASCULINO,2019,ESCOLA PUBLICA,2006,-1.0,16,
69,2022,5.0,6.0,-1,5.718,QUARTZO,5.0,2.5,6.1,8.3,7.5,,6.167,4.7,2.6,0.3,NAO,NAO,C,MASCULINO,2018,ESCOLA PUBLICA,2006,-1.0,16,
70,2022,5.0,6.0,-1,5.712,QUARTZO,5.0,2.9,6.6,8.8,5.0,,6.111,5.7,2.9,0.2,NAO,NAO,C,FEMININO,2017,ESCOLA PUBLICA,2006,-1.0,16,1.0
70,2023,5.0,7.0,-2,6.869133333,AGATA,5.0,4.3,9.2,9.2,5.0,7.5,7.545,3.0,3.5,6.3,,,5C,FEMININO,2017,PUBLICA,2006,-2.0,17,
71,2022,5.0,7.0,-2,4.332,QUARTZO,5.0,1.2,2.0,7.9,7.5,,5.833,1.3,2.2,0.0,NAO,NAO,C,FEMININO,2019,ESCOLA PUBLICA,2005,-2.0,17,1.0
71,2023,6.0,8.0,-2,7.3651,AMETISTA,5.0,6.6,9.8,6.7,6.26,7.5,7.7125,7.3,5.5,7.0,,,6A,FEMININO,2019,PUBLICA,2005,-2.0,18,
72,2022,5.0,7.0,-2,7.64,AMETISTA,5.0,7.8,7.5,8.3,7.5,,8.667,7.5,7.8,8.0,SIM,SIM,C,FEMININO,2022,ESCOLA PUBLICA,2005,-2.0,17,
73,2022,5.0,7.0,-2,5.271,QUARTZO,5.0,3.3,3.0,7.1,7.5,,7.278,4.5,3.0,2.3,SIM,NAO,C,FEMININO,2022,ESCOLA PUBLICA,2005,-2.0,17,
74,2022,5.0,6.0,-1,4.989,QUARTZO,5.0,2.0,3.3,9.6,7.5,,5.833,6.0,0.0,0.0,NAO,NAO,C,MASCULINO,2022,ESCOLA PUBLICA,2006,-1.0,16,
75,2022,5.0,6.0,-1,3.915,QUARTZO,5.0,0.0,3.8,5.4,6.3,,4.625,0.0,0.0,,NAO,NAO,F,FEMININO,2022,ESCOLA PUBLICA,2006,-1.0,16,
76,2022,5.0,5.0,0,9.105,TOPAZIO,10.0,8.7,9.1,10.0,8.1,,9.292,9.3,8.3,8.4,NAO,SIM,F,FEMININO,2017,REDE DECISAO,2007,0.0,15,0.0
76,2023,7.0,5.0,2,,,10.0,,,10.0,2.52,,,,,,,,7E,FEMININO,2017,PRIVADA PARCERIAS COM BOLSA 100,2007,2.0,16,0.0
76,2024,7.0,5.0,2,8.152033333333334,TOPAZIO,10.0,7.066666666666666,9.0,10.002,6.885,7.5,7.5,7.3,7.8,6.1,,,7E,FEMININO,2021,PRIVADA PARCERIAS COM BOLSA 100,2007,2.0,17,
77,2022,5.0,6.0,-1,3.846,QUARTZO,5.0,0.7,2.7,7.1,5.0,,4.625,0.3,1.8,0.0,NAO,NAO,F,MASCULINO,2019,ESCOLA PUBLICA,2006,-1.0,16,
78,2022,5.0,7.0,-2,7.04,AMETISTA,5.0,7.2,6.6,8.3,5.6,,8.0,8.7,5.7,7.3,NAO,NAO,F,MASCULINO,2018,REDE DECISAO,2005,-2.0,17,1.0
78,2023,6.0,8.0,-2,6.434625,AGATA,5.0,6.7,7.7,0.0,6.26,8.28125,8.0025,8.5,4.8,6.8,,,6A,FEMININO,2018,PRIVADA PROGRAMA DE APADRINHAMENTO,2005,-2.0,18,0.0
78,2024,7.0,7.0,0,8.1780308688,TOPAZIO,10.0,7.5,8.028404344,8.751,8.755,8.4375,7.39,6.5,6.0,10.0,,,7A,FEMININO,2021,PRIVADA PROGRAMA DE APADRINHAMENTO,2005,0.0,19,
79,2022,5.0,6.0,-1,6.847,AGATA,5.0,8.9,6.3,5.4,5.6,,7.292,9.5,7.7,9.5,NAO,NAO,F,FEMININO,2018,REDE DECISAO,2006,-1.0,16,1.0
79,2023,6.0,7.0,-1,6.635883333,AGATA,5.0,7.6,6.2,5.8,5.0,7.8125,7.59,6.0,7.7,9.0,,,6A,FEMININO,2018,PRIVADA PROGRAMA DE APADRINHAMENTO,2006,-1.0,17,
80,2022,5.0,6.0,-1,7.29,AMETISTA,5.0,7.1,8.3,9.2,5.0,,7.625,6.5,7.7,7.3,NAO,NAO,K,FEMININO,2017,REDE DECISAO,2006,-1.0,16,1.0
80,2023,6.0,7.0,-1,7.252275,AMETISTA,5.0,6.3,8.4,8.3,6.89,7.96875,7.465,8.2,5.7,5.0,,,6L,FEMININO,2017,PRIVADA PROGRAMA DE APADRINHAMENTO,2006,-1.0,17,0.0
80,2024,7.0,7.0,0,8.131659175733333,TOPAZIO,10.0,7.0,7.8961292116666675,8.751,8.13,8.75,7.946666667,5.0,6.0,10.0,,,7A,FEMININO,2021,PRIVADA PROGRAMA DE APADRINHAMENTO,2006,0.0,18,
81,2022,5.0,4.0,1,7.675,AMETISTA,10.0,6.0,9.2,9.2,5.0,,7.458,5.5,5.2,7.3,NAO,NAO,K,FEMININO,2017,REDE DECISAO,2008,1.0,14,0.0
81,2023,5.0,5.0,0,7.45425,AMETISTA,10.0,6.3,8.8,9.6,2.52,7.8125,7.2125,8.7,4.7,5.5,,,5L,FEMININO,2017,PRIVADA PROGRAMA DE APADRINHAMENTO,2008,0.0,15,0.0
81,2024,6.0,6.0,0,8.256566666666668,TOPAZIO,10.0,7.5,9.333333333333334,9.168,6.26,7.875,7.798,9.0,6.5,7.0,,,6L,FEMININO,2021,PRIVADA PROGRAMA DE APADRINHAMENTO,2008,0.0,16,
82,2022,5.0,7.0,-2,6.596,AGATA,5.0,5.5,6.8,8.8,7.5,,6.417,6.0,5.0,,SIM,NAO,K,FEMININO,2022,ESCOLA PUBLICA,2005,-2.0,17,
83,2022,5.0,7.0,-2,6.671,AGATA,5.0,6.8,6.8,7.9,7.5,,5.958,6.0,7.5,,SIM,NAO,K,FEMININO,2022,ESCOLA PUBLICA,2005,-2.0,17,
84,2022,5.0,7.0,-2,6.682,AGATA,5.0,5.8,8.8,7.1,5.0,,6.75,5.7,6.5,5.2,NAO,NAO,K,FEMININO,2018,REDE DECISAO,2005,-2.0,17,1.0
84,2023,6.0,8.0,-2,6.034416667,AGATA,5.0,6.0,8.8,0.0,2.52,7.8125,7.6725,6.8,5.8,5.5,,,6L,FEMININO,2018,PRIVADA PROGRAMA DE APADRINHAMENTO,2005,-2.0,18,
85,2022,5.0,5.0,0,6.243,AGATA,10.0,4.3,7.3,6.7,5.0,,5.833,5.0,3.5,,NAO,NAO,K,MASCULINO,2022,ESCOLA PUBLICA,2007,0.0,15,1.0
85,2023,5.0,6.0,-1,7.08435,AMETISTA,5.0,5.7,8.9,8.8,6.27,5.9375,7.8425,5.8,3.8,7.5,,,5C,MASCULINO,2022,PUBLICA,2007,-1.0,16,1.0
85,2024,5.0,7.0,-2,6.999509385733333,AGATA,5.0,7.666666666666667,8.668046928999999,8.334,3.755,6.25,6.993333333,9.0,4.5,9.5,,,5N,MASCULINO,2022,PUBLICA,2007,-2.0,17,
86,2022,5.0,6.0,-1,7.566,AMETISTA,5.0,6.7,9.6,7.5,5.6,,8.458,6.2,7.2,6.9,NAO,SIM,K,MASCULINO,2016,REDE DECISAO,2006,-1.0,16,0.0
86,2023,7.0,7.0,0,,,10.0,,,8.3,6.89,,,,,,,,7E,MASCULINO,2016,PRIVADA PARCERIAS COM BOLSA 100,2006,0.0,17,0.0
86,2024,7.0,7.0,0,7.611233333266666,AMETISTA,10.0,5.483333333333333,9.704333333,6.667,6.57,7.5,7.5,6.35,6.3,3.8,,,7E,MASCULINO,2021,PRIVADA PARCERIAS COM BOLSA 100,2006,0.0,18,
87,2022,5.0,5.0,0,8.712,TOPAZIO,10.0,8.8,9.6,8.3,7.5,,8.5,8.3,8.0,10.0,NAO,SIM,K,MASCULINO,2021,REDE DECISAO,2007,0.0,15,0.0
87,2023,6.0,6.0,0,8.6625,TOPAZIO,10.0,9.3,10.0,7.5,5.63,8.125,8.385,9.5,8.7,9.7,,,6L,MASCULINO,2021,PRIVADA PROGRAMA DE APADRINHAMENTO,2007,0.0,16,0.0
87,2024,7.0,6.0,1,9.437924561333332,TOPAZIO,10.0,9.166666666666666,9.649122807,8.751,9.375,9.375,9.623333333,10.0,7.5,10.0,,,7A,MASCULINO,2021,PRIVADA PROGRAMA DE APADRINHAMENTO,2007,1.0,17,
88,2022,5.0,7.0,-2,7.498,AMETISTA,5.0,6.5,9.2,7.1,5.6,,9.208,6.8,6.2,6.4,SIM,SIM,K,MASCULINO,2021,ESCOLA PUBLICA,2005,-2.0,17,0.0
88,2023,8.0,8.0,0,,,10.0,,,,,,,,,,,,8E,MASCULINO,2021,PRIVADA PAGAMENTO POR EMPRESA PARCEIRA,2005,0.0,18,0.0
88,2024,8.0,8.0,0,,,10.0,,0.0,,,,,,,,,,8E,MASCULINO,2021,PRIVADA PARCERIAS COM BOLSA 100,2005,0.0,19,
89,2022,5.0,6.0,-1,7.323,AMETISTA,5.0,5.9,7.8,9.6,7.5,,8.0,7.5,5.7,4.7,SIM,NAO,K,MASCULINO,2021,ESCOLA PUBLICA,2006,-1.0,16,1.0
89,2023,6.0,7.0,-1,6.700775,AGATA,5.0,5.1,8.1,8.3,5.0,7.34375,7.465,6.3,2.3,6.7,,,6L,MASCULINO,2021,PUBLICA,2006,-1.0,17,
90,2022,5.0,3.0,2,9.442,TOPAZIO,10.0,8.5,9.7,10.0,9.4,,9.75,7.7,8.0,9.8,NAO,SIM,L,FEMININO,2019,REDE DECISAO,2009,2.0,13,0.0
90,2023,5.0,4.0,1,8.699408333,TOPAZIO,10.0,7.7,9.6,10.0,7.52,8.59375,8.1725,6.7,6.8,9.5,,,5L,FEMININO,2019,PRIVADA PROGRAMA DE APADRINHAMENTO,2009,1.0,14,0.0
90,2024,7.0,5.0,2,8.352033333333335,TOPAZIO,10.0,8.066666666666666,9.0,10.002,6.885,7.5,7.5,7.7,8.3,8.2,,,7E,FEMININO,2021,PRIVADA PARCERIAS COM BOLSA 100,2009,2.0,15,
91,2022,5.0,6.0,-1,6.645,AGATA,5.0,6.6,5.7,9.2,5.6,,7.125,5.5,5.7,8.5,NAO,NAO,L,FEMININO,2016,REDE DECISAO,2006,-1.0,16,1.0
91,2023,6.0,7.0,-1,7.42395,AMETISTA,5.0,7.4,7.4,10.0,6.89,7.8125,7.4675,9.5,5.0,7.7,,,6L,FEMININO,2016,PRIVADA PROGRAMA DE APADRINHAMENTO,2006,-1.0,17,1.0
91,2024,6.0,7.0,-1,7.426704761933335,AMETISTA,5.0,7.333333333333333,7.476190476333334,10.002,5.635,7.875,8.068,9.0,4.0,9.0,,,6L,FEMININO,2021,PRIVADA PROGRAMA DE APADRINHAMENTO,2006,-1.0,18,
92,2022,5.0,6.0,-1,6.957,AGATA,5.0,7.4,7.1,9.2,5.0,,6.667,7.8,5.5,8.8,NAO,NAO,L,FEMININO,2016,REDE DECISAO,2006,-1.0,16,1.0
92,2023,6.0,7.0,-1,7.375916667,AMETISTA,5.0,6.7,9.4,9.6,5.63,7.1875,7.045,8.7,4.8,6.7,,,6L,FEMININO,2016,PRIVADA PROGRAMA DE APADRINHAMENTO,2006,-1.0,17,0.0
92,2024,7.0,7.0,0,8.052279017,TOPAZIO,10.0,7.5,8.769145085,10.002,7.51,7.8125,6.33,8.0,5.0,9.5,,,7A,FEMININO,2021,PRIVADA PROGRAMA DE APADRINHAMENTO,2006,0.0,18,
93,2022,5.0,5.0,0,8.941,TOPAZIO,10.0,8.5,9.7,8.3,8.1,,9.083,8.8,8.3,8.4,NAO,SIM,L,FEMININO,2016,REDE DECISAO,2007,0.0,15,0.0
93,2023,7.0,6.0,1,,,10.0,,,7.9,3.14,,,,,,,,7E,FEMININO,2016,PRIVADA PROGRAMA DE APADRINHAMENTO,2007,1.0,16,0.0
93,2024,7.0,6.0,1,8.275550000066668,TOPAZIO,10.0,7.483333333333333,9.931666667,9.168,6.2575,7.5,7.5,6.75,7.2,8.5,,,7E,FEMININO,2021,PRIVADA PROGRAMA DE APADRINHAMENTO,2007,1.0,17,
94,2022,5.0,5.0,0,8.921,TOPAZIO,10.0,7.7,9.6,8.3,8.1,,9.583,7.0,6.7,9.5,NAO,SIM,L,FEMININO,2018,REDE DECISAO,2007,0.0,15,1.0
94,2023,5.0,6.0,-1,7.289333333,AMETISTA,5.0,7.2,9.6,7.5,2.52,8.75,7.795,7.7,4.8,9.0,,,5L,FEMININO,2018,PRIVADA PROGRAMA DE APADRINHAMENTO,2007,-1.0,16,0.0
94,2024,6.0,6.0,0,8.637033333333335,TOPAZIO,10.0,8.0,9.666666666666666,10.002,6.26,8.375,8.2,7.0,7.0,10.0,,,6L,FEMININO,2021,PRIVADA PROGRAMA DE APADRINHAMENTO,2007,0.0,17,
95,2022,5.0,7.0,-2,6.308,AGATA,5.0,4.8,6.6,8.3,7.5,,6.292,6.0,8.0,0.5,NAO,NAO,L,FEMININO,2022,ESCOLA PUBLICA,2005,-2.0,17,
96,2022,5.0,6.0,-1,7.54,AMETISTA,5.0,6.7,7.8,9.2,6.9,,8.5,5.7,6.5,8.0,SIM,SIM,L,MASCULINO,2021,ESCOLA PUBLICA,2006,-1.0,16,1.0
96,2023,6.0,7.0,-1,7.610791667,AMETISTA,5.0,6.4,8.9,9.6,7.52,7.65625,7.84,6.8,4.8,7.7,,,6L,MASCULINO,2021,PRIVADA PROGRAMA DE APADRINHAMENTO,2006,-1.0,17,0.0
96,2024,8.0,8.0,0,,,10.0,,0.0,,,,,,,,,,8F,MASCULINO,2021,CONCLUIU O 3O EM,2006,0.0,18,
97,2022,5.0,5.0,0,7.468,AMETISTA,10.0,6.9,8.8,7.5,5.0,,6.292,5.3,6.7,8.8,NAO,NAO,L,FEMININO,2017,REDE DECISAO,2007,0.0,15,
98,2022,5.0,5.0,0,9.354,TOPAZIO,10.0,8.5,10.0,8.8,9.4,,9.667,8.4,8.2,8.9,NAO,SIM,L,FEMININO,2017,REDE DECISAO,2007,0.0,15,0.0
98,2023,7.0,5.0,2,,,10.0,,,7.9,2.52,,,,,,,,7E,FEMININO,2017,PRIVADA PARCERIAS COM BOLSA 100,2007,2.0,16,0.0
98,2024,7.0,6.0,1,8.617450000000002,TOPAZIO,10.0,8.9,9.546,9.585,7.1975,7.5,7.5,9.2,8.9,8.6,,,7E,FEMININO,2021,PRIVADA PARCERIAS COM BOLSA 100,2007,1.0,17,
99,2022,5.0,6.0,-1,6.158,AGATA,5.0,5.0,6.3,8.8,7.5,,5.833,5.7,3.4,5.8,NAO,NAO,L,MASCULINO,2019,ESCOLA PUBLICA,2006,-1.0,16,1.0
99,2023,6.0,7.0,-1,6.68045,AGATA,5.0,4.5,8.3,7.9,5.63,7.8125,7.4225,4.7,4.0,4.8,,,6L,MASCULINO,2019,PUBLICA,2006,-1.0,17,
100,2022,4.0,3.0,1,7.618,AMETISTA,10.0,7.6,7.8,8.8,5.0,,7.25,7.0,7.8,8.1,NAO,NAO,A,FEMININO,2019,REDE DECISAO,2009,1.0,13,
101,2022,4.0,5.0,-1,7.305,AMETISTA,5.0,7.6,8.3,7.9,7.5,,6.833,7.2,6.5,9.2,SIM,NAO,A,FEMININO,2021,ESCOLA PUBLICA,2007,-1.0,15,
102,2022,4.0,4.0,0,6.922,AGATA,10.0,5.7,7.7,6.7,6.9,,6.0,4.7,6.8,5.5,NAO,NAO,A,MASCULINO,2019,ESCOLA PUBLICA,2008,0.0,14,
103,2022,4.0,3.0,1,8.107,TOPAZIO,10.0,7.3,8.7,7.9,7.5,,7.708,7.3,7.3,7.3,NAO,NAO,A,FEMININO,2020,REDE DECISAO,2009,1.0,13,0.0
103,2023,5.0,4.0,1,8.0239,TOPAZIO,10.0,7.1,9.2,8.3,5.0,8.125,8.09,7.3,6.3,7.7,,,5A,FEMININO,2020,PRIVADA PROGRAMA DE APADRINHAMENTO,2009,1.0,14,0.0
103,2024,5.0,5.0,0,8.775268254,TOPAZIO,10.0,9.166666666666666,9.603174603333335,8.334,6.26,7.875,8.872,9.0,9.0,9.5,,,5A,FEMININO,2021,PRIVADA PROGRAMA DE APADRINHAMENTO,2009,0.0,15,
104,2022,4.0,8.0,-4,6.315,AGATA,2.5,3.7,8.7,7.9,7.5,,6.708,4.8,5.8,0.3,NAO,NAO,A,MASCULINO,2022,ESCOLA PUBLICA,2004,-4.0,18,1.0
104,2023,5.0,8.0,-3,4.25,QUARTZO,2.5,2.6,7.7,0.0,2.52,5.625,5.6275,3.7,1.8,2.3,,,5F,MASCULINO,2022,PUBLICA,2004,-3.0,19,
105,2022,4.0,7.0,-3,6.846,AGATA,2.5,6.7,8.2,7.9,5.6,,7.417,7.2,6.2,6.8,NAO,NAO,A,MASCULINO,2016,REDE DECISAO,2005,-3.0,17,
106,2022,4.0,5.0,-1,7.973,AMETISTA,5.0,7.4,8.0,9.2,9.4,,8.375,7.8,7.2,7.2,NAO,SIM,A,FEMININO,2016,REDE DECISAO,2007,-1.0,15,0.0
106,2023,5.0,5.0,0,7.769658333,AMETISTA,10.0,7.3,9.1,7.9,5.0,7.03125,7.5075,6.7,6.8,8.3,,,5A,FEMININO,2016,PRIVADA PROGRAMA DE APADRINHAMENTO,2007,0.0,16,0.0
106,2024,6.0,6.0,0,7.721664285733334,AMETISTA,10.0,5.666666666666667,8.761904762,9.168,5.635,7.8125,7.872,7.0,3.5,6.5,,,6A,FEMININO,2021,PRIVADA PROGRAMA DE APADRINHAMENTO,2007,0.0,17,
107,2022,4.0,5.0,-1,6.258,AGATA,5.0,4.6,6.4,7.5,7.5,,6.5,3.3,4.3,6.0,SIM,NAO,A,FEMININO,2018,ESCOLA PUBLICA,2007,-1.0,15,0.0
107,2023,5.0,5.0,0,6.845208333,AGATA,10.0,7.0,8.5,0.0,5.0,7.34375,7.5875,6.0,5.2,9.7,,,5C,FEMININO,2018,PUBLICA,2007,0.0,16,1.0
107,2024,5.0,6.0,-1,6.676130827066667,AGATA,5.0,4.666666666666667,7.9949874686666655,7.5,7.51,7.5,6.964,0.0,4.5,9.5,,,5D,FEMININO,2021,PUBLICA,2007,-1.0,17,
108,2022,4.0,7.0,-3,5.547,QUARTZO,2.5,5.0,7.7,4.6,5.0,,6.125,3.0,5.8,6.2,NAO,NAO,A,FEMININO,2019,ESCOLA PUBLICA,2005,-3.0,17,1.0
108,2023,5.0,7.0,-2,4.9308,QUARTZO,5.0,2.9,7.3,5.8,2.52,4.375,5.59,2.7,3.2,2.8,,,5B,FEMININO,2019,CONCLUIU O 3O EM,2005,-2.0,18,
109,2022,4.0,6.0,-2,8.512,TOPAZIO,5.0,8.4,10.0,8.8,8.8,,8.667,7.8,7.5,9.9,NAO,SIM,A,MASCULINO,2021,REDE DECISAO,2006,-2.0,16,1.0
109,2023,6.0,7.0,-1,8.3184,TOPAZIO,5.0,8.3,9.9,8.3,7.52,8.75,8.59,7.0,8.2,9.7,,,6A,MASCULINO,2021,PRIVADA PROGRAMA DE APADRINHAMENTO,2006,-1.0,17,
110,2022,4.0,4.0,0,8.15,TOPAZIO,10.0,6.7,9.7,9.2,5.6,,8.0,8.3,5.7,6.0,NAO,NAO,A,MASCULINO,2017,REDE DECISAO,2008,0.0,14,0.0
110,2023,5.0,5.0,0,8.0879,TOPAZIO,10.0,7.5,8.6,8.3,5.0,8.75,8.2975,8.3,6.2,8.0,,,5A,MASCULINO,2017,PRIVADA PROGRAMA DE APADRINHAMENTO,2008,0.0,15,0.0
110,2024,5.0,5.0,0,8.6324939394,TOPAZIO,10.0,8.5,9.696969697,9.168,6.255,7.5,8.504,10.0,7.0,8.5,,,5A,MASCULINO,2021,PRIVADA PROGRAMA DE APADRINHAMENTO,2008,0.0,16,
111,2022,4.0,3.0,1,8.646,TOPAZIO,10.0,8.0,9.4,7.5,8.1,,8.667,6.7,7.5,9.7,NAO,SIM,A,FEMININO,2020,REDE DECISAO,2009,1.0,13,0.0
111,2023,5.0,4.0,1,7.566458333,AMETISTA,10.0,6.0,8.7,7.5,5.0,7.65625,8.0875,6.0,5.2,6.7,,,5A,FEMININO,2020,PRIVADA PROGRAMA DE APADRINHAMENTO,2009,1.0,14,0.0
111,2024,5.0,5.0,0,8.667693939400001,TOPAZIO,10.0,8.333333333333334,9.488636363666666,9.168,6.26,8.125,8.74,8.0,7.0,10.0,,,5B,FEMININO,2021,PRIVADA PROGRAMA DE APADRINHAMENTO,2009,0.0,15,
112,2022,4.0,5.0,-1,7.836,AMETISTA,5.0,8.5,7.8,7.9,6.3,,8.833,9.0,7.5,9.1,NAO,SIM,A,FEMININO,2016,REDE DECISAO,2007,-1.0,15,1.0
112,2023,5.0,6.0,-1,7.141308333,AMETISTA,5.0,7.4,8.1,6.7,5.0,7.96875,7.9225,7.3,6.5,8.3,,,5A,FEMININO,2016,PRIVADA PROGRAMA DE APADRINHAMENTO,2007,-1.0,16,0.0
112,2024,6.0,6.0,0,8.052609920666667,TOPAZIO,10.0,8.0,7.978174603333333,7.083,7.51,7.96875,8.004,9.5,6.0,8.5,,,6A,FEMININO,2021,PRIVADA PROGRAMA DE APADRINHAMENTO,2007,0.0,17,
113,2022,4.0,5.0,-1,3.032,QUARTZO,5.0,3.7,0.0,0.0,5.0,,3.792,3.3,5.5,2.3,NAO,NAO,A,FEMININO,2017,REDE DECISAO,2007,-1.0,15,
113,2024,5.0,6.0,-1,7.043536903066667,AMETISTA,5.0,6.666666666666667,7.063851181666667,8.751,7.51,7.5,7.106666667,7.0,6.0,7.0,,,5G,FEMININO,2021,PUBLICA,2007,-1.0,17,
114,2022,4.0,6.0,-2,5.894,QUARTZO,5.0,5.3,6.3,7.9,7.5,,5.0,6.0,4.5,,NAO,NAO,A,MASCULINO,2022,ESCOLA PUBLICA,2006,-2.0,16,1.0
114,2023,5.0,7.0,-2,5.335,QUARTZO,5.0,5.6,6.0,0.0,3.14,7.5,7.255,4.0,4.5,8.3,,,5B,MASCULINO,2022,PUBLICA,2006,-2.0,17,
115,2022,4.0,6.0,-2,5.886,QUARTZO,5.0,3.8,6.8,8.3,6.3,,5.583,3.0,5.7,2.7,NAO,NAO,A,FEMININO,2019,ESCOLA PUBLICA,2006,-2.0,16,1.0
115,2023,5.0,6.0,-1,6.319141667,AGATA,5.0,4.2,7.1,8.8,5.0,7.34375,7.215,3.7,3.8,5.2,,,5A,FEMININO,2019,PUBLICA,2006,-1.0,17,1.0
115,2024,5.0,7.0,-2,5.404184695733334,QUARTZO,5.0,4.166666666666667,4.164756812,7.917,6.26,6.75,5.726,6.5,4.5,1.5,,,5A,FEMININO,2021,PUBLICA,2006,-2.0,18,
116,2022,4.0,6.0,-2,6.854,AGATA,5.0,5.9,8.1,5.8,6.3,,7.792,5.0,7.2,5.5,SIM,NAO,B,FEMININO,2019,ESCOLA PUBLICA,2006,-2.0,16,1.0
116,2023,5.0,7.0,-2,6.433075,AGATA,5.0,4.7,7.6,6.7,5.0,7.96875,7.5475,2.3,5.0,6.8,,,5A,FEMININO,2019,PUBLICA,2006,-2.0,17,1.0
116,2024,5.0,7.0,-2,6.337470707133334,AGATA,5.0,4.5,7.535353535666666,8.334,5.635,6.875,6.73,6.5,2.0,5.0,,,5A,FEMININO,2021,PUBLICA,2006,-2.0,18,
117,2022,4.0,5.0,-1,6.685,AGATA,5.0,6.1,6.3,7.9,6.9,,7.417,4.7,6.7,7.0,NAO,NAO,B,FEMININO,2022,ESCOLA PUBLICA,2007,-1.0,15,
118,2022,4.0,4.0,0,5.597,QUARTZO,10.0,3.9,5.3,0.0,6.3,,6.958,3.7,4.7,3.5,NAO,NAO,B,FEMININO,2021,ESCOLA PUBLICA,2008,0.0,14,
119,2022,4.0,4.0,0,7.501,AMETISTA,10.0,5.4,8.2,8.3,5.6,,7.875,5.7,7.0,3.4,NAO,NAO,B,FEMININO,2016,REDE DECISAO,2008,0.0,14,0.0
119,2023,7.0,5.0,2,,,10.0,,,6.7,2.52,,,,,,,,7E,FEMININO,2016,PRIVADA PROGRAMA DE APADRINHAMENTO,2008,2.0,15,0.0
119,2024,7.0,6.0,1,8.085299999933333,TOPAZIO,10.0,7.366666666666667,9.983333333,7.083,6.57,7.5,7.5,6.05,7.5,8.55,,,7E,FEMININO,2021,PRIVADA PROGRAMA DE APADRINHAMENTO,2008,1.0,16,
120,2022,4.0,5.0,-1,6.825,AGATA,5.0,6.2,5.9,8.3,7.5,,7.667,3.7,5.2,9.7,SIM,NAO,B,MASCULINO,2019,ESCOLA PUBLICA,2007,-1.0,15,
121,2022,4.0,6.0,-2,7.245,AMETISTA,5.0,7.2,8.4,7.1,6.3,,7.625,5.7,6.8,9.0,SIM,NAO,B,FEMININO,2021,ESCOLA PUBLICA,2006,-2.0,16,1.0
121,2023,5.0,6.0,-1,6.811875,AGATA,5.0,6.0,8.8,6.3,5.0,7.34375,7.4625,5.0,5.7,7.3,,,5A,FEMININO,2021,PUBLICA,2006,-1.0,17,1.0
121,2024,5.0,7.0,-2,7.476158297266668,AMETISTA,5.0,8.833333333333334,8.152958153,8.751,6.26,7.25,6.764,7.5,9.0,10.0,,,5A,FEMININO,2021,PUBLICA,2006,-2.0,18,
122,2022,4.0,4.0,0,5.061,QUARTZO,10.0,1.8,3.4,7.9,7.5,,4.958,1.7,3.7,0.0,NAO,NAO,B,FEMININO,2019,ESCOLA PUBLICA,2008,0.0,14,
123,2022,4.0,6.0,-2,7.084,AMETISTA,5.0,6.5,8.6,7.9,5.6,,7.292,7.3,6.3,5.9,NAO,NAO,B,MASCULINO,2017,REDE DECISAO,2006,-2.0,16,1.0
123,2023,5.0,7.0,-2,6.068333333,AGATA,5.0,5.7,9.4,0.0,5.0,6.875,6.8375,5.0,5.3,6.7,,,5A,MASCULINO,2017,PRIVADA PROGRAMA DE APADRINHAMENTO,2006,-2.0,17,1.0
123,2024,6.0,7.0,-1,6.887248015866668,AGATA,5.0,7.166666666666667,8.412698412666666,7.5,5.635,6.71875,6.43,6.5,5.5,9.5,,,6A,MASCULINO,2021,PRIVADA PROGRAMA DE APADRINHAMENTO,2006,-1.0,18,
124,2022,4.0,4.0,0,7.388,AMETISTA,10.0,6.7,7.8,7.9,5.0,,7.167,5.7,7.0,7.5,NAO,NAO,B,MASCULINO,2016,REDE DECISAO,2008,0.0,14,
125,2022,4.0,5.0,-1,7.619,AMETISTA,5.0,7.1,8.5,8.8,7.5,,7.75,5.0,7.2,9.2,SIM,NAO,B,FEMININO,2022,ESCOLA PUBLICA,2007,-1.0,15,1.0
125,2023,5.0,6.0,-1,6.989633333,AGATA,5.0,5.8,7.7,9.2,5.0,8.125,7.835,3.3,5.8,8.2,,,5A,FEMININO,2022,PRIVADA,2007,-1.0,16,1.0
125,2024,6.0,7.0,-1,6.627079761933334,AGATA,5.0,6.166666666666667,5.6428571430000005,8.334,7.51,7.34375,7.232,3.0,7.0,8.5,,,6A,FEMININO,2022,PRIVADA,2007,-1.0,17,
126,2022,4.0,5.0,-1,6.289,AGATA,5.0,4.4,5.8,7.1,7.5,,7.417,4.0,5.0,4.2,SIM,NAO,B,MASCULINO,2018,ESCOLA PUBLICA,2007,-1.0,15,
127,2022,4.0,4.0,0,8.283,TOPAZIO,10.0,7.9,8.7,7.5,7.5,,8.125,7.7,7.7,8.3,SIM,NAO,B,FEMININO,2022,ESCOLA PUBLICA,2008,0.0,14,0.0
127,2023,5.0,5.0,0,7.91935,AMETISTA,10.0,6.4,7.8,8.8,6.26,8.4375,8.6725,4.7,6.3,8.2,,,5B,FEMININO,2022,PUBLICA,2008,0.0,15,0.0
127,2024,5.0,5.0,0,8.5605939394,TOPAZIO,10.0,7.833333333333333,9.488636363666666,8.751,7.51,7.625,8.538,10.0,3.5,10.0,,,5A,FEMININO,2022,PRIVADA PROGRAMA DE APADRINHAMENTO,2008,0.0,16,
128,2022,4.0,5.0,-1,5.563,QUARTZO,5.0,5.6,6.2,0.0,7.5,,6.167,6.7,6.8,3.2,SIM,NAO,B,MASCULINO,2019,ESCOLA PUBLICA,2007,-1.0,15,1.0
128,2023,5.0,6.0,-1,6.503908333,AGATA,5.0,5.7,7.3,6.7,5.0,7.34375,7.5475,6.3,4.0,6.7,,,5A,MASCULINO,2019,PRIVADA,2007,-1.0,16,
129,2022,4.0,5.0,-1,6.926,AGATA,5.0,6.7,6.4,6.7,7.5,,7.792,6.0,5.3,8.7,SIM,NAO,B,MASCULINO,2019,ESCOLA PUBLICA,2007,-1.0,15,
130,2022,4.0,6.0,-2,5.624,QUARTZO,5.0,4.1,4.7,8.3,5.0,,6.5,3.7,5.2,3.5,NAO,NAO,F,FEMININO,2018,ESCOLA PUBLICA,2006,-2.0,16,
131,2022,4.0,5.0,-1,7.174,AMETISTA,5.0,5.6,9.0,8.8,5.6,,7.75,6.0,6.5,4.2,SIM,NAO,F,FEMININO,2016,ESCOLA PUBLICA,2007,-1.0,15,1.0
131,2023,5.0,6.0,-1,5.952358333,QUARTZO,5.0,2.2,7.8,8.3,5.0,7.65625,6.8,0.0,3.0,3.5,,,5F,FEMININO,2016,PUBLICA,2007,-1.0,16,1.0
131,2024,5.0,7.0,-2,7.263155555633333,AMETISTA,5.0,5.0,9.444444444666667,8.751,7.51,7.708333333,7.386666667,4.0,5.0,6.0,,,5F,FEMININO,2021,PUBLICA,2007,-2.0,17,
132,2022,4.0,4.0,0,8.355,TOPAZIO,10.0,7.7,8.8,10.0,5.6,,8.458,6.5,7.5,9.1,NAO,SIM,F,FEMININO,2019,REDE DECISAO,2008,0.0,14,0.0
132,2023,5.0,5.0,0,7.350625,AMETISTA,10.0,6.5,8.7,7.5,2.52,7.65625,7.715,6.3,6.5,6.7,,,5F,FEMININO,2019,PRIVADA PROGRAMA DE APADRINHAMENTO,2008,0.0,15,0.0
132,2024,6.0,6.0,0,8.4746321428,TOPAZIO,10.0,8.333333333333334,8.380952380666665,8.334,7.51,8.59375,8.44,7.0,8.0,10.0,,,6A,FEMININO,2021,PRIVADA PROGRAMA DE APADRINHAMENTO,2008,0.0,16,
133,2022,4.0,5.0,-1,6.875,AGATA,5.0,5.6,7.1,7.9,7.5,,7.625,4.7,7.2,5.0,NAO,NAO,F,FEMININO,2016,ESCOLA PUBLICA,2007,-1.0,15,1.0
133,2023,5.0,6.0,-1,6.168416667,AGATA,5.0,5.3,7.9,7.5,2.52,7.1875,6.505,5.0,4.3,6.7,,,5F,FEMININO,2016,PUBLICA,2007,-1.0,16,
134,2022,4.0,5.0,-1,6.607,AGATA,5.0,4.7,6.8,8.8,7.5,,7.375,4.7,6.8,2.5,SIM,NAO,F,FEMININO,2021,ESCOLA PUBLICA,2007,-1.0,15,
135,2022,4.0,5.0,-1,7.692,AMETISTA,5.0,8.6,7.8,8.3,5.6,,8.583,8.0,8.2,9.5,SIM,SIM,F,FEMININO,2019,ESCOLA PUBLICA,2007,-1.0,15,
136,2022,4.0,5.0,-1,6.478,AGATA,5.0,4.6,6.3,10.0,7.5,,6.667,5.3,5.7,2.8,NAO,NAO,F,MASCULINO,2019,ESCOLA PUBLICA,2007,-1.0,15,
137,2022,4.0,7.0,-3,7.056,AMETISTA,2.5,7.3,8.9,7.5,5.0,,7.792,6.0,7.3,8.5,NAO,NAO,F,FEMININO,2016,REDE DECISAO,2005,-3.0,17,1.0
137,2023,5.0,7.0,-2,5.937025,QUARTZO,5.0,6.0,6.3,7.1,2.52,6.40625,6.88,7.3,4.5,6.2,,,5F,FEMININO,2016,PRIVADA PROGRAMA DE APADRINHAMENTO,2005,-2.0,18,1.0
137,2024,5.0,7.0,-2,6.576761183366667,AGATA,5.0,6.833333333333333,7.582972583,9.585,5.005,4.791666667,6.276666667,2.0,8.5,10.0,,,5F,FEMININO,2021,CONCLUIU O 3O EM,2005,-2.0,19,
138,2022,4.0,5.0,-1,6.738,AGATA,5.0,5.6,8.0,9.6,5.6,,6.375,5.0,6.5,5.2,SIM,NAO,F,MASCULINO,2016,ESCOLA PUBLICA,2007,-1.0,15,1.0
138,2023,4.0,6.0,-2,6.784075,AGATA,5.0,4.3,7.9,10.0,6.26,7.34375,7.4175,4.0,3.7,5.2,,,4F,MASCULINO,2016,PUBLICA,2007,-2.0,16,1.0
138,2024,5.0,7.0,-2,7.3860274169,AMETISTA,5.0,5.833333333333333,8.751803751666666,9.585,7.51,7.708333333,7.443333333,7.5,5.0,5.0,,,5F,MASCULINO,2021,PUBLICA,2007,-2.0,17,
139,2022,4.0,7.0,-3,3.738,QUARTZO,2.5,1.4,3.5,7.1,5.0,,3.917,1.7,2.7,0.0,NAO,NAO,F,MASCULINO,2019,ESCOLA PUBLICA,2005,-3.0,17,
140,2022,4.0,4.0,0,7.407,AMETISTA,10.0,5.7,7.6,7.9,6.9,,7.667,5.0,6.5,5.6,SIM,NAO,F,FEMININO,2021,ESCOLA PUBLICA,2008,0.0,14,
141,2022,4.0,4.0,0,7.118,AMETISTA,10.0,5.7,8.2,9.2,5.6,,5.917,5.8,6.2,5.0,NAO,NAO,F,MASCULINO,2017,ESCOLA PUBLICA,2008,0.0,14,1.0
141,2023,4.0,5.0,-1,6.719791667,AGATA,5.0,4.5,8.4,9.6,5.63,7.03125,7.0425,6.0,5.3,2.3,,,4F,MASCULINO,2017,PUBLICA,2008,-1.0,15,
142,2022,4.0,4.0,0,7.457,AMETISTA,10.0,6.3,8.6,6.7,5.6,,7.583,6.0,6.8,6.0,NAO,NAO,F,FEMININO,2021,ESCOLA PUBLICA,2008,0.0,14,
143,2022,4.0,3.0,1,8.638,TOPAZIO,10.0,7.9,9.9,8.3,5.6,,9.5,9.7,7.7,6.4,NAO,SIM,F,MASCULINO,2019,REDE DECISAO,2009,1.0,13,0.0
143,2023,5.0,4.0,1,7.794358333,AMETISTA,10.0,6.5,9.6,8.3,2.52,8.28125,8.3375,9.2,5.0,5.2,,,5A,MASCULINO,2019,PRIVADA PROGRAMA DE APADRINHAMENTO,2009,1.0,14,0.0
143,2024,7.0,5.0,2,7.449366666666667,AMETISTA,10.0,2.6333333333333333,9.92,10.002,6.885,7.5,7.5,0.0,0.0,7.9,,,7E,MASCULINO,2021,PRIVADA PROGRAMA DE APADRINHAMENTO,2009,2.0,15,
144,2022,4.0,4.0,0,8.181,TOPAZIO,10.0,7.9,9.3,7.5,5.0,,8.292,7.5,7.2,9.0,NAO,NAO,F,FEMININO,2017,REDE DECISAO,2008,0.0,14,0.0
144,2023,5.0,4.0,1,4.990333333,QUARTZO,10.0,4.4,5.2,0.0,2.52,6.25,6.0,3.3,2.5,7.3,,,5F,FEMININO,2017,PRIVADA PROGRAMA DE APADRINHAMENTO,2008,1.0,15,
145,2022,4.0,6.0,-2,5.846,QUARTZO,5.0,5.2,6.3,0.0,8.1,,7.25,3.0,4.8,7.8,SIM,NAO,H,MASCULINO,2017,ESCOLA PUBLICA,2006,-2.0,16,1.0
145,2023,4.0,7.0,-3,,,2.5,6.2,9.0,7.9,,7.96875,7.4625,5.3,6.0,7.2,,,4H,MASCULINO,2017,PUBLICA,2006,-3.0,17,
146,2022,4.0,5.0,-1,7.947,AMETISTA,5.0,7.9,9.2,8.3,7.5,,8.208,6.3,7.3,10.0,SIM,NAO,H,FEMININO,2022,ESCOLA PUBLICA,2007,-1.0,15,1.0
146,2023,5.0,6.0,-1,7.584483333,AMETISTA,5.0,7.9,9.5,6.2,5.0,8.4375,8.2125,7.8,5.8,10.0,,,5C,FEMININO,2022,PUBLICA,2007,-1.0,16,1.0
146,2024,5.0,7.0,-2,8.134554885333333,TOPAZIO,5.0,9.333333333333334,9.514316093333333,8.751,5.635,7.65625,8.304,9.0,9.0,10.0,,,5D,FEMININO,2022,PUBLICA,2007,-2.0,17,
147,2022,4.0,4.0,0,7.541,AMETISTA,10.0,6.1,7.7,8.3,7.5,,7.25,5.8,4.8,7.7,NAO,NAO,H,FEMININO,2022,ESCOLA PUBLICA,2008,0.0,14,1.0
147,2023,4.0,5.0,-1,5.5425,QUARTZO,5.0,4.5,7.0,0.0,5.63,6.875,7.46,5.0,6.0,2.5,,,4F,FEMININO,2022,PUBLICA,2008,-1.0,15,1.0
147,2024,5.0,6.0,-1,7.400477922133334,AMETISTA,5.0,6.166666666666667,9.277056277,8.334,7.51,7.5,7.386666667,6.0,2.5,10.0,,,5F,FEMININO,2022,PUBLICA,2008,-1.0,16,
148,2022,4.0,4.0,0,7.894,AMETISTA,10.0,5.3,7.9,9.2,10.0,,7.708,4.7,6.3,5.0,SIM,NAO,H,MASCULINO,2022,ESCOLA PUBLICA,2008,0.0,14,
149,2022,4.0,5.0,-1,6.323,AGATA,5.0,5.0,6.5,9.2,7.5,,6.125,4.0,6.0,,NAO,NAO,H,FEMININO,2022,ESCOLA PUBLICA,2007,-1.0,15,1.0
149,2023,4.0,6.0,-2,5.622266667,QUARTZO,5.0,4.7,4.2,8.8,2.52,7.5,7.2925,5.7,3.5,5.0,,,4C,FEMININO,2022,PUBLICA,2007,-2.0,16,1.0
149,2024,5.0,7.0,-2,5.7316173854,QUARTZO,5.0,3.8333333333333335,4.104378593666667,9.585,6.26,7.34375,6.626,0.0,6.5,5.0,,,5D,FEMININO,2022,PUBLICA,2007,-2.0,17,
150,2022,4.0,6.0,-2,6.962,AGATA,5.0,6.9,6.3,9.6,6.9,,7.333,5.3,6.7,8.6,SIM,NAO,H,FEMININO,2020,ESCOLA PUBLICA,2006,-2.0,16,
151,2022,4.0,6.0,-2,7.563,AMETISTA,5.0,8.3,7.5,8.8,6.9,,7.958,7.3,8.0,9.5,SIM,NAO,H,FEMININO,2020,ESCOLA PUBLICA,2006,-2.0,16,1.0
151,2023,5.0,7.0,-2,6.892541667,AGATA,5.0,7.9,7.8,0.0,7.52,8.59375,8.1725,6.8,7.0,10.0,,,5C,FEMININO,2020,PUBLICA,2006,-2.0,17,
152,2022,4.0,6.0,-2,6.712,AGATA,5.0,6.5,7.0,8.3,7.5,,6.292,4.0,7.0,8.5,NAO,NAO,L,FEMININO,2022,ESCOLA PUBLICA,2006,-2.0,16,1.0
152,2023,4.0,6.0,-2,6.30695,AGATA,5.0,4.5,7.7,7.9,2.52,7.8125,7.71,4.0,5.0,4.5,,,4M,FEMININO,2022,PUBLICA,2006,-2.0,17,1.0
152,2024,5.0,7.0,-2,6.5837938596,AGATA,5.0,5.166666666666667,7.337719298333333,7.5,5.63,7.8125,7.443333333,0.0,7.5,8.0,,,5L,FEMININO,2022,PUBLICA,2006,-2.0,18,
153,2022,4.0,4.0,0,7.535,AMETISTA,10.0,6.6,8.2,7.9,5.0,,7.708,3.3,7.7,8.8,NAO,NAO,L,FEMININO,2018,REDE DECISAO,2008,0.0,14,0.0
153,2023,5.0,5.0,0,7.289966667,AMETISTA,10.0,6.4,7.4,9.2,2.52,8.125,7.71,6.0,5.3,8.0,,,5M,FEMININO,2018,PRIVADA PROGRAMA DE APADRINHAMENTO,2008,0.0,15,0.0
153,2024,7.0,5.0,2,4.78185,QUARTZO,10.0,0.0,0.0,8.751,6.5675,7.5,7.5,0.0,0.0,0.0,,,7E,FEMININO,2021,PRIVADA PROGRAMA DE APADRINHAMENTO,2008,2.0,16,
154,2022,4.0,5.0,-1,6.073,AGATA,5.0,4.0,6.1,8.3,6.3,,6.833,3.7,6.2,2.1,SIM,NAO,L,MASCULINO,2017,ESCOLA PUBLICA,2007,-1.0,15,
155,2022,4.0,6.0,-2,7.051,AMETISTA,5.0,5.2,8.3,10.0,7.5,,6.833,4.3,6.8,4.3,SIM,NAO,L,MASCULINO,2022,ESCOLA PUBLICA,2006,-2.0,16,1.0
155,2023,5.0,7.0,-2,6.318991667,AGATA,5.0,4.4,8.1,7.9,5.0,7.03125,6.5875,5.3,2.8,5.2,,,5L,MASCULINO,2022,PUBLICA,2006,-2.0,17,0.0
155,2024,8.0,8.0,0,,,10.0,,0.0,,,,,,,,,,8F,MASCULINO,2022,PRIVADA PARCERIAS COM BOLSA 100,2006,0.0,18,
156,2022,4.0,5.0,-1,7.357,AMETISTA,5.0,4.4,8.3,10.0,9.4,,7.792,4.7,6.5,2.1,SIM,NAO,L,MASCULINO,2018,ESCOLA PUBLICA,2007,-1.0,15,
157,2022,4.0,3.0,1,8.317,TOPAZIO,10.0,7.7,10.0,7.5,6.3,,8.292,7.0,7.5,8.7,NAO,NAO,L,FEMININO,2018,REDE DECISAO,2010,1.0,12,0.0
157,2023,5.0,3.0,2,7.879008333,AMETISTA,10.0,6.8,9.9,7.1,2.52,8.59375,8.63,6.0,6.8,7.5,,,5M,FEMININO,2018,PRIVADA PROGRAMA DE APADRINHAMENTO,2010,2.0,13,0.0
157,2024,5.0,4.0,1,8.950566666733334,TOPAZIO,10.0,9.666666666666666,10.0,8.334,6.26,8.125,8.726666667,10.0,9.0,10.0,,,5N,FEMININO,2021,PRIVADA PROGRAMA DE APADRINHAMENTO,2010,1.0,14,
158,2022,4.0,7.0,-3,7.302,AMETISTA,2.5,6.6,9.8,7.9,5.6,,8.125,5.0,6.7,8.1,NAO,NAO,L,FEMININO,2017,REDE DECISAO,2005,-3.0,17,0.0
158,2023,5.0,4.0,1,7.297425,AMETISTA,10.0,6.0,9.0,7.1,2.52,8.28125,7.545,6.0,5.7,6.3,,,5M,FEMININO,2017,PRIVADA PROGRAMA DE APADRINHAMENTO,2009,1.0,14,0.0
158,2024,5.0,5.0,0,6.855159259266667,AGATA,10.0,4.0,7.796296296333334,8.334,6.26,6.875,6.745,2.5,1.5,8.0,,,5M,FEMININO,2021,PRIVADA PROGRAMA DE APADRINHAMENTO,2009,0.0,15,
159,2022,4.0,5.0,-1,6.49,AGATA,5.0,4.7,8.1,8.3,5.6,,6.458,4.3,5.8,3.9,NAO,NAO,L,FEMININO,2021,ESCOLA PUBLICA,2007,-1.0,15,1.0
159,2023,4.0,6.0,-2,6.805033333,AGATA,5.0,6.3,8.1,7.9,2.52,8.125,7.8775,5.0,6.0,7.8,,,4N,FEMININO,2021,PUBLICA,2007,-2.0,16,
160,2022,4.0,5.0,-1,6.746,AGATA,5.0,5.3,7.2,7.5,5.6,,8.25,2.7,6.0,7.1,SIM,NAO,L,FEMININO,2021,ESCOLA PUBLICA,2007,-1.0,15,1.0
160,2023,5.0,6.0,-1,6.598266667,AGATA,5.0,5.0,8.3,8.8,2.52,8.125,7.46,3.3,3.8,8.0,,,5L,FEMININO,2021,PRIVADA PROGRAMA DE APADRINHAMENTO,2007,-1.0,16,1.0
160,2024,5.0,6.0,-1,6.855108333266668,AGATA,5.0,5.666666666666667,7.416666666666667,8.334,6.26,7.34375,7.723333333,3.0,5.5,8.5,,,5L,FEMININO,2021,PRIVADA PROGRAMA DE APADRINHAMENTO,2007,-1.0,17,
161,2022,4.0,2.0,2,7.957,AMETISTA,10.0,6.9,9.1,7.9,5.6,,8.083,5.3,6.8,8.5,NAO,NAO,L,FEMININO,2018,REDE DECISAO,2011,2.0,11,0.0
161,2023,5.0,4.0,1,6.250166667,AGATA,10.0,5.8,7.3,0.0,2.52,8.125,7.795,7.0,4.5,6.0,,,5M,FEMININO,2018,PRIVADA PROGRAMA DE APADRINHAMENTO,2009,1.0,14,0.0
161,2024,5.0,5.0,0,7.258445588333334,AMETISTA,10.0,4.0,7.965686274666666,8.751,6.26,7.96875,7.836666667,5.0,7.0,0.0,,,5L,FEMININO,2021,PRIVADA PROGRAMA DE APADRINHAMENTO,2009,0.0,15,
162,2022,4.0,4.0,0,7.215,AMETISTA,10.0,5.5,8.5,6.7,7.5,,6.542,4.7,5.5,6.4,NAO,NAO,L,FEMININO,2021,ESCOLA PUBLICA,2008,0.0,14,
163,2022,4.0,5.0,-1,6.797,AGATA,5.0,6.7,7.9,8.8,5.6,,6.5,6.5,6.3,7.4,NAO,NAO,L,FEMININO,2021,ESCOLA PUBLICA,2007,-1.0,15,
164,2022,4.0,6.0,-2,6.776,AGATA,5.0,6.5,7.3,8.3,5.6,,7.208,4.7,6.5,8.3,SIM,NAO,L,MASCULINO,2018,ESCOLA PUBLICA,2006,-2.0,16,1.0
164,2023,5.0,6.0,-1,5.638666667,QUARTZO,5.0,5.8,8.2,0.0,2.52,6.875,6.9625,6.0,4.2,7.3,,,5M,MASCULINO,2018,PRIVADA,2006,-1.0,17,1.0
164,2024,5.0,7.0,-2,6.837125731066667,AGATA,5.0,5.666666666666667,8.084795321666666,9.585,6.26,6.25,6.886666667,6.0,2.0,9.0,,,5L,MASCULINO,2021,PRIVADA,2006,-2.0,18,
165,2022,4.0,4.0,0,8.063,TOPAZIO,10.0,7.6,9.8,7.1,5.6,,7.5,5.3,7.8,9.7,NAO,NAO,L,FEMININO,2017,REDE DECISAO,2008,0.0,14,0.0
165,2023,5.0,5.0,0,7.583433333,AMETISTA,10.0,7.3,9.2,6.7,2.52,8.125,7.795,7.3,6.2,8.3,,,5M,FEMININO,2017,PRIVADA PROGRAMA DE APADRINHAMENTO,2008,0.0,15,0.0
165,2024,5.0,5.0,0,8.4627502436,TOPAZIO,10.0,8.5,9.431042884999998,7.5,7.51,7.96875,7.893333333,10.0,7.5,8.0,,,5L,FEMININO,2021,PRIVADA PROGRAMA DE APADRINHAMENTO,2008,0.0,16,
166,2022,4.0,4.0,0,8.253,TOPAZIO,10.0,8.1,9.0,9.2,6.3,,7.542,7.0,7.2,10.0,SIM,NAO,L,MASCULINO,2020,ESCOLA PUBLICA,2008,0.0,14,0.0
166,2023,5.0,5.0,0,8.105583333,TOPAZIO,10.0,8.1,8.9,7.5,6.26,8.4375,7.4625,7.0,7.2,10.0,,,5L,MASCULINO,2020,PRIVADA PROGRAMA DE APADRINHAMENTO,2008,0.0,15,0.0
166,2024,7.0,6.0,1,8.243183333333334,TOPAZIO,10.0,8.266666666666667,9.246,8.334,6.5725,7.5,7.5,8.2,7.8,8.8,,,7E,MASCULINO,2021,PRIVADA PARCERIAS COM BOLSA 100,2008,1.0,16,
167,2022,4.0,6.0,-2,7.798,AMETISTA,5.0,7.9,9.7,9.2,5.6,,7.833,9.3,8.0,6.3,NAO,NAO,P,FEMININO,2018,REDE DECISAO,2006,-2.0,16,1.0
167,2023,5.0,7.0,-2,7.806141667,AMETISTA,5.0,7.9,9.9,8.8,5.0,7.96875,7.8375,8.3,7.2,8.3,,,5L,FEMININO,2018,PRIVADA PROGRAMA DE APADRINHAMENTO,2006,-2.0,17,1.0
167,2024,6.0,7.0,-1,8.033470175466666,TOPAZIO,5.0,8.166666666666666,9.473684210666667,8.751,6.26,8.375,8.334,8.0,6.5,10.0,,,6L,FEMININO,2021,PRIVADA PROGRAMA DE APADRINHAMENTO,2006,-1.0,18,
168,2022,4.0,5.0,-1,6.917,AGATA,5.0,5.9,8.3,7.9,6.3,,7.083,4.7,8.2,5.0,NAO,NAO,P,FEMININO,2018,REDE DECISAO,2007,-1.0,15,0.0
168,2023,5.0,5.0,0,6.483083333,AGATA,10.0,4.7,9.6,0.0,6.89,6.5625,6.4225,4.3,3.0,6.7,,,5L,FEMININO,2018,PRIVADA PROGRAMA DE APADRINHAMENTO,2007,0.0,16,
169,2022,4.0,5.0,-1,5.159,QUARTZO,5.0,3.2,5.1,7.5,6.3,,4.792,1.3,4.5,3.8,NAO,NAO,P,FEMININO,2018,ESCOLA PUBLICA,2007,-1.0,15,
170,2022,4.0,4.0,0,7.007,AGATA,10.0,4.9,9.2,8.3,5.6,,5.792,3.7,6.7,4.3,NAO,NAO,P,FEMININO,2018,REDE DECISAO,2008,0.0,14,1.0
170,2023,3.0,5.0,-2,7.062433333,AMETISTA,5.0,7.2,8.9,8.8,2.52,6.875,7.6725,6.3,8.7,6.5,,,3P,FEMININO,2018,PRIVADA PROGRAMA DE APADRINHAMENTO,2008,-2.0,15,1.0
170,2024,4.0,5.0,-1,7.646383333300001,AMETISTA,5.0,8.0,8.5,9.168,5.635,7.604166667,8.028333333,10.0,6.5,7.5,,,4R,FEMININO,2021,PRIVADA PROGRAMA DE APADRINHAMENTO,2008,-1.0,16,
171,2022,4.0,6.0,-2,6.581,AGATA,5.0,5.5,6.8,7.5,7.5,,6.875,3.0,8.0,,NAO,NAO,P,MASCULINO,2022,ESCOLA PUBLICA,2006,-2.0,16,1.0
171,2023,5.0,7.0,-2,6.293083333,AGATA,5.0,5.2,7.2,7.5,5.0,7.1875,6.755,4.5,4.8,6.2,,,5L,MASCULINO,2022,PUBLICA,2006,-2.0,17,1.0
171,2024,6.0,7.0,-1,7.3289333333333335,AMETISTA,5.0,8.333333333333334,7.833333333333333,7.5,5.635,7.625,7.598,7.0,8.0,10.0,,,6L,MASCULINO,2022,PUBLICA,2006,-1.0,18,
172,2022,4.0,4.0,0,8.673,TOPAZIO,10.0,7.3,8.9,9.2,9.4,,8.917,6.0,7.7,8.1,NAO,SIM,P,FEMININO,2018,REDE DECISAO,2008,0.0,14,0.0
172,2023,7.0,5.0,2,,,10.0,,,0.0,3.77,,,,,,,,7E,FEMININO,2018,PRIVADA PROGRAMA DE APADRINHAMENTO,2008,2.0,15,0.0
172,2024,7.0,6.0,1,8.128766666666667,TOPAZIO,10.0,6.933333333333334,9.8,8.751,6.57,7.5,7.5,6.7,7.7,6.4,,,7E,FEMININO,2021,PRIVADA PROGRAMA DE APADRINHAMENTO,2008,1.0,16,
173,2022,4.0,7.0,-3,7.816,AMETISTA,2.5,7.9,9.2,8.3,6.9,,9.25,9.0,7.5,7.1,NAO,SIM,P,MASCULINO,2019,REDE DECISAO,2005,-3.0,17,1.0
173,2023,5.0,7.0,-2,7.757466667,AMETISTA,5.0,8.1,8.5,9.2,6.26,8.125,7.8775,9.0,6.2,9.2,,,5L,MASCULINO,2019,PRIVADA PROGRAMA DE APADRINHAMENTO,2005,-2.0,18,0.0
173,2024,8.0,8.0,0,,,10.0,,0.0,,,,,,,,,,8F,MASCULINO,2021,PRIVADA PARCERIAS COM BOLSA 100,2005,0.0,19,
174,2022,4.0,5.0,-1,6.075,AGATA,5.0,4.4,6.2,7.9,7.5,,6.042,4.0,5.3,3.8,NAO,NAO,P,FEMININO,2019,ESCOLA PUBLICA,2007,-1.0,15,1.0
174,2023,4.0,6.0,-2,6.1242,AGATA,5.0,5.1,5.6,7.9,5.0,7.5,7.2125,3.7,7.3,4.3,,,4L,FEMININO,2019,PUBLICA,2007,-2.0,16,
175,2022,4.0,5.0,-1,6.75,AGATA,5.0,5.9,9.2,8.3,5.6,,5.833,4.7,7.2,5.9,NAO,NAO,P,FEMININO,2018,REDE DECISAO,2007,-1.0,15,1.0
175,2023,5.0,6.0,-1,6.569516667,AGATA,5.0,4.8,9.2,8.8,2.52,7.1875,7.085,5.0,5.0,4.5,,,5L,FEMININO,2018,PRIVADA PROGRAMA DE APADRINHAMENTO,2007,-1.0,16,1.0
175,2024,6.0,7.0,-1,8.024136842133334,TOPAZIO,5.0,8.5,9.473684210666667,10.002,6.26,7.5,7.766,9.5,6.5,9.5,,,6L,FEMININO,2021,PRIVADA PROGRAMA DE APADRINHAMENTO,2007,-1.0,17,
176,2022,3.0,3.0,0,8.427,TOPAZIO,10.0,6.9,9.1,9.6,5.6,,9.083,5.1,6.8,8.7,NAO,SIM,A,FEMININO,2018,REDE DECISAO,2009,0.0,13,0.0
176,2023,4.0,4.0,0,8.316833333,TOPAZIO,10.0,8.0,9.5,9.6,2.52,8.125,9.0025,7.3,7.3,9.3,,,4A,FEMININO,2018,PRIVADA PROGRAMA DE APADRINHAMENTO,2009,0.0,14,0.0
176,2024,5.0,4.0,1,8.828632575733334,TOPAZIO,10.0,8.833333333333334,9.545454545333333,9.585,6.26,8.59375,8.545,9.0,8.0,9.5,,,5C,FEMININO,2021,PRIVADA PROGRAMA DE APADRINHAMENTO,2009,1.0,15,
177,2022,3.0,3.0,0,7.424,AMETISTA,10.0,6.8,8.8,7.9,4.4,,6.958,6.0,7.5,,NAO,NAO,A,FEMININO,2022,ESCOLA PUBLICA,2009,0.0,13,
178,2022,3.0,3.0,0,7.025,AGATA,10.0,6.3,8.8,0.0,4.4,,8.458,6.2,5.3,7.3,NAO,SIM,A,FEMININO,2016,REDE DECISAO,2009,0.0,13,0.0
178,2023,4.0,4.0,0,7.406658333,AMETISTA,10.0,5.9,8.7,7.9,2.52,7.65625,8.42,6.3,5.8,5.5,,,4A,FEMININO,2016,PRIVADA PROGRAMA DE APADRINHAMENTO,2009,0.0,14,0.0
178,2024,5.0,5.0,0,7.234168831200001,AMETISTA,10.0,4.166666666666667,8.739177489333334,9.585,6.26,7.625,6.53,2.5,2.5,7.5,,,5A,FEMININO,2021,PRIVADA PROGRAMA DE APADRINHAMENTO,2008,0.0,16,
179,2022,3.0,3.0,0,7.993,AMETISTA,10.0,6.1,9.2,7.5,7.5,,8.042,3.7,6.7,8.0,SIM,NAO,A,MASCULINO,2022,ESCOLA PUBLICA,2010,0.0,12,0.0
179,2023,3.0,3.0,0,8.437641667,TOPAZIO,10.0,6.4,9.4,8.8,7.52,8.59375,8.9225,8.7,6.3,4.3,,,3A,MASCULINO,2022,PUBLICA,2010,0.0,13,0.0
179,2024,4.0,3.0,1,8.932712280733334,TOPAZIO,10.0,8.166666666666666,9.407894737,9.168,9.38,8.75,8.44,7.0,8.0,9.5,,,4A,MASCULINO,2022,PRIVADA,2010,1.0,14,
180,2022,3.0,3.0,0,8.442,TOPAZIO,10.0,8.1,8.3,9.2,6.3,,8.625,7.7,8.3,8.3,NAO,SIM,A,MASCULINO,2018,REDE DECISAO,2010,0.0,12,0.0
180,2023,4.0,3.0,1,8.283216667,TOPAZIO,10.0,8.0,9.4,9.2,2.52,8.4375,8.92,8.3,7.3,8.5,,,4A,MASCULINO,2018,PRIVADA PROGRAMA DE APADRINHAMENTO,2010,1.0,13,0.0
180,2024,5.0,3.0,2,8.801463636333335,TOPAZIO,10.0,8.5,9.431818181666666,9.168,7.51,8.125,8.674,9.0,8.5,8.0,,,5A,MASCULINO,2021,PRIVADA PROGRAMA DE APADRINHAMENTO,2010,2.0,14,
181,2022,3.0,3.0,0,8.623,TOPAZIO,10.0,6.8,9.5,9.2,8.8,,8.458,6.8,7.3,6.2,NAO,SIM,A,FEMININO,2019,REDE DECISAO,2009,0.0,13,0.0
181,2023,4.0,4.0,0,7.671208333,AMETISTA,10.0,6.8,8.3,9.6,2.52,7.96875,8.2525,8.3,6.5,5.5,,,4A,FEMININO,2019,PRIVADA PROGRAMA DE APADRINHAMENTO,2009,0.0,14,0.0
181,2024,5.0,5.0,0,7.439841414133334,AMETISTA,10.0,4.333333333333333,8.737373737333334,7.5,6.26,7.625,8.436,0.0,7.5,5.5,,,5A,FEMININO,2021,PRIVADA PROGRAMA DE APADRINHAMENTO,2009,0.0,15,
182,2022,3.0,6.0,-3,6.328,AGATA,2.5,4.1,8.0,7.5,7.5,,6.958,1.3,5.7,5.4,NAO,NAO,A,FEMININO,2021,ESCOLA PUBLICA,2006,-3.0,16,
183,2022,3.0,3.0,0,7.3,AMETISTA,10.0,3.8,8.8,8.3,7.5,,7.25,0.0,7.5,,NAO,NAO,A,FEMININO,2022,ESCOLA PUBLICA,2009,0.0,13,1.0
183,2023,3.0,4.0,-1,7.586241667,AMETISTA,5.0,7.7,9.7,7.9,2.52,7.96875,8.795,7.0,8.0,8.2,,,3D,FEMININO,2022,PUBLICA,2009,-1.0,14,0.0
183,2024,4.0,4.0,0,8.266902371533334,TOPAZIO,10.0,7.5,9.249011857666666,7.917,6.26,8.25,8.372,5.0,7.5,10.0,,,4A,FEMININO,2022,PUBLICA,2009,0.0,15,
184,2022,3.0,6.0,-3,7.28,AMETISTA,2.5,7.2,7.7,8.8,7.5,,8.0,5.0,7.3,9.3,SIM,NAO,A,MASCULINO,2019,ESCOLA PUBLICA,2006,-3.0,16,0.0
184,2023,4.0,3.0,1,8.430241667,TOPAZIO,10.0,7.1,9.5,7.9,7.52,8.59375,8.5025,7.3,6.3,7.8,,,4B,MASCULINO,2019,PUBLICA,2010,1.0,13,0.0
184,2024,5.0,4.0,1,8.471456704266666,TOPAZIO,10.0,8.166666666666666,8.696741854666667,8.751,6.26,7.96875,9.004,9.5,5.0,10.0,,,5D,MASCULINO,2021,PRIVADA PROGRAMA DE APADRINHAMENTO,2010,1.0,14,
185,2022,3.0,5.0,-2,6.615,AGATA,5.0,4.5,7.7,7.9,7.5,,6.875,3.3,5.7,4.5,NAO,NAO,A,MASCULINO,2021,ESCOLA PUBLICA,2007,-2.0,15,
186,2022,3.0,3.0,0,7.832,AMETISTA,10.0,6.6,8.5,8.3,7.5,,7.5,6.0,5.7,8.0,SIM,NAO,A,FEMININO,2019,ESCOLA PUBLICA,2009,0.0,13,0.0
186,2023,4.0,4.0,0,7.817541667,AMETISTA,10.0,6.9,9.7,7.5,2.52,7.96875,8.46,6.8,7.0,7.0,,,4A,FEMININO,2019,PRIVADA,2009,0.0,14,0.0
186,2024,5.0,4.0,1,8.325963636333334,TOPAZIO,10.0,7.166666666666667,9.640151515,7.917,6.26,8.125,8.672,6.0,7.0,8.5,,,5B,FEMININO,2021,PRIVADA,2009,1.0,15,
187,2022,3.0,3.0,0,7.928,AMETISTA,10.0,5.8,8.9,8.8,7.5,,7.917,5.3,7.2,4.8,NAO,NAO,A,FEMININO,2019,REDE DECISAO,2010,0.0,12,0.0
187,2023,3.0,3.0,0,7.809875,AMETISTA,10.0,6.9,9.9,7.5,2.52,7.96875,8.255,7.3,8.7,4.7,,,3D,FEMININO,2019,PRIVADA PROGRAMA DE APADRINHAMENTO,2010,0.0,13,0.0
187,2024,4.0,4.0,0,8.568424074066666,TOPAZIO,10.0,7.833333333333333,9.537037037,8.751,5.635,8.4375,9.06,7.5,7.0,9.0,,,4C,FEMININO,2021,PRIVADA PROGRAMA DE APADRINHAMENTO,2010,0.0,14,
188,2022,3.0,4.0,-1,5.307,QUARTZO,5.0,2.7,6.1,0.0,7.5,,7.583,3.0,3.2,2.0,SIM,NAO,A,MASCULINO,2021,ESCOLA PUBLICA,2008,-1.0,14,
189,2022,3.0,4.0,-1,7.629,AMETISTA,5.0,7.2,9.7,10.0,5.0,,7.333,6.3,7.2,8.0,NAO,NAO,A,MASCULINO,2018,REDE DECISAO,2008,-1.0,14,0.0
189,2023,4.0,4.0,0,7.727325,AMETISTA,10.0,6.5,9.4,7.9,2.52,8.28125,8.3775,6.3,6.5,6.7,,,4A,MASCULINO,2018,PRIVADA PROGRAMA DE APADRINHAMENTO,2008,0.0,15,0.0
189,2024,5.0,5.0,0,8.586533333333334,TOPAZIO,10.0,8.166666666666666,10.0,10.002,6.255,6.875,8.2,7.0,7.5,10.0,,,5A,MASCULINO,2021,PRIVADA PROGRAMA DE APADRINHAMENTO,2008,0.0,16,
190,2022,3.0,3.0,0,7.335,AMETISTA,10.0,6.3,6.9,6.7,8.8,,7.25,5.0,7.5,,NAO,NAO,A,FEMININO,2022,ESCOLA PUBLICA,2009,0.0,13,1.0
190,2023,3.0,4.0,-1,6.934158333,AGATA,5.0,5.7,9.5,7.9,2.52,7.65625,7.9575,5.8,5.2,6.0,,,3D,FEMININO,2022,PUBLICA,2009,-1.0,14,
191,2022,3.0,3.0,0,8.74,TOPAZIO,10.0,7.2,9.4,10.0,8.8,,8.5,8.0,7.2,6.3,NAO,SIM,A,MASCULINO,2019,REDE DECISAO,2009,0.0,13,0.0
191,2023,4.0,4.0,0,7.263666667,AMETISTA,10.0,7.8,9.7,0.0,2.52,8.125,8.4625,8.7,7.0,7.8,,,4A,MASCULINO,2019,PRIVADA PROGRAMA DE APADRINHAMENTO,2009,0.0,14,0.0
191,2024,7.0,5.0,2,7.7887,AMETISTA,10.0,6.3999999999999995,9.571,7.5,5.945,7.5,7.5,6.0,6.9,6.3,,,7E,MASCULINO,2021,PRIVADA PARCERIAS COM BOLSA 100,2009,2.0,15,
192,2022,3.0,5.0,-2,4.932,QUARTZO,5.0,2.7,3.6,8.8,7.5,,4.708,1.7,4.7,1.7,NAO,NAO,B,MASCULINO,2021,ESCOLA PUBLICA,2007,-2.0,15,1.0
192,2023,4.0,6.0,-2,6.616016667,AGATA,5.0,6.5,6.2,8.8,5.0,7.1875,7.3775,6.0,5.8,7.8,,,4B,MASCULINO,2021,PRIVADA,2007,-2.0,16,1.0
192,2024,5.0,7.0,-2,6.882960606066668,AGATA,5.0,7.166666666666667,6.363636363666667,8.334,7.51,7.125,6.9,4.0,7.5,10.0,,,5B,MASCULINO,2021,PRIVADA,2007,-2.0,17,
193,2022,3.0,3.0,0,8.155,TOPAZIO,10.0,6.7,8.9,9.2,5.6,,8.5,5.0,6.3,8.7,NAO,SIM,B,MASCULINO,2016,REDE DECISAO,2010,0.0,12,0.0
193,2023,4.0,3.0,1,7.718566667,AMETISTA,10.0,6.5,9.4,8.3,2.52,8.125,8.17,6.0,6.3,7.3,,,4A,MASCULINO,2016,PRIVADA PROGRAMA DE APADRINHAMENTO,2010,1.0,13,0.0
193,2024,5.0,4.0,1,8.465046969666668,TOPAZIO,10.0,7.0,9.848484848333333,8.751,6.26,8.4375,8.7525,6.5,4.5,10.0,,,5C,MASCULINO,2021,PRIVADA PROGRAMA DE APADRINHAMENTO,2010,1.0,14,
194,2022,3.0,4.0,-1,4.265,QUARTZO,5.0,3.2,6.2,0.0,5.0,,3.75,3.7,5.8,0.0,NAO,NAO,B,FEMININO,2022,ESCOLA PUBLICA,2008,-1.0,14,
195,2022,3.0,3.0,0,8.017,AMETISTA,10.0,6.3,9.2,8.8,5.0,,8.25,6.8,6.3,5.8,NAO,NAO,B,FEMININO,2017,REDE DECISAO,2009,0.0,13,0.0
195,2023,4.0,4.0,0,7.60205,AMETISTA,10.0,6.0,9.2,7.1,2.52,8.4375,8.79,6.3,6.2,5.5,,,4A,FEMININO,2017,PRIVADA PROGRAMA DE APADRINHAMENTO,2009,0.0,14,0.0
195,2024,5.0,4.0,1,8.4690496032,TOPAZIO,10.0,7.833333333333333,9.682539682666667,7.5,6.26,7.96875,8.965,9.0,6.5,8.0,,,5C,FEMININO,2021,PRIVADA PROGRAMA DE APADRINHAMENTO,2009,1.0,15,
196,2022,3.0,3.0,0,8.124,TOPAZIO,10.0,5.1,9.1,9.2,7.5,,8.625,4.0,6.0,5.3,NAO,SIM,B,MASCULINO,2018,REDE DECISAO,2010,0.0,12,0.0
196,2023,4.0,3.0,1,7.560991667,AMETISTA,10.0,6.2,9.0,7.9,2.52,8.28125,8.2125,7.0,6.0,5.7,,,4A,MASCULINO,2018,PRIVADA PROGRAMA DE APADRINHAMENTO,2010,1.0,13,0.0
196,2024,5.0,4.0,1,8.823550937933334,TOPAZIO,10.0,8.0,9.689754689666666,8.751,7.51,8.75,8.9225,8.0,7.0,9.0,,,5C,MASCULINO,2021,PRIVADA PROGRAMA DE APADRINHAMENTO,2010,1.0,14,
197,2022,3.0,3.0,0,8.218,TOPAZIO,10.0,7.3,9.7,8.8,4.4,,8.292,6.0,7.5,8.3,NAO,NAO,B,FEMININO,2021,REDE DECISAO,2009,0.0,13,0.0
197,2023,4.0,3.0,1,7.967608333,AMETISTA,10.0,7.2,9.8,8.3,2.52,7.96875,8.46,7.0,7.3,7.2,,,4A,FEMININO,2021,PRIVADA PROGRAMA DE APADRINHAMENTO,2009,1.0,14,0.0
197,2024,5.0,5.0,0,8.568238636333334,TOPAZIO,10.0,8.333333333333334,9.848484848333333,7.5,6.26,7.96875,8.795,7.0,8.0,10.0,,,5C,FEMININO,2021,PRIVADA PROGRAMA DE APADRINHAMENTO,2009,0.0,15,
198,2022,3.0,3.0,0,5.554,QUARTZO,10.0,4.6,6.2,0.0,5.0,,5.958,5.2,5.8,2.8,NAO,NAO,B,MASCULINO,2017,ESCOLA PUBLICA,2009,0.0,13,
199,2022,3.0,3.0,0,7.564,AMETISTA,10.0,7.5,7.1,8.3,7.5,,6.458,5.7,7.8,9.0,NAO,NAO,B,MASCULINO,2022,ESCOLA PUBLICA,2009,0.0,13,1.0
199,2023,3.0,4.0,-1,7.892341667,AMETISTA,5.0,8.5,7.6,9.2,7.51,7.96875,8.505,8.2,8.2,9.2,,,3A,MASCULINO,2022,PRIVADA,2009,-1.0,14,1.0
199,2024,4.0,5.0,-1,7.419398245666667,AMETISTA,5.0,7.166666666666667,7.554824561666667,8.334,6.88,8.125,8.206,5.0,9.0,7.5,,,4A,MASCULINO,2022,PRIVADA,2009,-1.0,15,
200,2022,3.0,5.0,-2,5.705,QUARTZO,5.0,5.5,5.6,7.9,4.4,,4.917,4.7,5.0,6.8,NAO,NAO,B,MASCULINO,2018,ESCOLA JP II,2007,-2.0,15,1.0
200,2023,4.0,6.0,-2,5.661166667,QUARTZO,5.0,4.3,4.5,9.6,2.52,7.5,7.17,4.3,4.2,4.5,,,4B,MASCULINO,2018,PRIVADA PROGRAMA DE APADRINHAMENTO,2007,-2.0,16,
201,2022,3.0,5.0,-2,7.078,AMETISTA,5.0,6.5,7.3,7.9,7.5,,7.542,6.0,7.2,6.3,NAO,NAO,B,FEMININO,2021,ESCOLA PUBLICA,2007,-2.0,15,
202,2022,3.0,4.0,-1,5.201,QUARTZO,5.0,5.4,5.2,0.0,4.4,,6.917,6.3,5.8,4.2,SIM,NAO,B,FEMININO,2017,ESCOLA PUBLICA,2008,-1.0,14,1.0
202,2023,4.0,5.0,-1,6.791641667,AGATA,5.0,5.9,7.9,8.8,2.52,7.96875,8.005,6.3,4.8,6.7,,,4C,FEMININO,2017,PUBLICA,2008,-1.0,15,1.0
202,2024,5.0,6.0,-1,7.3512154762,AMETISTA,5.0,7.5,7.880952381,8.334,6.26,7.65625,7.75,8.5,6.0,8.0,,,5C,FEMININO,2021,PUBLICA,2008,-1.0,16,
203,2022,3.0,4.0,-1,5.669,QUARTZO,5.0,2.8,4.3,8.8,7.5,,6.875,2.3,3.5,2.5,NAO,NAO,B,FEMININO,2021,ESCOLA PUBLICA,2008,-1.0,14,
204,2022,3.0,3.0,0,6.943,AGATA,10.0,7.4,6.7,7.9,4.4,,5.708,5.3,8.5,8.5,NAO,NAO,B,FEMININO,2019,ESCOLA PUBLICA,2009,0.0,13,0.0
204,2023,4.0,4.0,0,7.557558333,AMETISTA,10.0,7.1,7.9,8.8,2.52,8.28125,8.045,4.7,8.0,8.5,,,4B,FEMININO,2019,PUBLICA,2009,0.0,14,0.0
204,2024,4.0,4.0,0,7.838218894866668,AMETISTA,10.0,7.5,6.827094474333333,9.168,6.26,7.125,8.5875,5.0,7.5,10.0,,,4B,FEMININO,2021,PUBLICA,2009,0.0,15,
205,2022,3.0,4.0,-1,5.372,QUARTZO,5.0,4.1,3.8,9.6,7.5,,4.833,5.7,1.7,5.0,NAO,NAO,B,MASCULINO,2020,ESCOLA PUBLICA,2008,-1.0,14,1.0
205,2023,4.0,5.0,-1,6.857625,AGATA,5.0,6.6,7.6,9.6,4.38,7.03125,7.09,7.0,5.5,7.3,,,4C,MASCULINO,2020,PUBLICA,2008,-1.0,15,
206,2022,3.0,3.0,0,7.101,AMETISTA,10.0,5.0,8.8,8.3,7.5,,5.167,4.0,6.0,,NAO,NAO,B,FEMININO,2022,ESCOLA PUBLICA,2010,0.0,12,
207,2022,3.0,6.0,-3,4.936,QUARTZO,2.5,5.8,4.8,0.0,7.5,,5.708,5.3,4.0,8.0,NAO,NAO,C,MASCULINO,2021,ESCOLA PUBLICA,2006,-3.0,16,
208,2022,3.0,4.0,-1,6.667,AGATA,5.0,6.1,7.1,7.5,7.5,,6.417,5.0,7.5,5.8,NAO,NAO,C,MASCULINO,2018,ESCOLA PUBLICA,2008,-1.0,14,
209,2022,3.0,4.0,-1,4.499,QUARTZO,5.0,6.0,4.8,0.0,5.6,,3.75,5.0,5.2,7.8,NAO,NAO,C,MASCULINO,2019,ESCOLA PUBLICA,2008,-1.0,14,
210,2022,3.0,4.0,-1,4.44,QUARTZO,5.0,3.4,5.1,0.0,7.5,,4.417,2.7,5.3,2.3,NAO,NAO,C,MASCULINO,2022,ESCOLA PUBLICA,2008,-1.0,14,
211,2022,3.0,3.0,0,8.465,TOPAZIO,10.0,7.6,8.8,9.2,7.5,,8.458,6.7,7.5,8.5,SIM,SIM,C,MASCULINO,2021,ESCOLA PUBLICA,2009,0.0,13,0.0
211,2023,4.0,4.0,0,8.024791667,TOPAZIO,10.0,7.1,9.4,9.6,2.52,7.65625,8.71,7.7,8.0,5.7,,,4A,MASCULINO,2021,PRIVADA PROGRAMA DE APADRINHAMENTO,2009,0.0,14,0.0
211,2024,5.0,5.0,0,8.283601875933334,TOPAZIO,10.0,7.0,9.379509379666667,9.585,7.51,7.25,7.866,5.5,6.5,9.0,,,5A,MASCULINO,2021,PRIVADA PROGRAMA DE APADRINHAMENTO,2009,0.0,15,
212,2022,3.0,4.0,-1,7.268,AMETISTA,5.0,6.2,8.4,9.6,7.5,,6.958,4.8,5.8,7.8,NAO,NAO,C,MASCULINO,2022,ESCOLA PUBLICA,2008,-1.0,14,
213,2022,3.0,3.0,0,7.209,AMETISTA,10.0,3.5,8.7,9.6,7.5,,6.833,5.0,2.0,,NAO,NAO,C,MASCULINO,2022,ESCOLA PUBLICA,2009,0.0,13,
214,2022,3.0,5.0,-2,4.87,QUARTZO,5.0,4.3,6.1,0.0,7.5,,5.125,5.0,3.5,,NAO,NAO,C,MASCULINO,2022,ESCOLA PUBLICA,2007,-2.0,15,
215,2022,3.0,3.0,0,7.172,AMETISTA,10.0,7.8,5.8,6.7,7.5,,6.542,5.7,7.7,10.0,NAO,NAO,D,FEMININO,2021,ESCOLA PUBLICA,2009,0.0,13,0.0
215,2023,4.0,4.0,0,7.166475,AMETISTA,10.0,6.9,6.6,8.8,2.52,7.96875,7.7125,5.7,6.7,8.3,,,4C,FEMININO,2021,PUBLICA,2009,0.0,14,0.0
215,2024,5.0,5.0,0,7.045258874400002,AMETISTA,10.0,5.666666666666667,6.455627705333334,7.084,6.26,8.0,7.432,5.0,2.0,10.0,,,5B,FEMININO,2021,PUBLICA,2009,0.0,15,
216,2022,3.0,3.0,0,7.502,AMETISTA,10.0,7.0,8.5,7.9,7.5,,5.583,5.3,6.5,9.2,NAO,NAO,D,FEMININO,2018,ESCOLA PUBLICA,2009,0.0,13,
217,2022,3.0,5.0,-2,7.397,AMETISTA,5.0,7.1,8.5,7.9,7.5,,7.292,6.3,7.2,7.7,SIM,NAO,D,FEMININO,2021,ESCOLA PUBLICA,2007,-2.0,15,1.0
217,2023,4.0,5.0,-1,6.96965,AGATA,5.0,5.6,8.6,8.3,2.52,8.4375,8.5025,6.7,5.3,4.8,,,4B,FEMININO,2021,PUBLICA,2007,-1.0,16,1.0
217,2024,5.0,6.0,-1,7.4209164502,AMETISTA,5.0,7.833333333333333,8.917748917666666,8.334,6.26,7.125,6.994,9.0,7.0,7.5,,,5A,FEMININO,2021,PRIVADA PROGRAMA DE APADRINHAMENTO,2007,-1.0,17,
218,2022,3.0,4.0,-1,6.1,AGATA,5.0,4.0,7.3,6.3,7.5,,6.125,5.0,7.0,0.0,NAO,NAO,D,FEMININO,2022,ESCOLA PUBLICA,2008,-1.0,14,1.0
218,2023,4.0,5.0,-1,5.811541667,QUARTZO,5.0,6.7,6.7,0.0,2.52,7.96875,7.88,5.7,7.0,7.5,,,4C,FEMININO,2022,PUBLICA,2008,-1.0,15,
219,2022,3.0,6.0,-3,5.942,QUARTZO,2.5,3.5,6.9,8.8,7.5,,6.375,4.0,4.8,1.7,NAO,NAO,D,MASCULINO,2019,ESCOLA PUBLICA,2006,-3.0,16,
220,2022,3.0,3.0,0,7.028,AGATA,10.0,6.5,8.1,0.0,7.5,,7.833,6.8,6.8,5.8,SIM,NAO,D,FEMININO,2022,ESCOLA PUBLICA,2009,0.0,13,0.0
220,2023,4.0,4.0,0,7.102016667,AMETISTA,10.0,6.1,7.6,8.8,2.52,7.1875,7.5475,6.3,5.8,6.3,,,4C,FEMININO,2022,PUBLICA,2009,0.0,14,0.0
220,2024,5.0,5.0,0,7.6987770562666675,AMETISTA,10.0,6.833333333333333,8.198051948,8.751,6.26,7.25,7.332,8.0,3.5,9.0,,,5B,FEMININO,2022,PUBLICA,2009,0.0,15,
221,2022,3.0,4.0,-1,6.892,AGATA,5.0,5.2,8.5,9.6,7.5,,6.0,7.0,3.5,5.0,NAO,NAO,D,MASCULINO,2022,ESCOLA PUBLICA,2008,-1.0,14,1.0
221,2023,3.0,5.0,-2,6.959916667,AGATA,5.0,5.0,9.0,9.6,5.0,7.1875,7.38,5.5,4.8,4.8,,,3C,MASCULINO,2022,PUBLICA,2008,-2.0,15,
222,2022,3.0,5.0,-2,5.604,QUARTZO,5.0,6.2,4.6,7.1,7.5,,4.917,5.0,7.5,6.0,NAO,NAO,D,FEMININO,2019,ESCOLA PUBLICA,2007,-2.0,15,
223,2022,3.0,3.0,0,4.966,QUARTZO,10.0,3.1,4.6,0.0,7.5,,5.583,4.3,4.7,0.2,NAO,NAO,E,FEMININO,2022,ESCOLA PUBLICA,2009,0.0,13,1.0
223,2023,3.0,4.0,-1,5.089833333,QUARTZO,5.0,3.8,4.5,0.0,7.52,7.5,7.1725,5.5,4.0,1.8,,,3G,FEMININO,2022,PUBLICA,2009,-1.0,14,
224,2022,3.0,3.0,0,5.671,QUARTZO,10.0,2.6,4.3,9.6,7.5,,4.875,5.0,2.7,0.0,NAO,NAO,E,MASCULINO,2021,ESCOLA PUBLICA,2009,0.0,13,
225,2022,3.0,4.0,-1,5.918,QUARTZO,5.0,5.0,5.3,8.3,7.5,,5.708,3.0,7.0,,NAO,NAO,E,MASCULINO,2022,ESCOLA PUBLICA,2008,-1.0,14,
226,2022,3.0,4.0,-1,6.549,AGATA,5.0,6.8,6.1,7.5,7.5,,6.208,7.0,6.5,,NAO,NAO,E,FEMININO,2022,ESCOLA PUBLICA,2008,-1.0,14,
227,2022,3.0,3.0,0,6.471,AGATA,10.0,3.3,6.4,9.2,7.5,,5.833,4.7,4.3,1.0,NAO,NAO,E,MASCULINO,2022,ESCOLA PUBLICA,2010,0.0,12,0.0
227,2023,3.0,3.0,0,7.722125,AMETISTA,10.0,6.9,7.5,9.6,5.63,8.28125,7.4625,7.2,6.5,7.0,,,3B,MASCULINO,2022,PUBLICA,2010,0.0,13,0.0
227,2024,3.0,3.0,0,8.074015455333335,TOPAZIO,10.0,6.5,8.097577276666668,9.585,9.38,7.5,7.54,4.0,6.0,9.5,,,3A,MASCULINO,2022,PUBLICA,2010,0.0,14,
228,2022,3.0,5.0,-2,6.196,AGATA,5.0,4.8,6.7,7.5,7.5,,6.417,3.0,6.0,5.3,NAO,NAO,E,FEMININO,2017,ESCOLA PUBLICA,2007,-2.0,15,
229,2022,3.0,3.0,0,8.62,TOPAZIO,10.0,6.9,9.4,10.0,7.5,,8.5,7.0,6.7,7.2,SIM,SIM,E,MASCULINO,2022,ESCOLA PUBLICA,2010,0.0,12,0.0
229,2023,4.0,3.0,1,8.207591667,TOPAZIO,10.0,7.8,9.8,9.2,2.52,8.28125,8.42,8.0,8.2,7.3,,,4A,MASCULINO,2022,PRIVADA PROGRAMA DE APADRINHAMENTO,2010,1.0,13,0.0
229,2024,5.0,4.0,1,8.852545634933334,TOPAZIO,10.0,8.833333333333334,9.841269841333334,9.585,5.635,8.28125,8.8375,9.5,7.0,10.0,,,5C,MASCULINO,2022,PRIVADA PROGRAMA DE APADRINHAMENTO,2010,1.0,14,
230,2022,3.0,4.0,-1,6.328,AGATA,5.0,5.7,5.1,7.9,7.5,,6.75,3.7,4.3,9.0,SIM,NAO,E,MASCULINO,2022,ESCOLA PUBLICA,2008,-1.0,14,
231,2022,3.0,4.0,-1,6.116,AGATA,5.0,3.8,7.4,8.8,7.5,,5.333,3.0,4.5,,NAO,NAO,E,MASCULINO,2022,ESCOLA PUBLICA,2008,-1.0,14,
232,2022,3.0,3.0,0,4.245,QUARTZO,10.0,0.0,4.9,0.0,7.5,,4.542,0.0,0.0,,NAO,NAO,E,MASCULINO,2022,ESCOLA PUBLICA,2010,0.0,12,
233,2022,3.0,4.0,-1,6.051,AGATA,5.0,3.8,7.4,7.9,7.5,,5.5,3.0,4.5,,NAO,NAO,E,MASCULINO,2022,ESCOLA PUBLICA,2008,-1.0,14,
234,2022,3.0,3.0,0,6.719,AGATA,10.0,4.3,7.6,10.0,5.6,,5.583,3.7,6.3,2.8,NAO,NAO,E,MASCULINO,2022,ESCOLA PUBLICA,2009,0.0,13,0.0
234,2023,3.0,3.0,0,6.248741667,AGATA,10.0,5.6,8.0,6.7,2.52,4.84375,5.595,6.3,5.3,5.3,,,3D,MASCULINO,2022,PUBLICA,2009,0.0,14,
235,2022,3.0,4.0,-1,6.79,AGATA,5.0,6.3,7.3,8.3,7.5,,6.417,7.0,5.5,,NAO,NAO,E,FEMININO,2022,ESCOLA PUBLICA,2008,-1.0,14,
236,2022,3.0,3.0,0,7.11,AMETISTA,10.0,3.7,7.5,9.6,7.5,,7.208,4.0,4.0,3.0,NAO,NAO,F,FEMININO,2022,ESCOLA PUBLICA,2010,0.0,12,0.0
236,2023,3.0,3.0,0,7.337116667,AMETISTA,10.0,4.5,7.5,10.0,7.52,7.1875,7.2975,6.3,4.0,3.3,,,3G,FEMININO,2022,PUBLICA,2010,0.0,13,0.0
236,2024,4.0,4.0,0,6.980833740133334,AGATA,10.0,4.5,7.890668700666666,9.168,6.26,6.875,6.362,1.5,4.0,8.0,,,4F,FEMININO,2022,PUBLICA,2010,0.0,14,
237,2022,3.0,4.0,-1,8.084,TOPAZIO,5.0,7.8,9.0,10.0,7.5,,8.417,6.8,7.7,8.8,SIM,SIM,F,FEMININO,2022,ESCOLA PUBLICA,2008,-1.0,14,1.0
237,2023,4.0,5.0,-1,7.436566667,AMETISTA,5.0,6.7,9.5,8.3,2.52,8.125,8.96,7.7,7.0,5.5,,,4F,FEMININO,2022,PRIVADA PROGRAMA DE APADRINHAMENTO,2008,-1.0,15,1.0
237,2024,5.0,6.0,-1,7.931384271366667,AMETISTA,5.0,7.666666666666667,9.689754689666666,8.751,6.26,7.916666667,8.336666667,6.0,7.0,10.0,,,5F,FEMININO,2022,PRIVADA PROGRAMA DE APADRINHAMENTO,2008,-1.0,16,
238,2022,3.0,4.0,-1,6.331,AGATA,5.0,5.1,6.4,8.8,5.0,,7.208,4.3,6.5,4.5,NAO,NAO,F,FEMININO,2021,ESCOLA PUBLICA,2008,-1.0,14,
239,2022,3.0,5.0,-2,4.572,QUARTZO,5.0,3.7,3.7,0.0,7.5,,5.958,2.0,4.7,4.5,NAO,NAO,F,FEMININO,2021,ESCOLA PUBLICA,2007,-2.0,15,1.0
239,2023,4.0,6.0,-2,6.411333333,AGATA,5.0,7.0,8.4,0.0,5.0,8.125,7.6275,6.0,7.2,7.7,,,4G,FEMININO,2021,PUBLICA,2007,-2.0,16,1.0
239,2024,4.0,7.0,-3,6.782180868800001,AGATA,2.5,6.666666666666667,6.361737677333333,8.751,5.635,7.875,8.502,4.0,10.0,6.0,,,4F,FEMININO,2021,PUBLICA,2007,-3.0,17,
240,2022,3.0,3.0,0,6.943,AGATA,10.0,4.7,8.1,7.1,5.0,,7.042,6.3,5.0,2.8,NAO,NAO,F,FEMININO,2017,REDE DECISAO,2009,0.0,13,0.0
240,2023,4.0,4.0,0,6.337966667,AGATA,10.0,4.8,6.7,7.1,2.52,6.875,6.9175,7.0,3.3,4.2,,,4F,FEMININO,2017,PRIVADA PROGRAMA DE APADRINHAMENTO,2009,0.0,14,
241,2022,3.0,4.0,-1,8.468,TOPAZIO,5.0,7.7,10.0,10.0,7.5,,9.125,8.2,7.5,7.3,NAO,SIM,F,MASCULINO,2016,REDE DECISAO,2008,-1.0,14,1.0
241,2023,4.0,5.0,-1,7.016,AMETISTA,5.0,7.5,9.9,0.0,2.52,8.75,9.545,9.3,7.0,6.2,,,4F,MASCULINO,2016,PRIVADA PROGRAMA DE APADRINHAMENTO,2008,-1.0,15,0.0
241,2024,7.0,5.0,2,8.311616666733334,TOPAZIO,10.0,6.816666666666667,9.891666667,10.002,7.1975,7.5,7.5,6.15,7.2,7.1,,,7E,MASCULINO,2021,PRIVADA PARCERIAS COM BOLSA 100,2008,2.0,16,
242,2022,3.0,3.0,0,8.673,TOPAZIO,10.0,8.2,9.7,9.6,5.6,,8.708,8.7,7.2,8.7,NAO,SIM,F,MASCULINO,2018,REDE DECISAO,2009,0.0,13,0.0
242,2023,4.0,4.0,0,8.221841667,TOPAZIO,10.0,7.9,9.7,7.1,2.52,8.59375,9.3775,9.3,7.3,7.2,,,4F,MASCULINO,2018,PRIVADA PROGRAMA DE APADRINHAMENTO,2009,0.0,14,0.0
242,2024,7.0,5.0,2,8.2887,TOPAZIO,10.0,7.650000000000001,9.621,9.585,6.26,7.5,7.5,8.05,8.05,6.85,,,7E,MASCULINO,2021,PRIVADA PARCERIAS COM BOLSA 100,2009,2.0,15,
243,2022,3.0,5.0,-2,6.982,AGATA,5.0,6.0,8.7,7.1,5.0,,7.875,5.0,5.3,7.7,NAO,NAO,F,FEMININO,2022,ESCOLA PUBLICA,2007,-2.0,15,
244,2022,3.0,3.0,0,8.51,TOPAZIO,10.0,7.8,9.4,7.5,6.3,,9.208,6.7,8.0,8.7,NAO,SIM,F,FEMININO,2018,REDE DECISAO,2010,0.0,12,0.0
244,2023,4.0,3.0,1,7.044333333,AMETISTA,10.0,7.3,8.8,0.0,2.52,8.125,8.8325,7.0,8.0,6.8,,,4F,FEMININO,2018,PRIVADA PROGRAMA DE APADRINHAMENTO,2010,1.0,13,0.0
244,2024,5.0,4.0,1,8.7225,TOPAZIO,10.0,9.5,10.0,7.5,6.26,8.125,8.17,10.0,9.0,9.5,,,5G,FEMININO,2021,PRIVADA PROGRAMA DE APADRINHAMENTO,2010,1.0,14,
245,2022,3.0,4.0,-1,8.656,TOPAZIO,5.0,8.4,9.9,10.0,7.5,,9.25,8.3,8.2,8.8,NAO,SIM,F,MASCULINO,2016,REDE DECISAO,2008,-1.0,14,1.0
245,2023,4.0,5.0,-1,7.171166667,AMETISTA,5.0,8.1,10.0,0.0,2.52,8.75,9.5875,9.3,7.8,7.3,,,4F,MASCULINO,2016,PRIVADA PROGRAMA DE APADRINHAMENTO,2008,-1.0,15,0.0
245,2024,7.0,5.0,2,8.452633333266668,TOPAZIO,10.0,8.033333333333333,9.953333333,9.168,6.885,7.5,7.5,8.4,7.6,8.1,,,7E,MASCULINO,2021,PRIVADA PROGRAMA DE APADRINHAMENTO,2008,2.0,16,
246,2022,3.0,3.0,0,8.639,TOPAZIO,10.0,7.6,9.4,8.3,7.5,,9.167,8.0,6.7,8.0,SIM,SIM,F,MASCULINO,2022,ESCOLA PUBLICA,2009,0.0,13,0.0
246,2023,4.0,4.0,0,8.256766667,TOPAZIO,10.0,6.8,9.9,8.8,4.39,8.125,8.9175,7.7,7.0,5.8,,,4F,MASCULINO,2022,PRIVADA,2009,0.0,14,0.0
246,2024,7.0,5.0,2,4.7404,QUARTZO,10.0,0.0,0.0,8.334,6.57,7.5,7.5,0.0,0.0,0.0,,,7E,MASCULINO,2022,PRIVADA PARCERIAS COM BOLSA 100,2009,2.0,15,
247,2022,3.0,3.0,0,7.72,AMETISTA,10.0,5.8,8.2,8.3,7.5,,7.875,5.3,5.7,6.3,SIM,NAO,F,FEMININO,2021,ESCOLA PUBLICA,2009,0.0,13,0.0
247,2023,3.0,3.0,0,7.221958333,AMETISTA,10.0,7.2,8.5,0.0,7.52,8.28125,7.5425,6.5,6.7,8.3,,,3B,FEMININO,2021,PUBLICA,2009,0.0,14,0.0
247,2024,4.0,4.0,0,6.646485739800001,AGATA,10.0,4.333333333333333,8.306595365666666,0.0,6.26,7.75,8.5875,0.0,5.0,8.0,,,4B,FEMININO,2021,PUBLICA,2009,0.0,15,
248,2022,3.0,3.0,0,7.429,AMETISTA,10.0,5.2,7.6,9.2,7.5,,7.292,4.0,5.5,6.0,NAO,NAO,F,MASCULINO,2022,ESCOLA PUBLICA,2009,0.0,13,
249,2022,3.0,4.0,-1,5.097,QUARTZO,5.0,2.9,7.4,6.7,5.0,,4.292,2.3,4.2,2.2,NAO,NAO,G,MASCULINO,2017,ESCOLA PUBLICA,2008,-1.0,14,1.0
249,2023,3.0,5.0,-2,5.444625,QUARTZO,5.0,4.9,8.2,0.0,5.0,5.15625,6.545,6.2,5.3,3.2,,,3F,MASCULINO,2017,PUBLICA,2008,-2.0,15,1.0
249,2024,4.0,6.0,-2,6.125104328999999,AGATA,5.0,5.0,6.645021645,7.083,5.0,6.75,7.064,1.0,8.0,6.0,,,4F,MASCULINO,2021,PUBLICA,2008,-2.0,16,
250,2022,3.0,3.0,0,7.958,AMETISTA,10.0,6.6,8.6,8.3,7.5,,7.625,6.7,6.5,6.7,SIM,NAO,G,FEMININO,2022,ESCOLA PUBLICA,2010,0.0,12,0.0
250,2023,3.0,3.0,0,7.598208333,AMETISTA,10.0,8.3,9.3,0.0,5.63,7.96875,8.625,7.7,8.8,8.3,,,3F,FEMININO,2022,PUBLICA,2010,0.0,13,0.0
250,2024,4.0,4.0,0,9.049892592566668,TOPAZIO,10.0,9.166666666666666,9.629629629666667,9.168,6.88,8.958333333,8.95,10.0,7.5,10.0,,,4H,FEMININO,2022,PRIVADA PROGRAMA DE APADRINHAMENTO,2010,0.0,14,
251,2022,3.0,5.0,-2,7.022,AGATA,5.0,6.3,8.1,10.0,5.6,,6.625,5.3,6.3,7.2,NAO,NAO,G,MASCULINO,2018,ESCOLA PUBLICA,2007,-2.0,15,1.0
251,2023,4.0,5.0,-1,6.665208333,AGATA,5.0,5.3,8.0,9.6,2.52,7.34375,7.835,5.0,5.5,5.3,,,4N,MASCULINO,2018,PUBLICA,2007,-1.0,16,1.0
251,2024,5.0,6.0,-1,6.7135006212,AGATA,5.0,4.5,8.612836439,8.751,5.63,6.875,7.326666667,4.0,2.5,7.0,,,5N,MASCULINO,2021,PUBLICA,2007,-1.0,17,
252,2022,3.0,4.0,-1,4.277,QUARTZO,5.0,0.9,2.8,9.2,7.5,,3.875,1.3,1.2,0.2,NAO,NAO,G,MASCULINO,2018,ESCOLA PUBLICA,2008,-1.0,14,
253,2022,3.0,5.0,-2,4.312,QUARTZO,5.0,1.8,3.6,9.2,5.0,,3.75,1.0,3.7,0.7,NAO,NAO,G,MASCULINO,2019,ESCOLA PUBLICA,2007,-2.0,15,
254,2022,3.0,4.0,-1,6.715,AGATA,5.0,5.3,7.4,10.0,5.6,,6.917,5.0,6.8,4.0,NAO,NAO,G,MASCULINO,2019,ESCOLA PUBLICA,2008,-1.0,14,1.0
254,2023,4.0,5.0,-1,,,5.0,5.9,8.8,9.6,,7.8125,7.71,5.7,5.7,6.2,,,4H,MASCULINO,2019,PUBLICA,2008,-1.0,15,
255,2022,3.0,4.0,-1,4.563,QUARTZO,5.0,1.3,3.8,7.5,5.0,,5.542,1.0,2.3,0.5,NAO,NAO,G,MASCULINO,2019,ESCOLA PUBLICA,2008,-1.0,14,
256,2022,3.0,3.0,0,7.192,AMETISTA,10.0,5.2,8.5,8.8,5.0,,6.708,5.3,6.7,3.5,NAO,NAO,G,FEMININO,2019,ESCOLA PUBLICA,2010,0.0,12,
257,2022,3.0,4.0,-1,5.149,QUARTZO,5.0,3.6,6.4,0.0,5.6,,6.708,4.0,5.2,1.5,NAO,NAO,G,FEMININO,2018,ESCOLA PUBLICA,2008,-1.0,14,
258,2022,3.0,3.0,0,6.926,AGATA,10.0,4.8,7.3,10.0,5.6,,6.125,2.7,6.2,5.5,NAO,NAO,G,FEMININO,2018,ESCOLA PUBLICA,2010,0.0,12,
258,2024,3.0,3.0,0,6.429063888866667,AGATA,10.0,2.5,6.944444444333333,7.084,7.51,7.34375,6.732,,5.0,0.0,,,3H,FEMININO,2021,PUBLICA,2010,0.0,14,
259,2022,3.0,6.0,-3,4.182,QUARTZO,2.5,0.9,2.9,8.8,7.5,,4.625,0.0,2.7,0.2,NAO,NAO,G,MASCULINO,2017,ESCOLA PUBLICA,2006,-3.0,16,
260,2022,3.0,3.0,0,7.44,AMETISTA,10.0,5.0,8.2,10.0,7.5,,6.458,5.7,5.2,4.2,NAO,NAO,G,FEMININO,2019,ESCOLA PUBLICA,2009,0.0,13,0.0
260,2023,3.0,3.0,0,8.080008333,TOPAZIO,10.0,6.1,9.9,9.2,7.52,7.34375,7.4175,6.3,5.2,6.7,,,3G,FEMININO,2019,PUBLICA,2009,0.0,14,0.0
260,2024,4.0,4.0,0,8.448920634933334,TOPAZIO,10.0,7.0,9.674603174666666,8.751,7.51,7.875,8.502,7.5,5.5,8.0,,,4F,FEMININO,2021,PUBLICA,2009,0.0,15,
261,2022,3.0,4.0,-1,6.763,AGATA,5.0,5.8,7.2,8.8,5.6,,7.042,6.2,5.8,5.5,SIM,NAO,G,FEMININO,2019,ESCOLA PUBLICA,2008,-1.0,14,
262,2022,3.0,5.0,-2,4.786,QUARTZO,5.0,3.4,5.8,0.0,5.6,,5.625,1.3,5.5,3.5,NAO,NAO,G,MASCULINO,2021,ESCOLA PUBLICA,2007,-2.0,15,1.0
262,2023,4.0,6.0,-2,4.406458333,QUARTZO,5.0,3.8,3.7,0.0,5.0,7.03125,6.05,5.0,3.3,3.0,,,4G,MASCULINO,2021,PRIVADA,2007,-2.0,16,1.0
262,2024,4.0,6.0,-2,5.806145462066667,QUARTZO,5.0,4.166666666666667,4.854560643666667,7.917,7.51,7.0,6.296,1.0,4.5,7.0,,,4F,MASCULINO,2021,PRIVADA,2007,-2.0,17,
263,2022,3.0,5.0,-2,5.319,QUARTZO,5.0,3.7,5.6,5.8,7.5,,4.417,3.0,2.8,5.4,NAO,NAO,G,FEMININO,2019,ESCOLA PUBLICA,2007,-2.0,15,
264,2022,3.0,5.0,-2,7.087,AMETISTA,5.0,5.8,9.2,10.0,5.6,,6.625,6.0,5.5,,NAO,NAO,I,FEMININO,2022,ESCOLA PUBLICA,2007,-2.0,15,
265,2022,3.0,3.0,0,7.926,AMETISTA,10.0,6.9,7.7,8.3,7.5,,7.917,5.3,7.0,8.5,SIM,NAO,I,MASCULINO,2019,ESCOLA PUBLICA,2009,0.0,13,0.0
265,2023,4.0,4.0,0,,,10.0,7.0,8.7,8.3,,7.96875,7.88,7.3,6.8,6.8,,,4H,MASCULINO,2019,PUBLICA,2009,0.0,14,
266,2022,3.0,6.0,-3,5.987,QUARTZO,2.5,6.0,5.8,7.5,5.6,,6.583,5.0,6.7,6.3,NAO,NAO,I,FEMININO,2019,ESCOLA PUBLICA,2006,-3.0,16,
267,2022,3.0,5.0,-2,6.012,AGATA,5.0,3.3,7.4,10.0,5.0,,6.292,2.3,4.8,2.7,NAO,NAO,I,FEMININO,2016,ESCOLA PUBLICA,2007,-2.0,15,1.0
267,2023,4.0,6.0,-2,,,5.0,2.7,7.7,7.9,,4.6875,6.505,2.7,4.0,1.3,,,4H,FEMININO,2016,PUBLICA,2007,-2.0,16,1.0
267,2024,5.0,7.0,-2,5.8963067819666675,QUARTZO,5.0,2.0,8.285533910333333,10.002,6.26,4.583333333,6.273333333,0.0,2.0,4.0,,,5G,FEMININO,2021,PUBLICA,2007,-2.0,17,
268,2022,3.0,4.0,-1,6.695,AGATA,5.0,5.7,6.7,9.2,6.3,,7.208,7.0,6.8,3.2,SIM,NAO,K,FEMININO,2021,ESCOLA PUBLICA,2008,-1.0,14,
269,2022,3.0,3.0,0,8.231,TOPAZIO,10.0,8.9,8.6,9.2,6.3,,7.25,8.7,9.5,8.5,NAO,NAO,K,MASCULINO,2022,ESCOLA PUBLICA,2009,0.0,13,0.0
269,2023,4.0,4.0,0,8.116041667,TOPAZIO,10.0,7.4,9.0,9.6,2.52,8.59375,8.7975,8.0,7.3,7.0,,,4L,MASCULINO,2022,PUBLICA,2009,0.0,14,0.0
269,2024,7.0,5.0,2,8.4773,TOPAZIO,10.0,8.200000000000001,9.6,9.168,7.505,7.5,7.5,8.1,8.6,7.9,,,7E,MASCULINO,2022,PRIVADA PARCERIAS COM BOLSA 100,2009,2.0,15,
270,2022,3.0,3.0,0,8.226,TOPAZIO,10.0,7.9,8.4,8.3,6.9,,8.125,8.0,7.2,8.5,NAO,NAO,K,FEMININO,2019,REDE DECISAO,2009,0.0,13,0.0
270,2023,4.0,4.0,0,7.982633333,AMETISTA,10.0,6.6,9.0,9.2,2.52,8.75,9.1275,7.7,6.2,5.8,,,4M,FEMININO,2019,PRIVADA PROGRAMA DE APADRINHAMENTO,2009,0.0,14,0.0
270,2024,7.0,5.0,2,4.79255,QUARTZO,10.0,0.0,0.0,9.168,6.2575,7.5,7.5,0.0,0.0,0.0,,,7E,FEMININO,2021,PRIVADA PROGRAMA DE APADRINHAMENTO,2009,2.0,15,
271,2022,3.0,5.0,-2,7.255,AMETISTA,5.0,7.1,8.5,9.2,5.6,,6.958,6.3,6.5,8.3,SIM,NAO,K,FEMININO,2022,ESCOLA PUBLICA,2007,-2.0,15,1.0
271,2023,4.0,6.0,-2,6.140333333,AGATA,5.0,5.9,9.3,0.0,2.52,8.125,7.7125,4.3,7.0,6.3,,,4M,FEMININO,2022,PUBLICA,2007,-2.0,16,1.0
271,2024,5.0,6.0,-1,7.400633333333334,AMETISTA,5.0,7.333333333333333,8.958333333333334,9.168,6.26,7.5,6.7475,5.0,7.5,9.5,,,5M,FEMININO,2022,PUBLICA,2007,-1.0,17,
272,2022,3.0,4.0,-1,6.361,AGATA,5.0,5.1,5.7,9.2,7.5,,6.417,5.0,6.8,3.5,NAO,NAO,K,MASCULINO,2021,ESCOLA PUBLICA,2008,-1.0,14,
273,2022,3.0,4.0,-1,5.679,QUARTZO,5.0,3.0,5.3,9.2,7.5,,5.833,3.8,4.7,0.5,NAO,NAO,K,FEMININO,2018,ESCOLA PUBLICA,2008,-1.0,14,1.0
273,2023,3.0,4.0,-1,6.337116667,AGATA,5.0,5.0,7.4,7.9,2.52,7.8125,7.6275,5.3,6.8,3.0,,,3L,FEMININO,2018,PUBLICA,2008,-1.0,15,1.0
273,2024,4.0,5.0,-1,6.5991307798,AGATA,5.0,4.5,7.323153899,9.168,6.26,8.125,6.896,3.0,6.5,4.0,,,4N,FEMININO,2021,PUBLICA,2008,-1.0,16,
274,2022,3.0,2.0,1,7.946,AMETISTA,10.0,8.1,8.3,7.9,7.5,,7.0,8.1,9.3,7.0,NAO,NAO,K,FEMININO,2019,REDE DECISAO,2011,1.0,11,0.0
274,2023,4.0,3.0,1,8.137625,TOPAZIO,10.0,7.5,9.5,7.5,5.63,7.65625,8.295,7.0,7.7,7.8,,,4M,FEMININO,2019,PRIVADA PROGRAMA DE APADRINHAMENTO,2011,1.0,12,0.0
274,2024,5.0,3.0,2,8.651029629666667,TOPAZIO,10.0,9.333333333333334,9.648148147999999,8.334,5.635,8.125,8.226666667,9.0,9.0,10.0,,,5L,FEMININO,2021,PRIVADA PROGRAMA DE APADRINHAMENTO,2011,2.0,13,
275,2022,3.0,5.0,-2,6.665,AGATA,5.0,4.6,6.9,9.6,7.5,,6.667,5.0,6.0,2.7,SIM,NAO,K,MASCULINO,2018,ESCOLA PUBLICA,2007,-2.0,15,
276,2022,3.0,4.0,-1,5.527,QUARTZO,5.0,4.3,5.7,7.1,5.6,,5.125,3.7,6.0,3.3,NAO,NAO,K,FEMININO,2017,ESCOLA PUBLICA,2008,-1.0,14,0.0
276,2023,4.0,4.0,0,6.690458333,AGATA,10.0,5.5,8.5,6.3,2.52,7.03125,6.585,3.7,4.7,8.0,,,4M,FEMININO,2017,PRIVADA PROGRAMA DE APADRINHAMENTO,2008,0.0,15,
277,2022,3.0,4.0,-1,7.411,AMETISTA,5.0,7.4,8.8,7.1,7.5,,7.208,7.2,7.0,8.2,SIM,NAO,K,MASCULINO,2021,ESCOLA PUBLICA,2008,-1.0,14,1.0
277,2023,4.0,5.0,-1,7.7284,AMETISTA,5.0,5.5,9.9,8.3,7.52,8.125,8.7525,5.7,6.0,4.8,,,4M,MASCULINO,2021,PUBLICA,2008,-1.0,15,0.0
277,2024,7.0,5.0,2,8.0689833334,TOPAZIO,10.0,6.8999999999999995,9.741666667,8.334,6.5725,7.5,7.5,6.5,8.15,6.05,,,7E,MASCULINO,2021,PRIVADA PARCERIAS COM BOLSA 100,2008,2.0,16,
278,2022,3.0,3.0,0,7.741,AMETISTA,10.0,6.0,9.2,8.8,5.6,,7.417,5.7,5.8,6.4,NAO,NAO,K,MASCULINO,2018,REDE DECISAO,2010,0.0,12,0.0
278,2023,4.0,3.0,1,7.1935,AMETISTA,10.0,5.6,9.8,0.0,5.63,8.75,8.3775,6.0,5.3,5.5,,,4M,MASCULINO,2018,PUBLICA,2010,1.0,13,0.0
278,2024,5.0,4.0,1,8.907314492800001,TOPAZIO,10.0,9.333333333333334,9.855072463666666,9.168,7.51,8.125,7.946666667,9.0,9.0,10.0,,,5N,MASCULINO,2021,PRIVADA PROGRAMA DE APADRINHAMENTO,2010,1.0,14,
279,2022,3.0,3.0,0,8.815,TOPAZIO,10.0,9.1,9.9,9.2,6.3,,8.208,9.7,8.3,9.3,NAO,NAO,K,MASCULINO,2019,REDE DECISAO,2009,0.0,13,0.0
279,2023,4.0,4.0,0,9.006266667,TOPAZIO,10.0,8.9,10.0,8.8,6.27,8.75,9.2125,9.0,8.5,9.3,,,4M,MASCULINO,2019,PUBLICA,2009,0.0,14,0.0
279,2024,5.0,4.0,1,9.113133333366667,TOPAZIO,10.0,9.333333333333334,10.0,9.168,7.51,8.333333333,8.726666667,10.0,8.0,10.0,,,5N,MASCULINO,2021,PRIVADA PROGRAMA DE APADRINHAMENTO,2009,1.0,15,
280,2022,3.0,3.0,0,8.046,AMETISTA,10.0,7.1,9.2,7.5,7.5,,7.333,5.7,7.0,8.7,NAO,NAO,K,FEMININO,2021,REDE DECISAO,2009,0.0,13,0.0
280,2023,4.0,4.0,0,8.189225,TOPAZIO,10.0,6.5,9.5,6.7,7.52,8.28125,8.7125,6.3,7.7,5.5,,,4M,FEMININO,2021,PRIVADA PROGRAMA DE APADRINHAMENTO,2009,0.0,14,0.0
280,2024,5.0,4.0,1,8.822714492700001,TOPAZIO,10.0,9.333333333333334,9.855072463666666,7.917,6.26,8.333333333,8.67,10.0,8.0,10.0,,,5N,FEMININO,2021,PRIVADA PROGRAMA DE APADRINHAMENTO,2009,1.0,15,
281,2022,3.0,3.0,0,6.806,AGATA,10.0,5.9,6.9,6.7,7.5,,5.625,5.0,6.8,6.0,NAO,NAO,K,FEMININO,2019,ESCOLA PUBLICA,2009,0.0,13,
282,2022,3.0,3.0,0,6.618,AGATA,10.0,4.0,6.8,8.8,7.5,,5.625,4.7,6.3,1.0,NAO,NAO,K,FEMININO,2019,ESCOLA PUBLICA,2009,0.0,13,
283,2022,3.0,4.0,-1,7.131,AMETISTA,5.0,5.6,8.8,9.6,7.5,,6.625,4.5,5.8,6.6,NAO,NAO,K,MASCULINO,2020,ESCOLA PUBLICA,2008,-1.0,14,1.0
283,2023,3.0,5.0,-2,7.549025,AMETISTA,5.0,6.8,9.5,8.3,7.52,7.03125,7.5025,6.8,4.8,8.8,,,3N,MASCULINO,2020,PUBLICA,2008,-2.0,15,1.0
283,2024,4.0,6.0,-2,7.9444309524,AMETISTA,5.0,8.0,9.761904762,8.751,6.885,7.8125,7.736,6.5,8.0,9.5,,,4N,MASCULINO,2021,PUBLICA,2008,-2.0,16,
284,2022,3.0,3.0,0,5.939,QUARTZO,10.0,3.8,5.1,6.7,5.6,,5.958,7.0,4.5,0.0,NAO,NAO,L,MASCULINO,2022,ESCOLA PUBLICA,2009,0.0,13,
285,2022,3.0,6.0,-3,5.063,QUARTZO,2.5,2.8,4.1,9.2,7.5,,5.75,4.0,3.2,1.2,NAO,NAO,L,FEMININO,2020,ESCOLA PUBLICA,2006,-3.0,16,1.0
285,2023,4.0,7.0,-3,5.380358333,QUARTZO,2.5,4.7,4.6,8.3,2.52,7.65625,7.13,4.0,6.0,4.0,,,4N,FEMININO,2020,PUBLICA,2006,-3.0,17,
286,2022,3.0,5.0,-2,5.424,QUARTZO,5.0,3.0,5.8,7.1,6.3,,5.625,4.7,2.3,2.0,NAO,NAO,L,FEMININO,2022,ESCOLA PUBLICA,2007,-2.0,15,1.0
286,2023,4.0,5.0,-1,5.713333333,QUARTZO,5.0,4.7,7.5,0.0,5.0,8.125,7.3375,3.7,5.0,5.3,,,4L,FEMININO,2022,PUBLICA,2007,-1.0,16,1.0
286,2024,5.0,6.0,-1,5.123180882333333,QUARTZO,5.0,3.1666666666666665,4.031862745000001,6.666,6.26,7.34375,5.7825,5.0,0.0,4.5,,,5M,FEMININO,2022,PUBLICA,2007,-1.0,17,
287,2022,3.0,7.0,-4,3.7,QUARTZO,2.5,1.1,3.4,7.9,5.0,,4.292,0.7,2.5,0.2,NAO,NAO,L,FEMININO,2022,ESCOLA PUBLICA,2005,-4.0,17,1.0
287,2023,4.0,8.0,-4,3.745541667,QUARTZO,2.5,3.9,4.8,0.0,2.52,4.21875,5.375,3.0,2.3,6.5,,,4N,FEMININO,2022,PUBLICA,2005,-4.0,18,
288,2022,3.0,6.0,-3,4.097,QUARTZO,2.5,0.0,5.6,0.0,6.3,,6.833,,,,NAO,NAO,L,FEMININO,2022,ESCOLA PUBLICA,2006,-3.0,16,
289,2022,3.0,4.0,-1,6.236,AGATA,5.0,6.8,7.8,0.0,6.3,,7.25,5.3,7.5,7.5,NAO,NAO,L,FEMININO,2020,ESCOLA PUBLICA,2008,-1.0,14,
290,2022,3.0,7.0,-4,4.929,QUARTZO,2.5,1.7,3.9,10.0,6.3,,6.042,1.0,2.3,1.8,NAO,NAO,L,FEMININO,2022,ESCOLA PUBLICA,2005,-4.0,17,
291,2022,3.0,3.0,0,8.122,TOPAZIO,10.0,8.0,8.2,8.3,6.9,,7.792,8.0,7.5,8.5,SIM,NAO,L,MASCULINO,2022,ESCOLA PUBLICA,2009,0.0,13,0.0
291,2023,4.0,4.0,0,8.493058333,TOPAZIO,10.0,7.1,8.6,8.8,7.52,8.90625,9.21,8.0,6.5,6.7,,,4M,MASCULINO,2022,PRIVADA PROGRAMA DE APADRINHAMENTO,2009,0.0,14,0.0
291,2024,7.0,5.0,2,7.9319666667333335,AMETISTA,10.0,6.166666666666667,9.737666667,8.751,6.26,7.5,7.5,6.0,6.5,6.0,,,7E,MASCULINO,2022,PRIVADA PROGRAMA DE APADRINHAMENTO,2009,2.0,15,
292,2022,3.0,6.0,-3,4.837,QUARTZO,2.5,1.8,3.7,7.9,7.5,,6.292,0.0,5.0,0.5,NAO,NAO,L,MASCULINO,2022,ESCOLA PUBLICA,2006,-3.0,16,
293,2022,3.0,3.0,0,4.875,QUARTZO,10.0,2.3,2.9,8.8,7.5,,3.333,2.0,3.8,1.0,NAO,NAO,L,MASCULINO,2022,ESCOLA PUBLICA,2009,0.0,13,
294,2022,3.0,8.0,-5,5.031,QUARTZO,2.5,0.0,5.8,9.6,7.5,,5.917,,,,NAO,NAO,L,FEMININO,2022,ESCOLA PUBLICA,2004,-5.0,18,
295,2022,3.0,4.0,-1,7.305,AMETISTA,5.0,6.9,8.0,7.9,7.5,,7.375,5.3,7.7,7.7,SIM,NAO,M,FEMININO,2022,ESCOLA PUBLICA,2008,-1.0,14,1.0
295,2023,4.0,5.0,-1,7.641016667,AMETISTA,5.0,7.7,8.8,8.8,2.52,9.0625,9.005,7.3,7.2,8.7,,,4L,FEMININO,2022,PUBLICA,2008,-1.0,15,
296,2022,3.0,5.0,-2,4.665,QUARTZO,5.0,2.8,3.6,8.8,7.5,,3.833,5.7,2.7,0.2,NAO,NAO,M,FEMININO,2022,ESCOLA PUBLICA,2007,-2.0,15,
297,2022,3.0,3.0,0,7.478,AMETISTA,10.0,6.6,7.9,7.1,6.3,,7.417,6.3,5.3,8.2,SIM,NAO,M,FEMININO,2022,ESCOLA PUBLICA,2009,0.0,13,
298,2022,3.0,3.0,0,6.409,AGATA,10.0,5.2,6.3,9.2,5.6,,5.417,5.5,4.8,,NAO,NAO,M,MASCULINO,2019,ESCOLA PUBLICA,2009,0.0,13,1.0
298,2023,3.0,4.0,-1,6.824333333,AGATA,5.0,5.5,8.6,9.6,2.52,7.5,7.7525,7.7,4.5,4.2,,,3K,MASCULINO,2019,PUBLICA,2009,-1.0,14,
299,2022,3.0,3.0,0,7.278,AMETISTA,10.0,6.8,8.2,7.1,5.0,,6.708,6.3,7.3,6.7,NAO,NAO,M,FEMININO,2019,REDE DECISAO,2009,0.0,13,0.0
299,2023,4.0,4.0,0,6.796541667,AGATA,10.0,6.1,9.6,0.0,2.52,7.96875,8.005,5.0,7.2,6.2,,,4M,FEMININO,2019,PRIVADA PROGRAMA DE APADRINHAMENTO,2009,0.0,14,0.0
299,2024,5.0,4.0,1,8.177186956533333,TOPAZIO,10.0,8.166666666666666,8.963768115999999,8.751,6.26,7.5,7.5,8.0,7.5,9.0,,,5N,FEMININO,2021,PRIVADA PROGRAMA DE APADRINHAMENTO,2009,1.0,15,
300,2022,3.0,4.0,-1,5.557,QUARTZO,5.0,3.1,6.9,5.4,6.3,,5.875,2.7,4.8,1.7,SIM,NAO,M,MASCULINO,2022,ESCOLA PUBLICA,2008,-1.0,14,1.0
300,2023,3.0,5.0,-2,5.616691667,QUARTZO,5.0,4.5,7.5,5.0,2.52,6.40625,6.5875,4.5,5.3,3.8,,,3K,MASCULINO,2022,PUBLICA,2008,-2.0,15,
301,2022,3.0,3.0,0,6.802,AGATA,10.0,6.3,5.8,8.8,5.6,,6.042,6.5,7.2,5.4,SIM,NAO,M,FEMININO,2019,ESCOLA PUBLICA,2009,0.0,13,0.0
301,2023,4.0,4.0,0,6.760341667,AGATA,10.0,5.2,5.4,9.2,7.52,6.71875,6.465,4.7,6.5,4.5,,,4L,FEMININO,2019,PUBLICA,2009,0.0,14,0.0
301,2024,4.0,4.0,0,8.410830701766667,TOPAZIO,10.0,9.0,7.4947368423333325,9.168,7.51,8.020833333,8.21,10.0,9.0,8.0,,,4M,FEMININO,2021,PUBLICA,2009,0.0,15,
302,2022,3.0,6.0,-3,6.334,AGATA,2.5,4.8,7.7,9.2,6.9,,6.208,4.3,5.0,5.0,NAO,NAO,M,MASCULINO,2022,ESCOLA PUBLICA,2006,-3.0,16,1.0
302,2023,5.0,7.0,-2,5.314333333,QUARTZO,5.0,4.3,7.3,0.0,5.0,7.5,6.255,4.7,2.3,5.8,,,5L,MASCULINO,2022,PUBLICA,2006,-2.0,17,
303,2022,3.0,4.0,-1,6.03,AGATA,5.0,3.9,7.2,7.5,7.5,,5.375,3.8,4.0,,NAO,NAO,M,MASCULINO,2019,ESCOLA PUBLICA,2008,-1.0,14,1.0
303,2023,3.0,5.0,-2,5.914291667,QUARTZO,5.0,5.1,7.3,0.0,7.52,7.65625,7.05,5.7,5.2,4.5,,,3M,MASCULINO,2019,PUBLICA,2008,-2.0,15,1.0
303,2024,4.0,6.0,-2,6.2443426900666665,AGATA,5.0,5.666666666666667,3.9520467836666664,8.751,7.51,6.875,7.535,5.0,5.0,7.0,,,4M,MASCULINO,2021,PUBLICA,2008,-2.0,16,
304,2022,3.0,5.0,-2,6.355,AGATA,5.0,4.3,7.7,8.8,7.5,,5.542,3.0,5.5,,SIM,NAO,M,MASCULINO,2020,ESCOLA PUBLICA,2007,-2.0,15,1.0
304,2023,3.0,5.0,-2,6.241583333,AGATA,5.0,5.7,8.8,0.0,5.0,7.8125,7.835,7.0,3.7,6.3,,,3N,MASCULINO,2020,PUBLICA,2007,-2.0,16,1.0
304,2024,3.0,6.0,-3,6.852411484600001,AGATA,2.5,7.166666666666667,7.826890756333333,10.002,7.51,6.875,5.825,9.0,5.5,7.0,,,3N,MASCULINO,2021,PUBLICA,2007,-3.0,17,
305,2022,3.0,4.0,-1,6.058,AGATA,5.0,4.8,6.6,7.9,7.5,,5.208,2.8,6.7,,NAO,NAO,M,MASCULINO,2019,ESCOLA PUBLICA,2008,-1.0,14,1.0
305,2023,3.0,5.0,-2,6.394291667,AGATA,5.0,5.2,8.9,0.0,7.52,7.65625,7.75,5.2,4.8,5.7,,,3L,MASCULINO,2019,PUBLICA,2008,-2.0,15,1.0
305,2024,4.0,5.0,-1,6.693026811600001,AGATA,5.0,4.833333333333333,7.898550724666666,8.334,6.26,7.8125,7.03,3.0,3.0,8.5,,,4N,MASCULINO,2021,PUBLICA,2008,-1.0,16,
306,2022,3.0,4.0,-1,6.427,AGATA,5.0,5.2,6.8,8.3,7.5,,5.958,4.7,5.8,5.0,NAO,NAO,M,FEMININO,2021,ESCOLA PUBLICA,2008,-1.0,14,1.0
306,2023,4.0,5.0,-1,5.732375,QUARTZO,5.0,4.0,7.9,0.0,6.26,7.34375,7.46,4.7,4.5,2.8,,,4M,FEMININO,2021,PUBLICA,2008,-1.0,15,1.0
306,2024,5.0,6.0,-1,6.1661539474,AGATA,5.0,2.8333333333333335,7.699561403666666,7.917,7.51,7.34375,6.4125,3.5,1.5,3.5,,,5M,FEMININO,2021,PUBLICA,2008,-1.0,16,
307,2022,3.0,4.0,-1,4.733,QUARTZO,5.0,2.5,4.5,5.4,7.5,,4.708,5.0,0.0,,NAO,NAO,M,MASCULINO,2022,ESCOLA PUBLICA,2008,-1.0,14,1.0
307,2023,3.0,5.0,-2,6.047333333,AGATA,5.0,6.3,6.5,0.0,7.52,7.5,7.46,6.3,7.3,5.2,,,3N,MASCULINO,2022,PUBLICA,2008,-2.0,15,
308,2022,3.0,3.0,0,6.93,AGATA,10.0,5.0,7.4,7.9,6.9,,6.167,6.7,5.5,2.8,SIM,NAO,M,MASCULINO,2019,ESCOLA PUBLICA,2009,0.0,13,0.0
308,2023,4.0,4.0,0,6.578558333,AGATA,10.0,4.9,6.8,5.4,5.0,7.03125,7.5025,4.7,5.2,4.7,,,4L,MASCULINO,2019,PUBLICA,2009,0.0,14,0.0
308,2024,5.0,4.0,1,7.489282456133334,AMETISTA,10.0,6.5,8.714912280666667,7.083,5.635,7.5,7.1225,5.5,7.0,7.0,,,5M,MASCULINO,2021,PUBLICA,2009,1.0,15,
309,2022,3.0,4.0,-1,6.151,AGATA,5.0,6.5,5.2,9.2,7.5,,5.083,7.0,6.0,,NAO,NAO,M,FEMININO,2022,ESCOLA PUBLICA,2008,-1.0,14,
310,2022,3.0,5.0,-2,6.4,AGATA,5.0,4.5,7.5,7.9,7.5,,6.0,3.7,3.8,6.0,SIM,NAO,M,FEMININO,2022,ESCOLA PUBLICA,2007,-2.0,15,
311,2022,3.0,6.0,-3,5.652,QUARTZO,2.5,5.2,5.6,7.9,5.0,,6.222,5.0,6.2,4.3,NAO,NAO,N,FEMININO,2022,ESCOLA PUBLICA,2006,-3.0,16,
312,2022,3.0,3.0,0,7.339,AMETISTA,10.0,5.2,8.1,9.6,7.5,,6.167,6.0,4.5,5.0,NAO,NAO,N,FEMININO,2022,ESCOLA PUBLICA,2009,0.0,13,
313,2022,3.0,4.0,-1,5.8,QUARTZO,5.0,4.1,7.0,7.5,5.0,,5.889,4.7,5.0,2.5,NAO,NAO,N,FEMININO,2022,ESCOLA PUBLICA,2008,-1.0,14,0.0
313,2023,4.0,4.0,0,7.011091667,AMETISTA,10.0,3.9,8.7,9.2,2.52,7.65625,7.75,4.0,2.8,5.0,,,4L,FEMININO,2022,PUBLICA,2008,0.0,15,1.0
313,2024,4.0,5.0,-1,7.2528500000000005,AMETISTA,5.0,4.833333333333333,9.666666666666666,8.751,5.63,7.8125,8.1675,1.0,8.0,5.5,,,4L,FEMININO,2022,PUBLICA,2008,-1.0,16,
314,2022,3.0,3.0,0,6.1,AGATA,10.0,5.3,5.4,5.4,5.0,,6.0,4.3,3.3,8.3,NAO,NAO,N,FEMININO,2022,ESCOLA PUBLICA,2009,0.0,13,
315,2022,3.0,3.0,0,5.672,QUARTZO,10.0,3.0,5.1,6.7,7.5,,5.056,3.0,4.2,1.8,NAO,NAO,N,FEMININO,2022,ESCOLA PUBLICA,2009,0.0,13,1.0
315,2023,3.0,4.0,-1,5.977708333,QUARTZO,5.0,6.3,6.8,0.0,5.0,7.96875,7.8375,5.7,6.8,6.3,,,3N,FEMININO,2022,PUBLICA,2009,-1.0,14,1.0
315,2024,4.0,5.0,-1,6.0768703704,AGATA,5.0,6.833333333333333,5.918518518666667,0.0,7.51,7.5,7.6275,6.5,6.5,7.5,,,4M,FEMININO,2022,PUBLICA,2009,-1.0,15,
316,2022,3.0,4.0,-1,7.889,AMETISTA,5.0,6.1,10.0,10.0,6.9,,8.389,7.0,6.5,4.7,SIM,SIM,N,FEMININO,2022,ESCOLA PUBLICA,2008,-1.0,14,0.0
316,2023,4.0,4.0,0,8.436908333,TOPAZIO,10.0,5.7,9.5,10.0,7.52,8.59375,8.96,6.3,5.7,5.0,,,4M,FEMININO,2022,PUBLICA,2008,0.0,15,0.0
316,2024,5.0,5.0,0,8.708925,TOPAZIO,10.0,8.0,10.0,9.168,7.51,7.65625,8.3775,8.5,7.0,8.5,,,5M,FEMININO,2022,PRIVADA PROGRAMA DE APADRINHAMENTO,2008,0.0,16,
317,2022,3.0,3.0,0,7.04,AMETISTA,10.0,6.8,5.6,8.8,7.5,,5.944,4.7,5.7,10.0,NAO,NAO,N,MASCULINO,2021,ESCOLA PUBLICA,2009,0.0,13,
318,2022,3.0,4.0,-1,6.527,AGATA,5.0,5.8,6.9,8.3,6.9,,6.111,4.3,5.8,7.3,NAO,NAO,N,FEMININO,2019,ESCOLA PUBLICA,2008,-1.0,14,1.0
318,2023,4.0,5.0,-1,6.856575,AGATA,5.0,4.9,8.1,7.9,6.26,7.96875,7.71,5.0,5.0,4.7,,,4M,FEMININO,2019,PUBLICA,2008,-1.0,15,1.0
318,2024,5.0,6.0,-1,7.025000925866668,AMETISTA,5.0,4.666666666666667,9.129629629666667,7.917,7.51,7.34375,7.443333333,2.0,6.0,6.0,,,5L,FEMININO,2021,PUBLICA,2008,-1.0,16,
319,2022,3.0,3.0,0,7.448,AMETISTA,10.0,5.2,7.7,9.2,7.5,,7.5,6.3,4.3,5.0,NAO,NAO,N,MASCULINO,2022,ESCOLA PUBLICA,2009,0.0,13,0.0
319,2023,4.0,4.0,0,8.367208333,TOPAZIO,10.0,7.2,9.2,9.6,5.0,8.59375,8.88,5.7,5.8,10.0,,,4N,MASCULINO,2022,CONCLUIU O 3O EM,2009,0.0,14,0.0
319,2024,5.0,5.0,0,7.948699561466667,AMETISTA,10.0,5.833333333333333,9.024122807,9.585,7.51,7.34375,7.666666667,4.0,5.0,8.5,,,5L,MASCULINO,2022,PUBLICA,2009,0.0,15,
320,2022,3.0,4.0,-1,7.897,AMETISTA,5.0,6.4,10.0,8.8,6.9,,8.667,7.3,6.3,5.7,SIM,SIM,N,FEMININO,2022,ESCOLA PUBLICA,2008,-1.0,14,0.0
320,2023,4.0,4.0,0,8.393508333,TOPAZIO,10.0,5.5,9.9,9.2,7.52,8.59375,8.96,5.7,6.0,4.7,,,4M,FEMININO,2022,PUBLICA,2008,0.0,15,0.0
320,2024,5.0,5.0,0,8.442258333333335,TOPAZIO,10.0,6.666666666666667,10.0,9.168,7.51,7.65625,8.3775,7.5,5.5,7.0,,,5M,FEMININO,2022,PRIVADA PROGRAMA DE APADRINHAMENTO,2008,0.0,16,
321,2022,3.0,3.0,0,7.792,AMETISTA,10.0,5.2,9.1,9.2,5.6,,8.278,5.7,6.2,3.7,SIM,NAO,N,FEMININO,2022,ESCOLA PUBLICA,2010,0.0,12,0.0
321,2023,4.0,3.0,1,7.695233333,AMETISTA,10.0,6.2,9.4,8.3,2.52,8.125,8.42,6.0,5.8,6.7,,,4N,FEMININO,2022,PUBLICA,2010,1.0,13,0.0
321,2024,5.0,4.0,1,8.125807932933334,TOPAZIO,10.0,7.166666666666667,9.534706331,7.917,6.26,8.125,7.776666667,6.0,6.0,9.5,,,5N,FEMININO,2022,PUBLICA,2010,1.0,14,
322,2022,3.0,3.0,0,6.859,AGATA,10.0,4.7,8.1,7.1,5.0,,6.778,4.3,5.7,4.0,NAO,NAO,N,FEMININO,2022,ESCOLA PUBLICA,2009,0.0,13,0.0
322,2023,4.0,4.0,0,7.037808333,AMETISTA,10.0,5.3,8.3,6.7,2.52,7.96875,8.045,4.0,5.5,6.3,,,4N,FEMININO,2022,PUBLICA,2009,0.0,14,
323,2022,3.0,3.0,0,6.86,AGATA,10.0,3.4,7.3,9.2,7.5,,6.611,7.3,2.5,0.5,NAO,NAO,N,MASCULINO,2022,ESCOLA PUBLICA,2009,0.0,13,
324,2022,2.0,2.0,0,8.27,TOPAZIO,10.0,6.8,9.3,10.0,6.9,,8.611,6.3,7.2,,SIM,SIM,A,FEMININO,2022,ESCOLA PUBLICA,2012,0.0,10,0.0
324,2023,2.0,2.0,0,7.6354,AMETISTA,10.0,8.4,9.0,5.8,2.52,8.125,7.5875,8.0,8.7,,,,2D,FEMININO,2022,PUBLICA,2012,0.0,11,
325,2022,2.0,2.0,0,7.619,AMETISTA,10.0,6.0,6.8,9.5,7.5,,8.444,6.0,6.0,,SIM,SIM,A,MASCULINO,2022,ESCOLA PUBLICA,2012,0.0,10,0.0
325,2023,2.0,2.0,0,6.243,AGATA,10.0,5.6,7.1,0.0,5.0,8.125,7.0025,3.8,7.3,,,,2D,MASCULINO,2022,PUBLICA,2012,0.0,11,0.0
325,2024,3.0,3.0,0,8.385133333233336,TOPAZIO,10.0,7.0,9.866666666666667,9.168,7.51,8.333333333,7.553333333,7.0,5.5,8.5,,,3C,MASCULINO,2022,PUBLICA,2012,0.0,12,
326,2022,2.0,3.0,-1,8.22,TOPAZIO,5.0,9.0,9.7,10.0,5.0,,8.944,8.7,9.3,,SIM,SIM,A,FEMININO,2022,ESCOLA PUBLICA,2010,-1.0,12,0.0
326,2023,3.0,3.0,0,8.65075,TOPAZIO,10.0,8.2,9.4,9.6,3.14,9.0625,9.76,8.3,7.5,8.8,,,3A,FEMININO,2022,PRIVADA,2010,0.0,13,0.0
326,2024,4.0,3.0,1,8.832389092333335,TOPAZIO,10.0,9.333333333333334,8.973112128333334,9.168,6.26,8.875,8.704,10.0,9.0,9.0,,,4A,FEMININO,2022,PRIVADA,2010,1.0,14,
327,2022,2.0,2.0,0,6.986,AGATA,10.0,2.8,8.8,8.5,7.5,,7.333,2.3,3.2,,NAO,NAO,A,MASCULINO,2021,ESCOLA PUBLICA,2011,0.0,11,
328,2022,2.0,3.0,-1,6.823,AGATA,5.0,5.3,7.0,10.0,7.5,,7.5,4.0,6.5,,NAO,NAO,A,MASCULINO,2020,ESCOLA PUBLICA,2010,-1.0,12,
329,2022,2.0,2.0,0,6.313,AGATA,10.0,5.0,6.9,7.4,4.4,,5.778,3.0,7.0,,NAO,NAO,A,MASCULINO,2019,ESCOLA PUBLICA,2011,0.0,11,
330,2022,2.0,4.0,-2,6.446,AGATA,5.0,2.5,8.8,9.5,7.5,,7.056,2.3,2.7,,NAO,NAO,A,FEMININO,2018,ESCOLA PUBLICA,2008,-2.0,14,1.0
330,2023,3.0,5.0,-2,6.084875,AGATA,5.0,3.3,7.2,9.6,6.89,6.71875,5.8275,3.8,3.8,2.3,,,3A,FEMININO,2018,PUBLICA,2008,-2.0,15,
331,2022,2.0,3.0,-1,6.636,AGATA,5.0,3.7,8.7,9.0,7.5,,6.944,2.3,5.0,,NAO,NAO,A,FEMININO,2019,ESCOLA PUBLICA,2010,-1.0,12,0.0
331,2023,3.0,3.0,0,7.039791667,AMETISTA,10.0,5.2,8.6,9.6,2.52,7.03125,6.7975,5.7,4.8,5.2,,,3B,FEMININO,2019,PUBLICA,2010,0.0,13,1.0
331,2024,3.0,4.0,-1,6.231045707066668,AGATA,5.0,3.5,7.735353535333334,8.751,8.755,6.09375,5.62,4.0,3.5,3.0,,,3B,FEMININO,2021,PUBLICA,2010,-1.0,14,
332,2022,2.0,3.0,-1,7.883,AMETISTA,5.0,7.5,9.0,9.5,8.1,,8.5,7.5,7.5,,NAO,SIM,A,MASCULINO,2017,REDE DECISAO,2009,-1.0,13,1.0
332,2023,3.0,4.0,-1,8.002591667,TOPAZIO,5.0,6.8,8.4,9.2,8.76,8.28125,9.175,6.3,7.7,6.5,,,3A,MASCULINO,2017,PRIVADA PROGRAMA DE APADRINHAMENTO,2009,-1.0,14,0.0
332,2024,4.0,3.0,1,8.421271701,TOPAZIO,10.0,7.0,7.605358505000001,9.585,9.38,8.625,8.706,7.0,7.0,7.0,,,4A,MASCULINO,2021,PRIVADA PROGRAMA DE APADRINHAMENTO,2009,1.0,15,
333,2022,2.0,4.0,-2,5.249,QUARTZO,5.0,2.9,5.8,8.0,3.8,,6.722,0.2,5.7,,NAO,NAO,A,MASCULINO,2018,ESCOLA JP II,2008,-2.0,14,
334,2022,2.0,2.0,0,7.961,AMETISTA,10.0,8.0,9.2,6.9,4.4,,8.722,7.0,9.0,,NAO,SIM,A,FEMININO,2019,REDE DECISAO,2011,0.0,11,
335,2022,2.0,2.0,0,7.902,AMETISTA,10.0,7.4,9.4,9.5,7.5,,6.833,5.8,9.0,,NAO,NAO,A,MASCULINO,2022,ESCOLA PUBLICA,2012,0.0,10,
336,2022,2.0,3.0,-1,6.787,AGATA,5.0,5.1,8.5,9.5,4.4,,7.889,4.5,5.7,,NAO,NAO,A,MASCULINO,2016,ESCOLA PUBLICA,2009,-1.0,13,1.0
336,2023,3.0,4.0,-1,5.887708333,QUARTZO,5.0,5.1,7.5,0.0,6.89,7.34375,7.255,6.7,5.2,3.3,,,3B,MASCULINO,2016,PUBLICA,2009,-1.0,14,0.0
336,2024,4.0,4.0,0,6.834286748466667,AGATA,10.0,5.833333333333333,5.512100409000001,7.5,6.26,7.5,7.196,6.0,6.5,5.0,,,4A,MASCULINO,2021,PUBLICA,2009,0.0,15,
337,2022,2.0,2.0,0,7.914,AMETISTA,10.0,5.8,9.3,10.0,7.5,,7.611,7.5,4.0,,NAO,NAO,B,MASCULINO,2022,ESCOLA PUBLICA,2011,0.0,11,
338,2022,2.0,3.0,-1,6.837,AGATA,5.0,5.8,7.3,8.5,7.5,,7.611,5.3,6.2,,NAO,NAO,B,MASCULINO,2019,ESCOLA PUBLICA,2010,-1.0,12,0.0
338,2023,3.0,3.0,0,8.287441667,TOPAZIO,10.0,6.7,9.1,8.3,7.52,8.59375,8.38,8.7,7.0,4.5,,,3D,MASCULINO,2019,PUBLICA,2010,0.0,13,0.0
338,2024,4.0,4.0,0,8.052795331466667,TOPAZIO,10.0,6.833333333333333,7.441643324,9.168,7.51,7.625,8.8375,5.0,8.0,7.5,,,4B,MASCULINO,2021,PUBLICA,2010,0.0,14,
339,2022,2.0,2.0,0,8.488,TOPAZIO,10.0,8.1,9.9,6.9,7.5,,8.889,7.1,9.2,,SIM,SIM,B,FEMININO,2019,ESCOLA PUBLICA,2011,0.0,11,0.0
339,2023,3.0,3.0,0,7.377583333,AMETISTA,10.0,7.1,8.9,0.0,7.52,7.8125,8.255,7.7,5.7,7.8,,,3D,FEMININO,2019,PUBLICA,2011,0.0,12,0.0
339,2024,4.0,3.0,1,7.711540746133334,AMETISTA,10.0,8.166666666666666,7.155537064000001,7.5,5.635,8.0,7.668,8.0,7.0,9.5,,,4A,FEMININO,2021,PUBLICA,2011,1.0,13,
340,2022,2.0,2.0,0,7.721,AMETISTA,10.0,6.5,8.2,9.0,7.5,,7.667,6.0,7.0,,NAO,NAO,B,MASCULINO,2017,ESCOLA PUBLICA,2011,0.0,11,1.0
340,2023,2.0,3.0,-1,7.059666667,AMETISTA,5.0,8.9,9.6,0.0,2.52,9.166666667,8.505,9.0,8.7,,,,2B,MASCULINO,2017,PUBLICA,2011,-1.0,12,0.0
340,2024,3.0,3.0,0,6.715437329466668,AGATA,10.0,5.166666666666667,6.585769980666666,7.917,7.51,6.5625,5.83,6.0,7.0,2.5,,,3D,MASCULINO,2021,PUBLICA,2011,0.0,13,
341,2022,2.0,3.0,-1,6.854,AGATA,5.0,5.8,7.7,8.0,7.5,,7.5,5.0,6.5,,NAO,NAO,B,MASCULINO,2022,ESCOLA PUBLICA,2010,-1.0,12,
342,2022,2.0,4.0,-2,6.941,AGATA,5.0,6.6,6.7,9.0,7.5,,7.5,5.5,7.7,,NAO,NAO,B,FEMININO,2021,ESCOLA PUBLICA,2008,-2.0,14,1.0
342,2023,3.0,5.0,-2,7.539875,AMETISTA,5.0,6.6,8.6,7.5,7.52,7.96875,8.505,6.3,7.8,5.7,,,3D,FEMININO,2021,PUBLICA,2008,-2.0,15,1.0
342,2024,4.0,5.0,-1,6.757026587266667,AGATA,5.0,4.5,7.728174603333334,8.751,6.26,7.65625,7.723333333,6.5,7.0,0.0,,,4C,FEMININO,2021,PUBLICA,2008,-1.0,16,
343,2022,2.0,4.0,-2,6.9,AGATA,5.0,5.9,7.4,9.5,7.5,,7.167,4.2,7.7,,NAO,NAO,B,MASCULINO,2020,ESCOLA PUBLICA,2008,-2.0,14,1.0
343,2023,3.0,5.0,-2,6.779591667,AGATA,5.0,5.7,7.2,9.2,6.26,7.65625,6.9225,4.5,6.7,6.0,,,3B,MASCULINO,2020,PUBLICA,2008,-2.0,15,
344,2022,2.0,2.0,0,7.263,AMETISTA,10.0,4.5,8.3,8.5,7.5,,7.5,2.3,6.7,,NAO,NAO,B,MASCULINO,2019,ESCOLA PUBLICA,2011,0.0,11,
345,2022,2.0,3.0,-1,5.75,QUARTZO,5.0,3.6,5.4,9.5,5.6,,6.667,1.3,5.8,,NAO,NAO,B,MASCULINO,2021,ESCOLA PUBLICA,2009,-1.0,13,1.0
345,2023,3.0,4.0,-1,6.534766667,AGATA,5.0,4.6,6.8,8.8,6.26,8.125,7.1725,5.7,5.7,2.5,,,3B,MASCULINO,2021,PUBLICA,2009,-1.0,14,
346,2022,2.0,2.0,0,8.143,TOPAZIO,10.0,7.0,9.1,10.0,7.5,,7.889,6.0,8.0,,NAO,NAO,B,MASCULINO,2022,ESCOLA PUBLICA,2012,0.0,10,0.0
346,2023,3.0,2.0,1,7.305541667,AMETISTA,10.0,6.2,9.4,0.0,8.14,7.96875,7.84,6.7,5.5,6.5,,,3B,MASCULINO,2022,PUBLICA,2012,1.0,11,0.0
346,2024,3.0,3.0,0,7.761749603200001,AMETISTA,10.0,6.166666666666667,9.149206349333333,10.002,2.51,7.96875,8.2525,6.0,4.5,8.0,,,3A,MASCULINO,2022,PUBLICA,2012,0.0,12,
347,2022,2.0,3.0,-1,7.908,AMETISTA,5.0,8.5,10.0,9.0,5.6,,8.0,8.5,8.5,,SIM,NAO,B,FEMININO,2019,ESCOLA PUBLICA,2010,-1.0,12,0.0
347,2023,3.0,3.0,0,7.61835,AMETISTA,10.0,7.3,9.5,6.7,2.52,7.8125,7.7925,6.7,6.2,9.0,,,3D,FEMININO,2019,PUBLICA,2010,0.0,13,0.0
347,2024,4.0,3.0,1,8.384742583733333,TOPAZIO,10.0,7.666666666666667,9.673046251999999,8.751,6.885,8.0,7.766,6.5,7.5,9.0,,,4A,FEMININO,2021,PUBLICA,2010,1.0,14,
348,2022,2.0,3.0,-1,5.864,QUARTZO,5.0,1.8,8.7,9.0,7.5,,5.833,0.5,3.0,,NAO,NAO,B,MASCULINO,2022,ESCOLA PUBLICA,2010,-1.0,12,1.0
348,2023,2.0,3.0,-1,6.817866667,AGATA,5.0,4.4,8.7,10.0,2.52,8.541666667,8.0075,2.0,6.7,,,,2B,MASCULINO,2022,PUBLICA,2010,-1.0,13,
349,2022,2.0,3.0,-1,5.658,QUARTZO,5.0,3.7,7.7,9.5,7.5,,3.944,2.2,5.2,,NAO,NAO,B,MASCULINO,2021,ESCOLA PUBLICA,2010,-1.0,12,
350,2022,2.0,2.0,0,8.206,TOPAZIO,10.0,6.5,8.8,10.0,7.5,,8.611,7.0,6.0,,NAO,SIM,D,FEMININO,2022,ESCOLA PUBLICA,2011,0.0,11,1.0
350,2023,2.0,3.0,-1,7.972033333,AMETISTA,5.0,9.0,9.7,10.0,2.52,8.958333333,7.92,8.8,9.2,,,,2D,FEMININO,2022,PUBLICA,2011,-1.0,12,
351,2022,2.0,4.0,-2,6.622,AGATA,5.0,4.0,7.2,9.0,7.5,,8.111,3.2,4.8,,NAO,NAO,D,MASCULINO,2022,ESCOLA PUBLICA,2008,-2.0,14,
352,2022,2.0,2.0,0,7.834,AMETISTA,10.0,7.0,8.1,9.0,5.6,,8.389,7.3,6.7,,NAO,SIM,D,MASCULINO,2019,ESCOLA PUBLICA,2011,0.0,11,0.0
352,2023,3.0,3.0,0,7.840341667,AMETISTA,10.0,7.2,8.1,9.2,6.26,7.96875,7.17,8.2,6.0,7.5,,,3B,MASCULINO,2019,PUBLICA,2011,0.0,12,0.0
352,2024,4.0,3.0,1,5.9794829346,QUARTZO,10.0,3.1666666666666665,4.453748006333333,8.334,6.26,6.375,6.7925,2.0,5.5,2.0,,,4B,MASCULINO,2021,PUBLICA,2011,1.0,13,
353,2022,2.0,2.0,0,8.264,TOPAZIO,10.0,7.5,10.0,7.0,7.5,,8.444,8.0,7.0,,NAO,SIM,D,FEMININO,2022,ESCOLA PUBLICA,2011,0.0,11,0.0
353,2023,3.0,3.0,0,8.309016667,TOPAZIO,10.0,8.4,9.9,8.8,2.52,7.8125,8.67,8.5,7.3,9.5,,,3D,FEMININO,2022,PUBLICA,2011,0.0,12,
354,2022,2.0,3.0,-1,5.858,QUARTZO,5.0,4.5,4.3,8.5,7.5,,7.333,2.8,6.2,,NAO,NAO,D,FEMININO,2018,ESCOLA PUBLICA,2009,-1.0,13,
355,2022,2.0,3.0,-1,5.379,QUARTZO,5.0,4.5,5.0,5.8,7.5,,6.056,5.5,3.5,,NAO,NAO,D,FEMININO,2018,ESCOLA PUBLICA,2010,-1.0,12,
356,2022,2.0,3.0,-1,6.69,AGATA,5.0,4.6,8.4,10.0,5.0,,8.278,5.3,3.8,,NAO,NAO,D,MASCULINO,2019,ESCOLA PUBLICA,2010,-1.0,12,0.0
356,2023,3.0,3.0,0,6.452008333,AGATA,10.0,3.4,8.5,9.2,2.52,6.09375,6.5025,4.3,4.5,1.3,,,3C,MASCULINO,2019,PUBLICA,2010,0.0,13,0.0
356,2024,4.0,3.0,1,6.627336016533334,AGATA,10.0,5.333333333333333,6.656346749333334,8.334,5.635,5.25,6.5375,1.0,7.0,8.0,,,4B,MASCULINO,2021,PUBLICA,2010,1.0,14,
357,2022,2.0,3.0,-1,7.836,AMETISTA,5.0,8.5,9.6,8.0,7.5,,7.778,10.0,7.0,,NAO,NAO,D,MASCULINO,2022,ESCOLA PUBLICA,2010,-1.0,12,1.0
357,2023,2.0,3.0,-1,8.2832,TOPAZIO,5.0,8.7,9.6,8.5,7.52,8.75,8.23,8.7,8.7,,,,2I,MASCULINO,2022,PUBLICA,2010,-1.0,13,1.0
357,2024,3.0,4.0,-1,7.731569404200001,AMETISTA,5.0,7.666666666666667,9.028180354333333,8.751,8.135,7.875,7.0825,8.5,7.0,7.5,,,3I,MASCULINO,2022,PUBLICA,2010,-1.0,14,
358,2022,2.0,3.0,-1,5.412,QUARTZO,5.0,0.0,6.5,7.5,7.5,,7.556,0.0,0.0,,NAO,NAO,D,MASCULINO,2022,ESCOLA PUBLICA,2009,-1.0,13,
359,2022,2.0,3.0,-1,6.606,AGATA,5.0,4.6,7.0,9.0,7.5,,7.5,3.3,5.8,,NAO,NAO,D,FEMININO,2019,ESCOLA PUBLICA,2010,-1.0,12,0.0
359,2023,3.0,3.0,0,7.627125,AMETISTA,10.0,5.8,9.2,9.6,2.52,7.65625,8.255,6.0,6.7,4.7,,,3C,FEMININO,2019,PUBLICA,2010,0.0,13,0.0
359,2024,4.0,3.0,1,7.492006349133335,AMETISTA,10.0,5.5,7.162698412666667,9.168,6.26,7.5,8.333333333,4.0,4.5,8.0,,,4C,FEMININO,2021,PUBLICA,2010,1.0,14,
360,2022,2.0,3.0,-1,7.075,AMETISTA,5.0,5.2,8.5,9.5,7.5,,7.5,4.7,5.7,,NAO,NAO,D,FEMININO,2019,ESCOLA PUBLICA,2010,-1.0,12,0.0
360,2023,3.0,3.0,0,5.790875,QUARTZO,10.0,4.3,7.3,0.0,2.52,7.34375,7.4225,5.3,4.8,2.8,,,3C,FEMININO,2019,PUBLICA,2010,0.0,13,1.0
360,2024,3.0,4.0,-1,6.293175689166667,AGATA,5.0,5.833333333333333,5.618045113,8.334,5.0,7.708333333,6.993333333,4.0,6.0,7.5,,,3C,FEMININO,2021,PUBLICA,2010,-1.0,14,
361,2022,2.0,3.0,-1,6.731,AGATA,5.0,5.0,9.2,7.9,6.3,,6.778,4.0,6.0,,NAO,NAO,F,FEMININO,2022,ESCOLA PUBLICA,2009,-1.0,13,
362,2022,2.0,3.0,-1,7.413,AMETISTA,5.0,7.9,7.9,8.5,7.5,,7.5,6.5,9.3,,NAO,NAO,F,FEMININO,2018,ESCOLA PUBLICA,2010,-1.0,12,0.0
362,2023,3.0,3.0,0,6.392625,AGATA,10.0,5.1,7.5,0.0,7.52,7.03125,7.0875,5.7,6.8,2.8,,,3G,FEMININO,2018,PUBLICA,2010,0.0,13,
363,2022,2.0,3.0,-1,6.644,AGATA,5.0,2.0,10.0,10.0,6.9,,7.056,1.0,3.0,,NAO,NAO,F,MASCULINO,2022,ESCOLA PUBLICA,2010,-1.0,12,1.0
363,2023,2.0,3.0,-1,6.680833333,AGATA,5.0,6.8,9.9,0.0,2.52,8.541666667,8.673333333,6.8,6.8,,,,2F,MASCULINO,2022,PUBLICA,2010,-1.0,13,0.0
363,2024,3.0,3.0,0,7.617803571466666,AMETISTA,10.0,5.333333333333333,9.523809524,9.585,5.625,7.34375,6.955,4.0,3.5,8.5,,,3D,MASCULINO,2022,PRIVADA,2010,0.0,14,
364,2022,2.0,2.0,0,8.75,TOPAZIO,10.0,8.8,10.0,9.5,7.5,,8.167,9.5,8.0,,NAO,NAO,F,MASCULINO,2019,ESCOLA PUBLICA,2011,0.0,11,0.0
364,2023,3.0,3.0,0,7.734891667,AMETISTA,10.0,5.8,9.0,8.8,6.89,7.03125,7.505,8.0,5.2,4.3,,,3G,MASCULINO,2019,PUBLICA,2011,0.0,12,0.0
364,2024,3.0,3.0,0,8.2697037582,TOPAZIO,10.0,7.5,9.526143791,8.751,7.51,7.96875,7.2075,8.0,5.0,9.5,,,3G,MASCULINO,2021,PUBLICA,2011,0.0,13,
365,2022,2.0,2.0,0,8.063,TOPAZIO,10.0,7.8,10.0,8.0,5.0,,7.833,6.0,9.5,,NAO,NAO,F,FEMININO,2022,ESCOLA PUBLICA,2012,0.0,10,0.0
365,2023,2.0,2.0,0,8.6587,TOPAZIO,10.0,8.7,9.9,10.0,2.52,8.958333333,8.953333333,8.2,9.2,,,,2G,FEMININO,2022,PUBLICA,2012,0.0,11,0.0
365,2024,3.0,2.0,1,8.526983333333334,TOPAZIO,10.0,6.666666666666667,10.0,9.585,7.51,8.4375,8.202,8.0,7.0,5.0,,,3H,FEMININO,2022,PUBLICA,2012,1.0,12,
366,2022,2.0,3.0,-1,7.181,AMETISTA,5.0,5.5,9.4,9.5,7.5,,6.833,6.0,5.0,,NAO,NAO,F,MASCULINO,2022,ESCOLA PUBLICA,2010,-1.0,12,
367,2022,2.0,3.0,-1,6.95,AGATA,5.0,6.7,7.4,8.5,6.3,,7.5,5.2,8.2,,NAO,NAO,F,FEMININO,2018,ESCOLA PUBLICA,2010,-1.0,12,0.0
367,2023,3.0,3.0,0,7.38685,AMETISTA,10.0,5.9,8.7,8.8,2.52,7.8125,7.7925,7.0,5.5,5.2,,,3F,FEMININO,2018,PUBLICA,2010,0.0,13,0.0
367,2024,4.0,3.0,1,7.209434085200001,AMETISTA,10.0,5.0,7.268170426,9.168,6.26,6.875,7.6275,2.0,5.5,7.5,,,4B,FEMININO,2021,PUBLICA,2010,1.0,14,
368,2022,2.0,3.0,-1,6.969,AGATA,5.0,7.3,7.9,8.0,5.0,,7.5,5.5,9.0,,NAO,NAO,F,MASCULINO,2018,REDE DECISAO,2009,-1.0,13,1.0
368,2023,3.0,4.0,-1,5.796458333,QUARTZO,5.0,6.7,7.7,0.0,2.52,7.03125,7.34,5.0,7.2,7.8,,,3F,MASCULINO,2018,PUBLICA,2009,-1.0,14,1.0
368,2024,3.0,4.0,-1,6.782158333333333,AGATA,5.0,7.0,6.166666666666667,7.917,7.51,7.65625,6.7025,4.5,7.0,9.5,,,3G,MASCULINO,2021,PUBLICA,2009,-1.0,15,
369,2022,2.0,2.0,0,6.973,AGATA,10.0,4.8,6.9,9.0,7.5,,6.889,4.0,5.5,,NAO,NAO,F,MASCULINO,2022,ESCOLA PUBLICA,2011,0.0,11,1.0
369,2023,2.0,3.0,-1,6.0197,AGATA,5.0,4.0,4.1,10.0,5.0,8.541666667,7.726666667,5.0,3.0,,,,2F,MASCULINO,2022,PUBLICA,2011,-1.0,12,0.0
369,2024,3.0,3.0,0,5.667282265,QUARTZO,10.0,1.6666666666666667,4.908119658333334,8.751,7.51,6.40625,5.428,0.0,0.0,5.0,,,3H,MASCULINO,2022,PUBLICA,2011,0.0,13,
370,2022,2.0,3.0,-1,7.066,AMETISTA,5.0,7.2,8.2,8.5,5.0,,7.611,5.2,9.2,,NAO,NAO,F,FEMININO,2018,REDE DECISAO,2010,-1.0,12,
371,2022,2.0,2.0,0,8.112,TOPAZIO,10.0,8.4,8.0,9.5,6.9,,7.667,7.8,9.0,,NAO,NAO,F,FEMININO,2022,ESCOLA PUBLICA,2012,0.0,10,
372,2022,2.0,2.0,0,7.304,AMETISTA,10.0,7.8,5.5,8.5,6.9,,7.389,8.3,7.2,,NAO,NAO,F,MASCULINO,2021,ESCOLA PUBLICA,2012,0.0,10,
373,2022,2.0,2.0,0,7.503,AMETISTA,10.0,7.3,9.5,6.4,5.0,,6.944,6.5,8.0,,NAO,NAO,F,MASCULINO,2022,ESCOLA PUBLICA,2011,0.0,11,1.0
373,2023,2.0,3.0,-1,6.805,AGATA,5.0,8.4,9.7,0.0,2.52,8.75,7.84,7.7,9.0,,,,2G,MASCULINO,2022,PUBLICA,2011,-1.0,12,
374,2022,2.0,3.0,-1,7.747,AMETISTA,5.0,6.9,9.8,9.0,7.5,,7.944,5.3,8.5,,NAO,NAO,F,FEMININO,2021,ESCOLA PUBLICA,2010,-1.0,12,0.0
374,2023,3.0,3.0,0,7.533891667,AMETISTA,10.0,5.4,8.3,8.8,5.63,7.65625,7.9175,6.3,6.3,3.7,,,3F,FEMININO,2021,PRIVADA,2010,0.0,13,
375,2022,2.0,2.0,0,7.831,AMETISTA,10.0,5.4,9.5,9.0,7.5,,7.667,3.3,7.5,,NAO,NAO,F,MASCULINO,2019,ESCOLA PUBLICA,2011,0.0,11,1.0
375,2023,2.0,3.0,-1,7.070833333,AMETISTA,5.0,7.9,9.9,0.0,5.0,8.541666667,8.283333333,6.8,9.0,,,,2F,MASCULINO,2019,PUBLICA,2011,-1.0,12,0.0
375,2024,3.0,3.0,0,7.970034615400001,AMETISTA,10.0,6.833333333333333,9.443589743666667,9.585,7.51,7.1875,6.432,9.0,5.5,6.0,,,3H,MASCULINO,2021,PUBLICA,2011,0.0,13,
376,2022,2.0,3.0,-1,6.957,AGATA,5.0,4.3,9.0,9.0,7.5,,7.5,2.0,6.7,,NAO,NAO,F,FEMININO,2019,ESCOLA PUBLICA,2010,-1.0,12,1.0
376,2023,2.0,3.0,-1,7.1392,AMETISTA,5.0,5.9,9.6,8.5,2.52,7.916666667,8.226666667,4.3,7.5,,,,2F,FEMININO,2019,PUBLICA,2010,-1.0,13,1.0
376,2024,3.0,4.0,-1,5.896573588800001,QUARTZO,5.0,2.8333333333333335,8.287284610666667,10.002,2.51,6.5625,6.325,2.0,5.0,1.5,,,3G,FEMININO,2021,PUBLICA,2010,-1.0,14,
377,2022,2.0,3.0,-1,6.743,AGATA,5.0,6.2,7.7,9.0,5.6,,6.833,4.3,8.0,,NAO,NAO,F,FEMININO,2021,ESCOLA PUBLICA,2010,-1.0,12,0.0
377,2023,3.0,3.0,0,7.205041667,AMETISTA,10.0,4.8,7.6,9.6,5.0,7.34375,7.6275,6.0,5.7,2.8,,,3F,FEMININO,2021,PUBLICA,2010,0.0,13,0.0
377,2024,4.0,4.0,0,7.480115873000001,AMETISTA,10.0,5.166666666666667,7.698412698333333,9.168,7.51,7.125,7.634,4.0,6.5,5.0,,,4F,FEMININO,2021,PUBLICA,2010,0.0,14,
378,2022,2.0,3.0,-1,7.203,AMETISTA,5.0,8.1,6.8,9.0,5.6,,7.889,8.7,7.5,,SIM,NAO,I,MASCULINO,2021,ESCOLA PUBLICA,2010,-1.0,12,
379,2022,2.0,3.0,-1,6.722,AGATA,5.0,5.0,8.1,8.5,7.5,,6.778,5.0,5.0,,NAO,NAO,I,FEMININO,2022,ESCOLA PUBLICA,2009,-1.0,13,
380,2022,2.0,3.0,-1,4.556,QUARTZO,5.0,2.5,4.4,7.9,5.0,,4.833,2.3,2.7,,NAO,NAO,I,MASCULINO,2017,ESCOLA PUBLICA,2009,-1.0,13,1.0
380,2023,3.0,4.0,-1,4.912375,QUARTZO,5.0,4.5,6.4,0.0,2.52,6.71875,6.5425,7.0,4.0,2.5,,,3F,MASCULINO,2017,PUBLICA,2009,-1.0,14,
381,2022,2.0,3.0,-1,6.454,AGATA,5.0,3.3,8.3,9.0,6.9,,6.944,1.5,5.2,,NAO,NAO,I,MASCULINO,2018,ESCOLA PUBLICA,2009,-1.0,13,1.0
381,2023,3.0,4.0,-1,5.758041667,QUARTZO,5.0,3.9,8.4,0.0,6.89,7.34375,6.84,5.3,5.3,1.2,,,3G,MASCULINO,2018,PUBLICA,2009,-1.0,14,1.0
381,2024,3.0,5.0,-2,5.940775,QUARTZO,5.0,3.6666666666666665,6.133333333333333,8.334,7.51,6.71875,6.1225,2.5,4.5,4.0,,,3G,MASCULINO,2021,PUBLICA,2009,-2.0,15,
382,2022,2.0,4.0,-2,6.777,AGATA,5.0,5.4,7.7,9.0,6.3,,7.333,4.0,6.8,,NAO,NAO,I,MASCULINO,2017,ESCOLA PUBLICA,2008,-2.0,14,1.0
382,2023,3.0,5.0,-2,6.223833333,AGATA,5.0,5.2,9.4,0.0,6.26,7.5,7.1725,5.0,5.8,4.7,,,3G,MASCULINO,2017,PUBLICA,2008,-2.0,15,1.0
382,2024,4.0,5.0,-1,5.805712280733333,QUARTZO,5.0,3.0,6.324561403666666,9.168,5.63,6.75,6.43,2.0,3.0,4.0,,,4F,MASCULINO,2021,PUBLICA,2008,-1.0,16,
383,2022,2.0,2.0,0,8.4,TOPAZIO,10.0,8.1,9.6,9.0,7.5,,7.778,8.0,8.2,,NAO,NAO,I,MASCULINO,2019,ESCOLA PUBLICA,2011,0.0,11,0.0
383,2023,3.0,3.0,0,7.5408,AMETISTA,10.0,6.5,8.8,9.2,3.14,7.5,7.5,6.3,6.2,7.0,,,3G,MASCULINO,2019,PUBLICA,2011,0.0,12,0.0
383,2024,4.0,3.0,1,8.036024386733335,TOPAZIO,10.0,5.833333333333333,8.600288600333334,9.168,7.51,7.875,8.47,1.0,8.0,8.5,,,4F,MASCULINO,2021,PUBLICA,2011,1.0,13,
384,2022,2.0,3.0,-1,7.558,AMETISTA,5.0,8.1,8.4,9.0,6.3,,8.0,8.0,8.2,,NAO,NAO,I,FEMININO,2017,ESCOLA PUBLICA,2010,-1.0,12,0.0
384,2023,3.0,3.0,0,6.757958333,AGATA,10.0,7.3,9.1,0.0,2.52,7.65625,7.335,6.3,7.2,8.3,,,3G,FEMININO,2017,PUBLICA,2010,0.0,13,0.0
384,2024,4.0,4.0,0,8.072200721466668,TOPAZIO,10.0,7.5,8.607503607333333,7.5,7.51,7.625,7.936,5.0,9.5,8.0,,,4F,FEMININO,2021,PUBLICA,2010,0.0,14,
385,2022,2.0,3.0,-1,6.083,AGATA,5.0,4.9,7.5,7.4,5.0,,6.5,2.7,7.2,,NAO,NAO,I,FEMININO,2022,ESCOLA PUBLICA,2010,-1.0,12,
386,2022,2.0,3.0,-1,6.104,AGATA,5.0,4.0,5.9,10.0,5.6,,7.222,3.7,4.3,,NAO,NAO,I,MASCULINO,2019,ESCOLA PUBLICA,2009,-1.0,13,1.0
386,2023,3.0,4.0,-1,5.758425,QUARTZO,5.0,3.3,7.0,9.2,2.52,7.03125,6.6325,5.0,3.7,1.2,,,3G,MASCULINO,2019,PUBLICA,2009,-1.0,14,
387,2022,2.0,3.0,-1,6.323,AGATA,5.0,3.7,8.2,7.0,7.5,,6.833,1.3,6.0,,NAO,NAO,I,MASCULINO,2019,ESCOLA PUBLICA,2009,-1.0,13,1.0
387,2023,3.0,4.0,-1,4.794333333,QUARTZO,5.0,3.0,6.8,0.0,2.52,6.875,7.0075,4.3,2.8,1.8,,,3F,MASCULINO,2019,PUBLICA,2009,-1.0,14,1.0
387,2024,3.0,4.0,-1,6.125500000000001,AGATA,5.0,4.333333333333333,7.166666666666667,7.5,7.51,6.25,5.9975,5.0,4.0,4.0,,,3G,MASCULINO,2021,PUBLICA,2009,-1.0,15,
388,2022,2.0,4.0,-2,6.654,AGATA,5.0,4.5,8.5,7.9,5.6,,7.722,3.5,5.5,,NAO,NAO,I,FEMININO,2019,ESCOLA PUBLICA,2008,-2.0,14,1.0
388,2023,3.0,5.0,-2,5.630833333,QUARTZO,5.0,4.2,7.4,0.0,5.63,6.875,7.835,6.0,4.3,2.2,,,3F,FEMININO,2019,PUBLICA,2008,-2.0,15,1.0
388,2024,4.0,5.0,-1,5.965307936466667,QUARTZO,5.0,4.333333333333333,6.349206349,7.5,7.51,6.75,5.764,1.0,7.0,5.0,,,4F,FEMININO,2021,PUBLICA,2008,-1.0,16,
389,2022,2.0,2.0,0,7.184,AMETISTA,10.0,3.5,8.9,8.0,7.5,,7.556,2.0,5.0,,NAO,NAO,I,MASCULINO,2019,ESCOLA PUBLICA,2011,0.0,11,1.0
389,2023,2.0,3.0,-1,6.687,AGATA,5.0,8.2,8.2,0.0,2.52,8.75,8.95,6.8,9.5,,,,2H,MASCULINO,2019,PUBLICA,2011,-1.0,12,0.0
389,2024,3.0,3.0,0,7.2079551282,AMETISTA,10.0,5.166666666666667,6.674358974333333,9.585,8.76,6.5625,6.745,6.5,4.0,5.0,,,3G,MASCULINO,2021,PUBLICA,2011,0.0,13,
390,2022,2.0,3.0,-1,6.776,AGATA,5.0,4.7,8.8,7.4,6.3,,7.722,4.0,5.3,,NAO,NAO,I,FEMININO,2022,ESCOLA PUBLICA,2010,-1.0,12,0.0
390,2023,3.0,3.0,0,6.905741667,AGATA,10.0,4.8,8.8,7.9,2.52,7.34375,7.005,5.7,5.8,3.0,,,3G,FEMININO,2022,PUBLICA,2010,0.0,13,0.0
390,2024,3.0,3.0,0,6.5472236842000004,AGATA,10.0,4.166666666666667,6.080701754333333,7.5,8.755,6.5625,6.08,3.0,2.5,7.0,,,3G,FEMININO,2022,PUBLICA,2010,0.0,14,
391,2022,2.0,3.0,-1,7.117,AMETISTA,5.0,5.1,8.1,10.0,7.5,,8.056,5.0,5.2,,NAO,NAO,J,FEMININO,2022,ESCOLA PUBLICA,2010,-1.0,12,0.0
391,2023,3.0,3.0,0,6.5107,AGATA,10.0,3.5,7.5,7.9,2.52,7.5,7.585,4.2,5.0,1.3,,,3I,FEMININO,2022,PUBLICA,2010,0.0,13,
392,2022,2.0,4.0,-2,6.418,AGATA,5.0,4.8,8.8,9.5,5.6,,6.778,3.7,5.8,,NAO,NAO,J,MASCULINO,2022,ESCOLA PUBLICA,2008,-2.0,14,1.0
392,2023,3.0,5.0,-2,6.567208333,AGATA,5.0,4.6,9.5,9.6,2.52,6.09375,7.17,6.2,4.7,2.8,,,3I,MASCULINO,2022,PUBLICA,2008,-2.0,15,1.0
392,2024,4.0,5.0,-1,4.3639463364,QUARTZO,5.0,1.0,5.414731682,9.585,5.635,3.5,3.545,0.0,2.0,1.0,,,4B,MASCULINO,2022,PUBLICA,2008,-1.0,16,
393,2022,2.0,6.0,-4,5.518,QUARTZO,2.5,4.6,5.4,10.0,5.0,,6.778,4.7,4.5,,NAO,NAO,J,FEMININO,2018,ESCOLA PUBLICA,2006,-4.0,16,
394,2022,2.0,2.0,0,7.897,AMETISTA,10.0,5.9,8.6,9.5,7.5,,8.444,4.3,7.5,,NAO,SIM,J,FEMININO,2022,ESCOLA PUBLICA,2011,0.0,11,
395,2022,2.0,2.0,0,7.683,AMETISTA,10.0,4.9,8.9,9.0,7.5,,8.333,4.2,5.7,,NAO,NAO,J,FEMININO,2018,ESCOLA PUBLICA,2011,0.0,11,0.0
395,2023,3.0,3.0,0,7.469175,AMETISTA,10.0,6.0,8.6,9.2,2.52,7.96875,7.9175,6.7,5.3,6.0,,,3I,FEMININO,2018,PUBLICA,2011,0.0,12,0.0
395,2024,4.0,3.0,1,7.169905291000001,AMETISTA,10.0,4.333333333333333,6.921693121666666,8.751,6.26,7.25,8.464,2.5,5.5,5.0,,,4F,FEMININO,2021,PUBLICA,2011,1.0,13,
396,2022,2.0,3.0,-1,6.556,AGATA,5.0,5.6,8.0,9.0,6.3,,6.556,4.7,6.5,,NAO,NAO,J,MASCULINO,2022,ESCOLA PUBLICA,2010,-1.0,12,
397,2022,2.0,4.0,-2,5.852,QUARTZO,5.0,2.8,5.7,9.0,6.9,,7.167,3.3,2.3,,NAO,NAO,J,FEMININO,2017,ESCOLA PUBLICA,2008,-2.0,14,1.0
397,2023,4.0,5.0,-1,6.207083333,AGATA,5.0,4.6,7.9,7.5,2.52,7.1875,7.465,6.7,5.0,2.0,,,4G,FEMININO,2017,PUBLICA,2008,-1.0,15,1.0
397,2024,4.0,6.0,-2,6.807291921866668,AGATA,5.0,5.666666666666667,7.885292942666666,7.918,5.63,7.625,7.398,5.0,4.5,7.5,,,4A,FEMININO,2021,PUBLICA,2008,-2.0,16,
398,2022,2.0,2.0,0,7.742,AMETISTA,10.0,5.5,9.3,9.0,7.5,,7.5,3.0,8.0,,NAO,NAO,K,FEMININO,2022,ESCOLA PUBLICA,2012,0.0,10,0.0
398,2023,3.0,2.0,1,7.153766667,AMETISTA,10.0,6.5,8.1,6.7,2.52,7.5,7.7925,9.3,5.8,4.5,,,3N,FEMININO,2022,PUBLICA,2012,1.0,11,0.0
398,2024,3.0,3.0,0,7.2457999999666685,AMETISTA,10.0,8.0,5.733333333333333,7.083,7.51,7.291666667,6.553333333,8.5,7.5,8.0,,,3U,FEMININO,2022,PUBLICA,2012,0.0,12,
399,2022,2.0,3.0,-1,6.58,AGATA,5.0,4.3,9.3,6.8,5.6,,7.5,3.0,5.5,,NAO,NAO,K,FEMININO,2022,ESCOLA PUBLICA,2010,-1.0,12,0.0
399,2023,3.0,3.0,0,7.000033333,AMETISTA,10.0,4.7,8.2,7.9,2.52,7.5,8.165,5.0,4.2,4.8,,,3N,FEMININO,2022,PUBLICA,2010,0.0,13,
400,2022,2.0,4.0,-2,6.042,AGATA,5.0,1.7,8.5,9.0,5.0,,7.444,1.2,2.2,,NAO,NAO,K,MASCULINO,2018,ESCOLA PUBLICA,2008,-2.0,14,1.0
400,2023,3.0,4.0,-1,6.529425,AGATA,5.0,4.1,9.0,9.2,2.52,7.65625,7.375,4.8,4.7,2.8,,,3L,MASCULINO,2018,PUBLICA,2008,-1.0,15,
401,2022,2.0,3.0,-1,6.645,AGATA,5.0,4.3,9.6,6.9,7.5,,6.722,3.7,5.0,,NAO,NAO,K,FEMININO,2021,ESCOLA PUBLICA,2010,-1.0,12,1.0
401,2023,2.0,3.0,-1,6.363666667,AGATA,5.0,7.3,8.1,4.0,2.52,7.083333333,7.116666667,6.3,8.3,,,,2K,FEMININO,2021,PUBLICA,2010,-1.0,13,0.0
401,2024,3.0,3.0,0,6.728911403533334,AGATA,10.0,4.833333333333333,6.839473684333334,6.666,6.885,6.5625,6.915,7.0,5.0,2.5,,,3L,FEMININO,2021,PUBLICA,2010,0.0,14,
402,2022,2.0,3.0,-1,5.261,QUARTZO,5.0,3.0,3.7,9.0,5.0,,7.222,4.3,1.7,,NAO,NAO,K,FEMININO,2019,ESCOLA PUBLICA,2010,-1.0,12,0.0
402,2023,3.0,3.0,0,6.632716667,AGATA,10.0,4.2,7.3,9.2,2.52,7.8125,6.88,4.7,4.0,4.0,,,3N,FEMININO,2019,PUBLICA,2010,0.0,13,0.0
402,2024,4.0,4.0,0,5.683064814833333,QUARTZO,10.0,4.166666666666667,3.074074074,7.5,6.26,6.354166667,6.1175,3.0,3.5,6.0,,,4M,FEMININO,2021,PUBLICA,2010,0.0,14,
403,2022,2.0,3.0,-1,7.455,AMETISTA,5.0,6.3,9.3,9.5,7.5,,7.5,6.5,6.2,,NAO,NAO,K,MASCULINO,2020,ESCOLA PUBLICA,2010,-1.0,12,1.0
403,2023,2.0,3.0,-1,7.716366667,AMETISTA,5.0,7.8,8.8,8.5,6.27,7.291666667,8.45,6.8,8.8,,,,2U,MASCULINO,2020,PUBLICA,2010,-1.0,13,0.0
403,2024,3.0,3.0,0,8.008488888833334,TOPAZIO,10.0,7.666666666666667,7.361111111,8.751,7.51,8.541666667,7.613333333,6.0,8.0,9.0,,,3K,MASCULINO,2021,PUBLICA,2010,0.0,14,
404,2022,2.0,3.0,-1,6.658,AGATA,5.0,5.3,7.3,9.0,7.5,,6.944,4.0,6.5,,NAO,NAO,K,FEMININO,2020,ESCOLA PUBLICA,2010,-1.0,12,1.0
404,2023,2.0,3.0,-1,6.7093,AGATA,5.0,6.0,8.3,7.9,5.02,6.875,6.89,4.7,7.2,,,,2L,FEMININO,2020,PUBLICA,2010,-1.0,13,0.0
404,2024,3.0,3.0,0,6.624588235266668,AGATA,10.0,5.666666666666667,6.286274509666666,8.334,2.51,7.5,6.998,6.0,5.0,6.0,,,3M,FEMININO,2021,PUBLICA,2010,0.0,14,
405,2022,2.0,3.0,-1,5.661,QUARTZO,5.0,3.3,6.2,9.5,5.0,,6.0,2.7,3.8,,NAO,NAO,K,MASCULINO,2016,ESCOLA PUBLICA,2009,-1.0,13,
406,2022,2.0,3.0,-1,7.496,AMETISTA,5.0,6.6,9.5,9.5,7.5,,7.333,5.4,7.8,,NAO,NAO,K,FEMININO,2019,ESCOLA PUBLICA,2009,-1.0,13,
407,2022,2.0,3.0,-1,7.195,AMETISTA,5.0,6.0,9.3,8.5,7.5,,7.056,4.0,8.0,,NAO,NAO,K,MASCULINO,2022,ESCOLA PUBLICA,2009,-1.0,13,1.0
407,2023,3.0,4.0,-1,7.665083333,AMETISTA,5.0,7.3,8.6,9.6,7.52,7.8125,7.5,7.3,7.2,7.3,,,3L,MASCULINO,2022,PUBLICA,2009,-1.0,14,0.0
407,2024,4.0,4.0,0,7.0875128168,AMETISTA,10.0,3.6666666666666665,7.614522417333333,8.334,6.26,7.96875,7.875,2.0,5.0,4.0,,,4L,MASCULINO,2022,PUBLICA,2009,0.0,15,
408,2022,2.0,3.0,-1,6.725,AGATA,5.0,3.3,9.7,8.0,7.5,,7.333,1.0,5.5,,NAO,NAO,K,FEMININO,2022,ESCOLA PUBLICA,2010,-1.0,12,1.0
408,2023,2.0,3.0,-1,7.242133333,AMETISTA,5.0,6.8,8.5,7.9,3.77,8.333333333,8.45,6.0,7.5,,,,2L,FEMININO,2022,PUBLICA,2010,-1.0,13,0.0
408,2024,3.0,3.0,0,6.5276296297,AGATA,10.0,4.833333333333333,4.981481481666667,7.5,7.51,7.083333333,6.776666667,3.0,5.5,6.0,,,3K,FEMININO,2022,PUBLICA,2010,0.0,14,
409,2022,2.0,2.0,0,8.15,TOPAZIO,10.0,7.8,9.7,7.9,7.5,,7.5,6.0,9.5,,NAO,NAO,K,FEMININO,2022,ESCOLA PUBLICA,2011,0.0,11,1.0
409,2023,2.0,3.0,-1,7.621466667,AMETISTA,5.0,8.0,9.5,8.4,2.52,7.916666667,8.73,6.2,9.7,,,,2K,FEMININO,2022,PUBLICA,2011,-1.0,12,0.0
409,2024,3.0,3.0,0,8.225462962900002,TOPAZIO,10.0,7.166666666666667,9.231481481333333,9.585,7.51,7.916666667,7.223333333,7.0,7.5,7.0,,,3K,FEMININO,2022,PUBLICA,2011,0.0,13,
410,2022,2.0,4.0,-2,5.675,QUARTZO,5.0,2.0,6.5,7.4,6.3,,7.444,2.0,2.0,,NAO,NAO,K,MASCULINO,2018,ESCOLA PUBLICA,2008,-2.0,14,1.0
410,2023,3.0,4.0,-1,6.140808333,AGATA,5.0,4.9,5.8,8.8,7.52,6.71875,6.0425,5.0,4.8,4.8,,,3K,MASCULINO,2018,PUBLICA,2008,-1.0,15,
411,2022,2.0,3.0,-1,7.232,AMETISTA,5.0,7.1,8.6,6.4,7.5,,7.833,6.7,7.5,,NAO,NAO,L,FEMININO,2019,ESCOLA PUBLICA,2010,-1.0,12,0.0
411,2023,3.0,3.0,0,7.779983333,AMETISTA,10.0,6.6,9.0,6.2,7.52,7.8125,7.5425,5.7,6.7,7.3,,,3L,FEMININO,2019,PRIVADA,2010,0.0,13,0.0
411,2024,4.0,4.0,0,7.279762962966667,AMETISTA,10.0,4.833333333333333,9.148148147999999,7.083,5.635,7.291666667,7.4125,3.5,7.0,4.0,,,4M,FEMININO,2021,PRIVADA,2010,0.0,14,
412,2022,2.0,3.0,-1,7.556,AMETISTA,5.0,7.3,9.0,8.5,7.5,,7.778,6.5,8.2,,NAO,NAO,L,FEMININO,2018,ESCOLA PUBLICA,2010,-1.0,12,0.0
412,2023,3.0,3.0,0,7.373891667,AMETISTA,10.0,6.2,8.9,8.8,2.52,7.03125,7.585,5.8,5.2,7.7,,,3L,FEMININO,2018,PUBLICA,2010,0.0,13,0.0
412,2024,4.0,4.0,0,8.044378070166667,TOPAZIO,10.0,7.333333333333333,8.456140351,8.334,6.26,8.020833333,8.125,8.0,6.0,8.0,,,4M,FEMININO,2021,PUBLICA,2010,0.0,14,
413,2022,2.0,3.0,-1,6.408,AGATA,5.0,4.7,8.7,6.4,5.6,,7.056,4.2,5.2,,NAO,NAO,L,FEMININO,2022,ESCOLA PUBLICA,2010,-1.0,12,1.0
413,2023,2.0,3.0,-1,6.803633333,AGATA,5.0,6.3,8.9,7.9,2.52,7.291666667,7.503333333,5.8,6.7,,,,2K,FEMININO,2022,PUBLICA,2010,-1.0,13,
414,2022,2.0,3.0,-1,7.284,AMETISTA,5.0,5.9,9.3,8.0,7.5,,7.667,5.7,6.2,,NAO,NAO,L,FEMININO,2021,ESCOLA PUBLICA,2010,-1.0,12,0.0
414,2023,3.0,3.0,0,7.25025,AMETISTA,10.0,6.5,9.5,0.0,7.52,7.8125,7.585,6.0,7.0,6.5,,,3L,FEMININO,2021,PUBLICA,2010,0.0,13,0.0
414,2024,3.0,3.0,0,7.187625925933334,AMETISTA,10.0,6.0,8.429629629666666,7.917,7.51,6.25,5.67,9.0,3.0,6.0,,,3L,FEMININO,2021,PUBLICA,2010,0.0,14,
415,2022,2.0,2.0,0,7.695,AMETISTA,10.0,6.2,8.3,8.0,7.5,,8.056,4.8,7.5,,NAO,NAO,L,FEMININO,2019,ESCOLA PUBLICA,2011,0.0,11,0.0
415,2023,3.0,3.0,0,7.18805,AMETISTA,10.0,3.7,8.2,7.1,7.52,7.8125,7.8325,2.8,4.0,4.3,,,3L,FEMININO,2019,PUBLICA,2011,0.0,12,
416,2022,2.0,3.0,-1,7.913,AMETISTA,5.0,7.2,9.3,9.5,8.8,,8.222,6.7,7.7,,NAO,NAO,L,MASCULINO,2018,REDE DECISAO,2010,-1.0,12,0.0
416,2023,3.0,3.0,0,8.144425,TOPAZIO,10.0,7.6,9.8,9.2,2.52,8.28125,8.3375,7.0,7.0,8.8,,,3L,MASCULINO,2018,PRIVADA PROGRAMA DE APADRINHAMENTO,2010,0.0,13,0.0
416,2024,4.0,3.0,1,8.700808577033333,TOPAZIO,10.0,8.0,8.972709551666666,8.751,7.51,8.541666667,9.13,8.0,7.5,8.5,,,4M,MASCULINO,2021,PRIVADA PROGRAMA DE APADRINHAMENTO,2010,1.0,14,
417,2022,2.0,3.0,-1,8.428,TOPAZIO,5.0,8.0,10.0,10.0,7.5,,9.556,6.0,10.0,,NAO,SIM,L,FEMININO,2022,ESCOLA PUBLICA,2009,-1.0,13,0.0
417,2023,3.0,3.0,0,8.257658333,TOPAZIO,10.0,7.8,9.7,5.4,7.52,8.28125,8.2125,6.7,8.3,8.3,,,3L,FEMININO,2022,PUBLICA,2009,0.0,14,0.0
417,2024,4.0,4.0,0,8.533628557533333,TOPAZIO,10.0,8.833333333333334,8.401559454333333,8.334,7.51,8.4375,8.2925,9.0,10.0,7.5,,,4L,FEMININO,2022,PUBLICA,2009,0.0,15,
418,2022,2.0,2.0,0,8.175,TOPAZIO,10.0,7.5,9.4,8.0,7.5,,8.222,6.5,8.5,,NAO,NAO,L,FEMININO,2020,REDE DECISAO,2012,0.0,10,0.0
418,2023,3.0,2.0,1,8.1686,TOPAZIO,10.0,8.1,10.0,8.8,2.52,8.125,8.045,6.7,8.3,9.3,,,3L,FEMININO,2020,PRIVADA PROGRAMA DE APADRINHAMENTO,2012,1.0,11,0.0
418,2024,4.0,3.0,1,9.125183333366667,TOPAZIO,10.0,9.333333333333334,10.0,8.751,7.51,8.229166667,9.0475,9.5,8.5,10.0,,,4M,FEMININO,2021,PRIVADA PROGRAMA DE APADRINHAMENTO,2012,1.0,12,
419,2022,2.0,3.0,-1,7.359,AMETISTA,5.0,6.9,9.2,7.5,5.6,,8.389,5.3,8.5,,NAO,SIM,L,FEMININO,2019,REDE DECISAO,2010,-1.0,12,0.0
419,2023,3.0,3.0,0,7.7261,AMETISTA,10.0,7.6,9.5,6.7,2.52,8.125,7.875,7.0,7.3,8.5,,,3L,FEMININO,2019,PRIVADA PROGRAMA DE APADRINHAMENTO,2010,0.0,13,0.0
419,2024,4.0,3.0,1,8.355707894766669,TOPAZIO,10.0,8.166666666666666,9.382456140666667,7.083,6.26,8.020833333,8.5475,6.5,8.0,10.0,,,4M,FEMININO,2021,PRIVADA PROGRAMA DE APADRINHAMENTO,2010,1.0,14,
420,2022,2.0,2.0,0,7.461,AMETISTA,10.0,4.5,9.0,9.5,5.6,,8.0,1.3,7.7,,NAO,NAO,L,FEMININO,2019,REDE DECISAO,2011,0.0,11,0.0
420,2023,3.0,3.0,0,7.356358333,AMETISTA,10.0,5.3,9.3,8.3,2.52,7.65625,7.96,5.7,5.8,4.3,,,3M,FEMININO,2019,PRIVADA PROGRAMA DE APADRINHAMENTO,2011,0.0,12,0.0
420,2024,4.0,3.0,1,7.544228947400001,AMETISTA,10.0,4.0,9.557894737,8.334,6.26,7.8125,7.96,3.0,4.5,4.5,,,4M,FEMININO,2021,PRIVADA PROGRAMA DE APADRINHAMENTO,2011,1.0,13,
421,2022,2.0,2.0,0,8.717,TOPAZIO,10.0,8.8,9.3,8.5,7.5,,9.111,9.2,8.5,,SIM,SIM,L,MASCULINO,2021,ESCOLA PUBLICA,2011,0.0,11,0.0
421,2023,3.0,3.0,0,8.030716667,TOPAZIO,10.0,7.3,9.9,9.2,2.52,7.8125,8.17,8.0,6.2,7.8,,,3L,MASCULINO,2021,PUBLICA,2011,0.0,12,0.0
421,2024,4.0,3.0,1,8.488232329,TOPAZIO,10.0,6.666666666666667,9.540744978333334,8.751,7.51,9.0625,8.572,5.0,6.0,9.0,,,4N,MASCULINO,2021,PUBLICA,2011,1.0,13,
422,2022,2.0,3.0,-1,6.746,AGATA,5.0,2.5,10.0,8.5,7.5,,7.5,1.0,4.0,,NAO,NAO,L,MASCULINO,2022,ESCOLA PUBLICA,2010,-1.0,12,1.0
422,2023,2.0,3.0,-1,5.57,QUARTZO,5.0,4.4,7.8,0.0,7.52,6.666666667,6.106666667,3.0,5.7,,,,2U,MASCULINO,2022,PUBLICA,2010,-1.0,13,1.0
422,2024,3.0,4.0,-1,5.544981481433334,QUARTZO,5.0,2.8333333333333335,6.157407407333333,7.5,7.51,6.458333333,5.5,3.0,4.5,1.0,,,3K,MASCULINO,2022,PUBLICA,2010,-1.0,14,
423,2022,2.0,3.0,-1,6.647,AGATA,5.0,2.3,9.6,8.4,7.5,,7.667,0.5,4.0,,NAO,NAO,L,FEMININO,2022,ESCOLA PUBLICA,2010,-1.0,12,1.0
423,2023,2.0,3.0,-1,6.607533333,AGATA,5.0,3.4,8.7,8.0,6.89,7.083333333,7.45,2.3,4.5,,,,2U,FEMININO,2022,PUBLICA,2010,-1.0,13,0.0
423,2024,3.0,3.0,0,6.616193704866666,AGATA,10.0,4.333333333333333,6.501135191,5.833,8.13,6.875,6.8275,6.0,3.5,3.5,,,3L,FEMININO,2022,PUBLICA,2010,0.0,14,
424,2022,2.0,3.0,-1,7.94,AMETISTA,5.0,7.5,10.0,9.0,7.5,,8.222,10.0,5.0,,NAO,NAO,L,FEMININO,2022,ESCOLA PUBLICA,2010,-1.0,12,0.0
424,2023,3.0,3.0,0,7.72685,AMETISTA,10.0,6.4,9.9,8.8,2.52,7.8125,7.7925,5.0,6.7,7.5,,,3M,FEMININO,2022,PUBLICA,2010,0.0,13,0.0
424,2024,4.0,4.0,0,7.341187280733334,AMETISTA,10.0,3.3333333333333335,9.616228070333333,8.334,7.51,7.34375,7.1625,2.0,6.0,2.0,,,4L,FEMININO,2022,PUBLICA,2010,0.0,14,
425,2022,2.0,3.0,-1,8.117,TOPAZIO,5.0,9.0,10.0,9.0,7.5,,7.5,9.0,9.0,,NAO,NAO,L,MASCULINO,2022,ESCOLA PUBLICA,2010,-1.0,12,0.0
425,2023,3.0,3.0,0,8.10555,TOPAZIO,10.0,7.5,9.9,9.2,2.52,7.8125,8.3775,6.7,7.3,8.5,,,3L,MASCULINO,2022,PUBLICA,2010,0.0,13,0.0
425,2024,4.0,4.0,0,9.016616666700001,TOPAZIO,10.0,9.0,10.0,10.002,6.26,8.229166667,8.8375,10.0,7.5,9.5,,,4M,MASCULINO,2022,PUBLICA,2010,0.0,14,
426,2022,2.0,4.0,-2,6.35,AGATA,5.0,4.6,6.5,9.0,7.5,,7.111,2.3,6.8,,NAO,NAO,M,FEMININO,2022,ESCOLA PUBLICA,2008,-2.0,14,1.0
426,2023,3.0,4.0,-1,6.329158333,AGATA,5.0,5.0,7.6,5.4,5.0,7.65625,7.5425,4.7,5.2,5.0,,,3M,FEMININO,2022,PUBLICA,2008,-1.0,15,1.0
426,2024,4.0,5.0,-1,6.6430030186,AGATA,5.0,4.833333333333333,7.9050567596666665,7.917,4.38,7.65625,8.0,3.5,7.0,4.0,,,4L,FEMININO,2022,PUBLICA,2008,-1.0,16,
427,2022,2.0,3.0,-1,6.245,AGATA,5.0,2.5,8.5,8.0,7.5,,6.778,3.0,2.0,,NAO,NAO,M,MASCULINO,2022,ESCOLA PUBLICA,2009,-1.0,13,
428,2022,2.0,3.0,-1,7.683,AMETISTA,5.0,9.5,8.7,6.8,7.5,,7.111,10.0,9.0,,NAO,NAO,M,MASCULINO,2022,ESCOLA PUBLICA,2009,-1.0,13,0.0
428,2023,3.0,3.0,0,7.821816667,AMETISTA,10.0,7.2,9.5,8.3,2.52,7.8125,8.0425,9.3,4.7,7.7,,,3N,MASCULINO,2022,PUBLICA,2009,0.0,14,0.0
428,2024,4.0,4.0,0,7.534949122800001,AMETISTA,10.0,5.0,8.898245614,9.168,5.635,7.5,7.625,3.0,4.0,8.0,,,4M,MASCULINO,2022,PUBLICA,2009,0.0,15,
429,2022,2.0,3.0,-1,5.811,QUARTZO,5.0,2.7,5.3,10.0,7.5,,6.611,2.8,2.5,,NAO,NAO,M,MASCULINO,2019,ESCOLA PUBLICA,2009,-1.0,13,
430,2022,2.0,3.0,-1,7.585,AMETISTA,5.0,8.5,8.6,9.5,7.5,,6.611,7.5,9.5,,NAO,NAO,M,MASCULINO,2022,ESCOLA PUBLICA,2009,-1.0,13,1.0
430,2023,3.0,4.0,-1,7.146716667,AMETISTA,5.0,6.4,9.3,9.2,2.52,7.8125,7.75,7.3,5.5,6.5,,,3M,MASCULINO,2022,PUBLICA,2009,-1.0,14,
431,2022,2.0,2.0,0,7.175,AMETISTA,10.0,4.5,8.1,9.0,7.5,,6.778,5.0,4.0,,NAO,NAO,M,MASCULINO,2022,ESCOLA PUBLICA,2011,0.0,11,
432,2022,2.0,4.0,-2,6.34,AGATA,5.0,5.1,6.8,10.0,5.0,,6.611,5.7,4.5,,NAO,NAO,M,FEMININO,2019,ESCOLA PUBLICA,2008,-2.0,14,1.0
432,2023,3.0,5.0,-2,6.850183333,AGATA,5.0,5.2,9.0,8.8,2.52,7.8125,8.0425,5.0,6.3,4.2,,,3M,FEMININO,2019,PUBLICA,2008,-2.0,15,1.0
432,2024,4.0,5.0,-1,7.167975,AMETISTA,5.0,5.5,10.0,7.501,6.26,7.34375,7.2875,5.0,6.0,5.5,,,4L,FEMININO,2021,PUBLICA,2008,-1.0,16,
433,2022,2.0,3.0,-1,5.557,QUARTZO,5.0,2.6,7.3,8.5,5.0,,5.778,2.2,3.0,,NAO,NAO,M,MASCULINO,2022,ESCOLA PUBLICA,2010,-1.0,12,1.0
433,2023,2.0,3.0,-1,6.5982,AGATA,5.0,4.8,7.2,8.5,7.52,5.833333333,7.613333333,1.8,7.7,,,,2M,MASCULINO,2022,PUBLICA,2010,-1.0,13,0.0
433,2024,3.0,3.0,0,7.218157142866668,AMETISTA,10.0,4.833333333333333,8.380952381,7.918,8.13,6.875,6.415,6.5,4.0,4.0,,,3N,MASCULINO,2022,PUBLICA,2010,0.0,14,
434,2022,2.0,2.0,0,7.403,AMETISTA,10.0,5.7,8.1,9.0,7.5,,6.778,4.8,6.5,,NAO,NAO,M,MASCULINO,2022,ESCOLA PUBLICA,2011,0.0,11,1.0
434,2023,2.0,3.0,-1,7.069766667,AMETISTA,5.0,6.6,8.0,6.3,7.52,7.5,7.613333333,5.2,8.0,,,,2M,MASCULINO,2022,PUBLICA,2011,-1.0,12,0.0
434,2024,3.0,3.0,0,6.610947619100001,AGATA,10.0,5.5,5.061904762,7.084,7.51,7.291666667,6.55,5.5,5.5,5.5,,,3U,MASCULINO,2022,PUBLICA,2011,0.0,13,
435,2022,2.0,2.0,0,6.599,AGATA,10.0,4.7,6.2,7.9,7.5,,6.444,3.7,5.7,,NAO,NAO,M,FEMININO,2022,ESCOLA PUBLICA,2012,0.0,10,
436,2022,2.0,2.0,0,6.687,AGATA,10.0,2.0,8.1,9.5,7.5,,6.611,4.0,0.0,,NAO,NAO,M,MASCULINO,2022,ESCOLA PUBLICA,2011,0.0,11,1.0
436,2023,2.0,3.0,-1,5.322366667,QUARTZO,5.0,3.4,4.7,7.5,2.52,6.875,7.613333333,3.7,3.0,,,,2M,MASCULINO,2022,PUBLICA,2011,-1.0,12,
437,2022,2.0,3.0,-1,6.875,AGATA,5.0,5.8,8.3,8.5,7.5,,6.611,6.0,5.5,,NAO,NAO,M,MASCULINO,2022,ESCOLA PUBLICA,2009,-1.0,13,1.0
437,2023,2.0,4.0,-2,6.947366667,AGATA,5.0,4.7,8.4,8.0,7.52,7.291666667,7.78,2.5,6.8,,,,2M,MASCULINO,2022,PUBLICA,2009,-2.0,14,
438,2022,2.0,2.0,0,7.764,AMETISTA,10.0,7.3,8.7,8.0,7.5,,6.889,6.5,8.0,,NAO,NAO,M,MASCULINO,2022,ESCOLA PUBLICA,2012,0.0,10,0.0
438,2023,2.0,2.0,0,6.9883,AGATA,10.0,5.4,7.5,6.9,6.26,6.458333333,7.223333333,3.5,7.3,,,,2L,MASCULINO,2022,PUBLICA,2012,0.0,11,1.0
438,2024,2.0,3.0,-1,7.930283695700001,AMETISTA,5.0,8.25,8.6630434785,9.168,7.51,7.96875,7.915,7.0,9.5,,,,2K,MASCULINO,2022,PUBLICA,2012,-1.0,12,
439,2022,2.0,3.0,-1,5.519,QUARTZO,5.0,2.3,4.9,9.0,7.5,,6.5,3.2,1.3,,NAO,NAO,M,MASCULINO,2022,ESCOLA PUBLICA,2010,-1.0,12,
440,2022,2.0,2.0,0,7.329,AMETISTA,10.0,5.5,9.0,9.5,6.9,,5.833,6.0,5.0,,NAO,NAO,P,MASCULINO,2022,ESCOLA PUBLICA,2011,0.0,11,0.0
440,2023,3.0,3.0,0,6.989208333,AGATA,10.0,6.2,8.2,0.0,7.52,7.96875,7.835,7.3,7.0,4.2,,,3P,MASCULINO,2022,PUBLICA,2011,0.0,12,
441,2022,2.0,2.0,0,8.188,TOPAZIO,10.0,8.0,7.9,9.0,7.5,,8.333,8.0,8.0,,NAO,NAO,P,FEMININO,2019,ESCOLA PUBLICA,2011,0.0,11,
442,2022,2.0,2.0,0,8.226,TOPAZIO,10.0,7.5,8.2,10.0,7.5,,8.222,9.0,6.0,,NAO,NAO,P,FEMININO,2022,ESCOLA PUBLICA,2011,0.0,11,0.0
442,2023,3.0,3.0,0,6.814166667,AGATA,10.0,5.8,7.6,0.0,7.52,7.5,8.1275,6.7,6.5,4.3,,,3K,FEMININO,2022,PUBLICA,2011,0.0,12,0.0
442,2024,4.0,3.0,1,6.905439215666667,AGATA,10.0,5.0,5.9151960783333335,8.334,5.635,7.5,7.8775,4.5,7.0,3.5,,,4M,FEMININO,2022,PUBLICA,2011,1.0,13,
443,2022,2.0,3.0,-1,7.482,AMETISTA,5.0,5.6,9.1,9.0,7.5,,8.5,8.0,3.2,,SIM,SIM,P,FEMININO,2019,ESCOLA PUBLICA,2009,-1.0,13,1.0
443,2023,3.0,4.0,-1,6.895508333,AGATA,5.0,7.6,7.5,7.1,2.52,7.96875,8.125,7.0,8.7,7.0,,,3P,FEMININO,2019,PUBLICA,2009,-1.0,14,
444,2022,2.0,2.0,0,6.665,AGATA,10.0,3.1,7.2,9.0,5.0,,7.778,1.5,4.7,,NAO,NAO,P,MASCULINO,2018,ESCOLA PUBLICA,2011,0.0,11,0.0
444,2023,3.0,2.0,1,5.958791667,QUARTZO,10.0,4.7,7.9,0.0,5.0,6.40625,6.4575,4.7,5.8,3.7,,,3P,MASCULINO,2018,PUBLICA,2011,1.0,12,1.0
444,2024,3.0,4.0,-1,5.410188638266668,QUARTZO,5.0,3.6666666666666665,6.377276524666667,8.334,2.51,6.25,5.96,2.0,5.0,4.0,,,3P,MASCULINO,2021,PUBLICA,2009,-1.0,15,
445,2022,2.0,3.0,-1,6.924,AGATA,5.0,3.8,9.4,9.0,7.5,,7.5,0.0,7.5,,NAO,NAO,P,MASCULINO,2022,ESCOLA PUBLICA,2010,-1.0,12,1.0
445,2023,2.0,3.0,-1,7.9087,AMETISTA,5.0,8.4,8.8,8.0,6.89,8.541666667,8.176666667,7.7,9.0,,,,2R,MASCULINO,2022,PUBLICA,2010,-1.0,13,0.0
445,2024,3.0,3.0,0,7.3416246032,AMETISTA,10.0,4.0,8.715873016,7.917,7.51,7.8125,7.3725,3.0,6.0,3.0,,,3P,MASCULINO,2022,PUBLICA,2010,0.0,14,
446,2022,2.0,3.0,-1,7.367,AMETISTA,5.0,6.9,8.9,9.5,5.0,,7.889,6.3,7.5,,NAO,NAO,P,FEMININO,2018,ESCOLA PUBLICA,2009,-1.0,13,
447,2022,2.0,2.0,0,5.607,QUARTZO,10.0,3.5,7.0,0.0,7.5,,5.556,7.0,0.0,,NAO,NAO,P,FEMININO,2022,ESCOLA PUBLICA,2012,0.0,10,
448,2022,2.0,2.0,0,7.972,AMETISTA,10.0,5.5,9.7,9.0,7.5,,8.111,5.0,6.0,,NAO,NAO,P,FEMININO,2022,ESCOLA PUBLICA,2011,0.0,11,
449,2022,2.0,3.0,-1,6.143,AGATA,5.0,7.0,6.0,0.0,7.5,,8.111,6.0,8.0,,NAO,NAO,P,FEMININO,2022,ESCOLA PUBLICA,2010,-1.0,12,0.0
449,2023,3.0,3.0,0,7.396508333,AMETISTA,10.0,7.0,7.2,7.1,7.52,7.34375,6.8425,5.5,7.7,7.7,,,3P,FEMININO,2022,PUBLICA,2010,0.0,13,
450,2022,2.0,3.0,-1,7.843,AMETISTA,5.0,7.5,9.1,10.0,7.5,,8.111,6.8,8.2,,NAO,NAO,Q,MASCULINO,2021,ESCOLA PUBLICA,2009,-1.0,13,1.0
450,2023,3.0,4.0,-1,6.819625,AGATA,5.0,5.4,8.4,9.6,2.52,7.65625,7.9175,7.0,6.5,2.7,,,3K,MASCULINO,2021,PUBLICA,2009,-1.0,14,1.0
450,2024,4.0,5.0,-1,7.526188206666666,AMETISTA,5.0,7.5,8.954191033333332,8.751,5.63,7.8125,7.58,8.0,8.5,6.0,,,4L,MASCULINO,2021,PUBLICA,2009,-1.0,15,
451,2022,2.0,3.0,-1,6.434,AGATA,5.0,6.1,6.0,9.0,6.3,,6.889,3.1,9.2,,NAO,NAO,Q,FEMININO,2019,ESCOLA PUBLICA,2009,-1.0,13,1.0
451,2023,2.0,4.0,-2,8.386033333,TOPAZIO,5.0,8.9,9.5,8.5,4.39,9.375,9.896666667,7.8,10.0,,,,2P,FEMININO,2019,PUBLICA,2009,-2.0,14,
452,2022,2.0,3.0,-1,6.287,AGATA,5.0,4.8,5.6,9.0,7.5,,7.167,5.0,4.5,,NAO,NAO,Q,FEMININO,2021,ESCOLA PUBLICA,2009,-1.0,13,
453,2022,2.0,3.0,-1,7.845,AMETISTA,5.0,8.8,8.7,9.0,7.5,,7.778,8.0,9.5,,NAO,NAO,Q,FEMININO,2022,ESCOLA PUBLICA,2009,-1.0,13,
454,2022,2.0,4.0,-2,5.561,QUARTZO,5.0,2.3,8.6,9.5,5.0,,5.444,0.0,4.7,,NAO,NAO,Q,MASCULINO,2018,ESCOLA PUBLICA,2008,-2.0,14,1.0
454,2023,3.0,5.0,-2,4.603416667,QUARTZO,5.0,2.6,7.5,0.0,5.0,4.6875,5.54,4.2,1.2,2.5,,,3P,MASCULINO,2018,PUBLICA,2008,-2.0,15,1.0
454,2024,4.0,6.0,-2,5.8522943469666675,QUARTZO,5.0,3.6666666666666665,6.633138401666667,9.585,6.255,5.416666667,5.833333333,3.0,2.0,6.0,,,4R,MASCULINO,2021,PUBLICA,2007,-2.0,17,
455,2022,2.0,3.0,-1,6.876,AGATA,5.0,6.3,7.9,7.0,7.5,,7.278,6.0,6.5,,NAO,NAO,Q,FEMININO,2022,ESCOLA PUBLICA,2010,-1.0,12,
455,2024,3.0,3.0,0,7.098988888900001,AMETISTA,10.0,4.5,6.111111111,8.751,8.13,8.333333333,7.276666667,3.0,6.5,4.0,,,3U,FEMININO,2022,PUBLICA,2010,0.0,14,
456,2022,2.0,3.0,-1,7.193,AMETISTA,5.0,7.3,8.2,6.4,6.3,,8.389,6.0,8.7,,NAO,SIM,Q,FEMININO,2022,ESCOLA PUBLICA,2010,-1.0,12,1.0
456,2023,2.0,3.0,-1,7.518,AMETISTA,5.0,9.9,8.3,0.0,4.39,9.583333333,9.953333333,9.7,10.0,,,,2P,FEMININO,2022,PUBLICA,2010,-1.0,13,0.0
456,2024,3.0,3.0,0,8.331124561366668,TOPAZIO,10.0,6.5,9.382456140333334,7.083,7.51,9.166666667,8.893333333,9.0,6.0,4.5,,,3R,FEMININO,2022,PUBLICA,2010,0.0,14,
457,2022,2.0,3.0,-1,7.68,AMETISTA,5.0,8.5,8.8,8.0,7.5,,7.667,7.0,10.0,,NAO,NAO,Q,FEMININO,2022,ESCOLA PUBLICA,2010,-1.0,12,0.0
457,2023,3.0,3.0,0,8.256833333,TOPAZIO,10.0,8.1,8.6,7.5,7.52,8.125,8.045,6.7,8.5,9.0,,,3N,FEMININO,2022,PUBLICA,2010,0.0,13,0.0
457,2024,4.0,3.0,1,8.5892756038,TOPAZIO,10.0,8.666666666666666,8.743961352333335,8.334,7.51,9.6875,7.77,8.0,8.0,10.0,,,4N,FEMININO,2022,PUBLICA,2010,1.0,14,
458,2022,2.0,3.0,-1,6.512,AGATA,5.0,5.6,7.7,8.0,7.5,,5.833,4.7,6.5,,NAO,NAO,Q,MASCULINO,2019,ESCOLA PUBLICA,2009,-1.0,13,1.0
458,2023,3.0,4.0,-1,6.312083333,AGATA,5.0,3.8,6.9,9.6,7.52,7.1875,6.2475,4.3,4.8,2.2,,,3P,MASCULINO,2019,PUBLICA,2009,-1.0,14,1.0
458,2024,3.0,4.0,-1,5.680161507933333,QUARTZO,5.0,4.0,3.7396825396666666,8.751,6.88,7.03125,6.83,3.0,4.0,5.0,,,3P,MASCULINO,2021,PUBLICA,2009,-1.0,15,
459,2022,2.0,3.0,-1,7.28,AMETISTA,5.0,7.3,9.1,7.0,8.1,,7.222,5.3,9.2,,NAO,NAO,Q,MASCULINO,2019,ESCOLA PUBLICA,2010,-1.0,12,0.0
459,2023,3.0,3.0,0,8.240016667,TOPAZIO,10.0,8.3,9.3,6.7,7.52,7.1875,7.88,8.3,9.2,7.5,,,3N,MASCULINO,2019,PUBLICA,2010,0.0,13,0.0
459,2024,4.0,4.0,0,7.233804589400001,AMETISTA,10.0,4.666666666666667,8.454106280333333,7.917,5.635,7.8125,7.366,0.0,6.0,8.0,,,4N,MASCULINO,2021,PUBLICA,2010,0.0,14,
460,2022,2.0,3.0,-1,5.711,QUARTZO,5.0,3.3,8.1,6.8,7.5,,5.056,0.5,6.0,,NAO,NAO,Q,MASCULINO,2022,ESCOLA PUBLICA,2010,-1.0,12,
461,2022,2.0,3.0,-1,5.451,QUARTZO,5.0,3.8,6.7,0.0,7.5,,7.222,1.5,6.2,,NAO,NAO,Q,FEMININO,2018,ESCOLA PUBLICA,2010,-1.0,12,1.0
461,2023,2.0,3.0,-1,7.2379,AMETISTA,5.0,7.4,7.9,7.3,3.77,8.541666667,8.616666667,5.7,9.0,,,,2P,FEMININO,2018,PUBLICA,2010,-1.0,13,0.0
461,2024,3.0,3.0,0,7.5447559291,AMETISTA,10.0,4.5,9.182446312,8.751,7.51,7.708333333,7.056666667,3.0,4.5,6.0,,,3R,FEMININO,2021,PUBLICA,2010,0.0,14,
462,2022,2.0,4.0,-2,6.626,AGATA,5.0,3.6,8.5,10.0,7.5,,6.778,2.0,5.2,,NAO,NAO,Q,MASCULINO,2022,ESCOLA PUBLICA,2008,-2.0,14,1.0
462,2023,3.0,5.0,-2,6.2267,AGATA,5.0,2.7,8.1,10.0,5.0,7.5,6.5825,4.0,2.8,1.3,,,3P,FEMININO,2022,PUBLICA,2008,-2.0,15,
463,2022,2.0,3.0,-1,6.41,AGATA,5.0,2.5,7.8,10.0,7.5,,7.389,2.0,3.0,,NAO,NAO,U,FEMININO,2020,ESCOLA PUBLICA,2010,-1.0,12,0.0
463,2023,3.0,3.0,0,6.382383333,AGATA,10.0,4.0,5.4,9.2,2.52,7.8125,7.795,6.3,4.3,1.3,,,3K,FEMININO,2020,PUBLICA,2010,0.0,13,
464,2022,2.0,3.0,-1,6.745,AGATA,5.0,4.8,8.0,7.5,7.5,,7.722,2.7,7.0,,NAO,NAO,U,FEMININO,2022,ESCOLA PUBLICA,2009,-1.0,13,1.0
464,2023,3.0,4.0,-1,6.081675,AGATA,5.0,3.0,7.7,9.2,2.52,7.96875,7.38,4.8,3.7,0.5,,,3K,FEMININO,2022,PUBLICA,2009,-1.0,14,1.0
464,2024,3.0,4.0,-1,6.872009064333334,AGATA,5.0,4.333333333333333,7.851461988333334,9.168,8.76,7.1875,7.1175,3.0,3.5,6.5,,,3L,FEMININO,2022,PUBLICA,2009,-1.0,15,
465,2022,2.0,2.0,0,8.012,AMETISTA,10.0,7.8,7.9,8.0,7.5,,8.444,9.3,6.3,,NAO,SIM,U,MASCULINO,2019,ESCOLA PUBLICA,2011,0.0,11,0.0
465,2023,3.0,3.0,0,8.012875,TOPAZIO,10.0,8.5,9.4,7.5,2.52,7.96875,8.17,8.3,8.2,9.0,,,3K,MASCULINO,2019,PUBLICA,2011,0.0,12,
466,2022,2.0,3.0,-1,6.826,AGATA,5.0,3.3,9.7,8.5,7.5,,7.556,0.5,6.0,,NAO,NAO,U,MASCULINO,2022,ESCOLA PUBLICA,2009,-1.0,13,1.0
466,2023,2.0,4.0,-2,6.595533333,AGATA,5.0,4.5,7.6,9.5,6.89,6.25,7.056666667,2.5,6.5,,,,2L,MASCULINO,2022,PUBLICA,2009,-2.0,14,1.0
466,2024,3.0,4.0,-1,6.778749122800001,AGATA,5.0,4.0,7.223245614,8.751,8.76,7.5,7.665,3.0,6.5,2.5,,,3L,MASCULINO,2022,PUBLICA,2009,-1.0,15,
467,2022,2.0,3.0,-1,6.38,AGATA,5.0,5.5,8.4,5.8,5.0,,7.111,5.0,6.0,,NAO,NAO,U,FEMININO,2022,ESCOLA PUBLICA,2009,-1.0,13,1.0
467,2023,3.0,4.0,-1,6.552916667,AGATA,5.0,5.2,9.2,6.3,3.14,7.1875,7.5425,6.0,6.0,3.7,,,3K,FEMININO,2022,PUBLICA,2009,-1.0,14,0.0
467,2024,4.0,4.0,0,7.7298118421333335,AMETISTA,10.0,6.833333333333333,9.140350877333333,7.917,5.01,7.34375,7.54,5.5,9.0,6.0,,,4L,FEMININO,2022,PUBLICA,2009,0.0,15,
468,2022,2.0,3.0,-1,6.313,AGATA,5.0,4.1,6.7,9.5,7.5,,6.722,4.5,3.7,,NAO,NAO,U,MASCULINO,2022,ESCOLA PUBLICA,2009,-1.0,13,1.0
468,2023,3.0,4.0,-1,5.911108333,QUARTZO,5.0,3.4,6.0,8.3,6.27,7.34375,6.715,4.8,3.0,2.3,,,3K,MASCULINO,2022,PUBLICA,2009,-1.0,14,
469,2022,2.0,2.0,0,7.624,AMETISTA,10.0,5.7,9.6,9.0,5.0,,7.833,6.2,5.2,,NAO,NAO,U,FEMININO,2022,ESCOLA PUBLICA,2011,0.0,11,1.0
469,2023,2.0,3.0,-1,7.482533333,AMETISTA,5.0,7.8,9.3,7.5,2.52,7.916666667,8.843333333,6.8,8.8,,,,2L,FEMININO,2022,PUBLICA,2011,-1.0,12,0.0
469,2024,3.0,3.0,0,7.684639869300001,AMETISTA,10.0,5.0,9.498366013,9.168,7.51,7.291666667,6.94,6.0,4.0,5.0,,,3K,FEMININO,2022,PUBLICA,2011,0.0,13,
470,2022,2.0,3.0,-1,7.378,AMETISTA,5.0,6.3,9.7,8.0,7.5,,7.5,5.3,7.3,,NAO,NAO,U,FEMININO,2019,ESCOLA PUBLICA,2009,-1.0,13,1.0
470,2023,3.0,4.0,-1,6.993766667,AGATA,5.0,4.9,9.2,8.8,5.0,7.5,7.71,6.0,4.3,4.5,,,3K,FEMININO,2019,PUBLICA,2009,-1.0,14,0.0
470,2024,4.0,4.0,0,6.981130848,AGATA,10.0,3.3333333333333335,8.011695906666667,9.585,7.51,7.03125,6.4975,3.5,4.0,2.5,,,4L,FEMININO,2021,PUBLICA,2009,0.0,15,
471,2022,2.0,3.0,-1,6.535,AGATA,5.0,6.3,8.5,3.5,5.0,,8.056,5.7,6.8,,NAO,NAO,U,FEMININO,2020,ESCOLA PUBLICA,2009,-1.0,13,0.0
471,2023,3.0,3.0,0,6.855541667,AGATA,10.0,5.0,9.0,0.0,6.27,7.96875,8.125,6.3,4.0,4.8,,,3L,FEMININO,2020,PUBLICA,2009,0.0,14,0.0
471,2024,4.0,4.0,0,6.635847117766667,AGATA,10.0,5.5,7.027568922333333,0.0,7.51,7.708333333,8.0425,4.0,5.5,7.0,,,4M,FEMININO,2021,PUBLICA,2009,0.0,15,
472,2022,2.0,3.0,-1,5.93,QUARTZO,5.0,2.0,7.0,9.0,7.5,,7.056,1.8,2.2,,NAO,NAO,U,FEMININO,2022,ESCOLA PUBLICA,2010,-1.0,12,1.0
472,2023,2.0,3.0,-1,6.6858,AGATA,5.0,5.5,7.1,5.1,7.52,7.708333333,8.223333333,3.7,7.2,,,,2L,FEMININO,2022,PUBLICA,2010,-1.0,13,1.0
472,2024,2.0,3.0,-1,6.6397610766,AGATA,5.0,6.25,7.48447205,7.502,7.51,6.25,6.333333333,4.0,8.5,,,,2U,FEMININO,2022,PUBLICA,2010,-1.0,14,
473,2022,2.0,3.0,-1,5.915,QUARTZO,5.0,4.3,6.1,8.0,7.5,,5.889,4.5,4.0,,NAO,NAO,U,MASCULINO,2019,ESCOLA PUBLICA,2010,-1.0,12,
474,2022,2.0,3.0,-1,6.446,AGATA,5.0,3.0,9.1,9.5,7.5,,6.0,1.3,4.7,,NAO,NAO,U,MASCULINO,2019,ESCOLA PUBLICA,2009,-1.0,13,1.0
474,2023,3.0,4.0,-1,5.283583333,QUARTZO,5.0,3.3,7.8,0.0,5.0,7.1875,6.7575,4.8,3.8,1.2,,,3K,MASCULINO,2019,PUBLICA,2009,-1.0,14,1.0
474,2024,3.0,4.0,-1,6.024753703733333,AGATA,5.0,3.0,5.818518518666667,9.168,7.51,7.1875,6.8725,4.0,3.0,2.0,,,3L,MASCULINO,2021,PUBLICA,2009,-1.0,15,
475,2022,2.0,3.0,-1,7.199,AMETISTA,5.0,5.8,9.2,8.5,7.5,,7.667,3.3,8.3,,NAO,NAO,U,FEMININO,2022,ESCOLA PUBLICA,2010,-1.0,12,
476,2022,2.0,3.0,-1,6.931,AGATA,5.0,5.5,9.3,9.0,4.4,,7.556,5.0,6.0,,NAO,NAO,U,FEMININO,2019,ESCOLA PUBLICA,2010,-1.0,12,0.0
476,2023,3.0,3.0,0,6.492408333,AGATA,10.0,4.1,7.0,7.9,2.52,7.34375,7.505,5.0,4.5,2.7,,,3K,FEMININO,2019,PUBLICA,2010,0.0,13,0.0
476,2024,3.0,3.0,0,6.7359982456,AGATA,10.0,4.5,6.5964912280000005,7.917,7.51,6.25,6.745,7.0,4.0,2.5,,,3L,FEMININO,2021,PUBLICA,2010,0.0,14,
477,2022,2.0,3.0,-1,3.633,QUARTZO,5.0,0.7,5.0,0.0,5.6,,4.5,0.3,1.0,,NAO,NAO,U,MASCULINO,2022,ESCOLA PUBLICA,2009,-1.0,13,
478,2022,2.0,3.0,-1,6.709,AGATA,5.0,4.9,9.1,8.5,5.6,,7.056,3.8,6.0,,NAO,NAO,U,FEMININO,2019,ESCOLA PUBLICA,2010,-1.0,12,0.0
478,2023,3.0,3.0,0,6.443616667,AGATA,10.0,4.4,7.3,6.7,2.52,7.1875,7.2975,4.3,4.7,4.3,,,3K,FEMININO,2019,PUBLICA,2010,0.0,13,
479,2022,1.0,2.0,-1,8.465,TOPAZIO,5.0,9.8,9.2,8.0,7.5,,9.5,10.0,9.7,,NAO,SIM,A,MASCULINO,2020,REDE DECISAO,2012,-1.0,10,0.0
479,2023,2.0,2.0,0,8.988866667,TOPAZIO,10.0,9.7,10.0,9.0,2.52,9.791666667,9.6375,9.3,10.0,,,,2A,MASCULINO,2020,PRIVADA PROGRAMA DE APADRINHAMENTO,2012,0.0,11,0.0
479,2024,3.0,2.0,1,8.901966666666668,TOPAZIO,10.0,9.666666666666666,9.866666666666667,9.168,2.51,9.375,9.45,10.0,9.0,10.0,,,3C,MASCULINO,2021,PRIVADA PROGRAMA DE APADRINHAMENTO,2012,1.0,12,
480,2022,1.0,2.0,-1,7.502,AMETISTA,5.0,6.3,8.8,9.0,7.5,,8.444,6.8,5.7,,SIM,SIM,A,FEMININO,2021,ESCOLA PUBLICA,2012,-1.0,10,1.0
480,2023,1.0,2.0,-1,8.226408333,TOPAZIO,5.0,7.9,9.7,10.0,7.52,7.96875,8.336666667,7.2,8.5,,,,1B,FEMININO,2021,PUBLICA,2012,-1.0,11,0.0
480,2024,2.0,2.0,0,7.260202380900001,AMETISTA,10.0,5.0,8.0714285715,6.25,7.51,7.8125,7.443333333,2.5,7.5,,,,2C,FEMININO,2021,PUBLICA,2012,0.0,12,
481,2022,1.0,1.0,0,7.21,AMETISTA,10.0,5.2,8.0,9.0,7.5,,6.889,5.7,4.7,,NAO,NAO,A,MASCULINO,2021,ESCOLA PUBLICA,2013,0.0,9,
482,2022,1.0,2.0,-1,6.866,AGATA,5.0,5.5,7.9,10.0,7.5,,6.833,4.3,6.7,,NAO,NAO,A,MASCULINO,2021,ESCOLA PUBLICA,2011,-1.0,11,
483,2022,1.0,2.0,-1,5.263,QUARTZO,5.0,2.4,4.8,9.0,5.0,,6.833,2.0,2.8,,NAO,NAO,A,FEMININO,2019,ESCOLA PUBLICA,2011,-1.0,11,1.0
483,2023,1.0,3.0,-2,6.3972,AGATA,5.0,5.6,6.0,9.0,2.52,7.916666667,8.166666667,5.0,6.2,,,,1H,FEMININO,2019,PUBLICA,2011,-2.0,12,1.0
483,2024,2.0,3.0,-1,6.578604762,AGATA,5.0,5.25,5.6428571430000005,8.502,6.26,8.125,8.056666667,2.0,8.5,,,,2B,FEMININO,2021,PUBLICA,2011,-1.0,13,
484,2022,1.0,2.0,-1,6.71,AGATA,5.0,6.5,8.7,9.5,5.0,,6.389,8.0,5.0,,NAO,NAO,A,MASCULINO,2022,ESCOLA PUBLICA,2011,-1.0,11,1.0
484,2023,2.0,3.0,-1,5.515466667,QUARTZO,5.0,3.6,7.5,6.4,2.52,5.416666667,6.8,3.2,4.0,,,,2B,MASCULINO,2022,PUBLICA,2011,-1.0,12,0.0
484,2024,3.0,3.0,0,3.8354776573333336,QUARTZO,10.0,0.0,3.9141382866666667,8.334,2.51,3.4375,3.1225,0.0,0.0,0.0,,,3A,MASCULINO,2022,PUBLICA,2011,0.0,13,
485,2022,1.0,2.0,-1,4.742,QUARTZO,5.0,1.2,4.0,9.5,7.5,,5.444,1.0,1.3,,NAO,NAO,A,MASCULINO,2020,ESCOLA PUBLICA,2012,-1.0,10,
486,2022,1.0,2.0,-1,7.621,AMETISTA,5.0,7.3,9.9,10.0,7.5,,7.222,6.7,7.8,,NAO,NAO,A,FEMININO,2020,ESCOLA PUBLICA,2012,-1.0,10,0.0
486,2023,2.0,2.0,0,7.1043,AMETISTA,10.0,6.2,6.4,8.4,2.52,7.5,8.7525,3.3,9.0,,,,2A,FEMININO,2020,PRIVADA,2012,0.0,11,
487,2022,1.0,2.0,-1,8.417,TOPAZIO,5.0,9.6,9.7,7.5,7.5,,9.333,9.7,9.5,,NAO,SIM,A,FEMININO,2019,REDE DECISAO,2012,-1.0,10,0.0
487,2023,2.0,2.0,0,8.988866667,TOPAZIO,10.0,9.5,9.9,8.5,5.0,9.166666667,9.26,9.2,9.7,,,,2A,FEMININO,2019,PRIVADA PROGRAMA DE APADRINHAMENTO,2012,0.0,11,0.0
487,2024,3.0,3.0,0,9.4171373016,TOPAZIO,10.0,9.666666666666666,9.441269841333334,9.168,9.38,9.0625,9.1725,10.0,9.0,10.0,,,3A,FEMININO,2021,PRIVADA PROGRAMA DE APADRINHAMENTO,2012,0.0,12,
488,2022,1.0,2.0,-1,7.413,AMETISTA,5.0,7.3,8.8,8.5,7.5,,7.722,6.0,8.5,,NAO,NAO,A,FEMININO,2022,ESCOLA PUBLICA,2012,-1.0,10,
489,2022,1.0,1.0,0,5.853,QUARTZO,10.0,0.0,7.2,9.0,7.5,,6.5,0.0,0.0,,NAO,NAO,A,FEMININO,2022,ESCOLA PUBLICA,2013,0.0,9,
490,2022,1.0,2.0,-1,7.576,AMETISTA,5.0,7.7,8.2,7.9,7.5,,8.722,6.0,9.3,,NAO,SIM,A,FEMININO,2022,ESCOLA PUBLICA,2012,-1.0,10,0.0
490,2023,2.0,2.0,0,7.429466667,AMETISTA,10.0,5.8,7.9,7.9,2.52,8.541666667,9.0075,2.8,8.7,,,,2A,FEMININO,2022,PRIVADA,2012,0.0,11,0.0
490,2024,3.0,2.0,1,7.368084290266667,AMETISTA,10.0,6.166666666666667,5.5110047846666665,9.168,8.755,7.8125,7.295,5.5,6.0,7.0,,,3A,FEMININO,2022,PRIVADA,2012,1.0,12,
491,2022,1.0,2.0,-1,7.461,AMETISTA,5.0,7.0,9.7,7.5,7.5,,7.722,6.0,8.0,,NAO,NAO,A,MASCULINO,2022,ESCOLA PUBLICA,2011,-1.0,11,0.0
491,2023,2.0,2.0,0,7.560533333,AMETISTA,10.0,5.0,9.6,9.5,2.52,7.708333333,8.3375,3.3,6.7,,,,2A,MASCULINO,2022,PUBLICA,2011,0.0,12,1.0
491,2024,2.0,3.0,-1,6.995247619100001,AGATA,5.0,5.25,9.011904762,7.502,7.51,7.083333333,7.166666667,1.5,9.0,,,,2B,MASCULINO,2022,PUBLICA,2011,-1.0,13,
492,2022,1.0,2.0,-1,7.678,AMETISTA,5.0,7.1,8.8,10.0,7.5,,8.278,8.2,6.0,,NAO,NAO,A,FEMININO,2022,ESCOLA PUBLICA,2011,-1.0,11,
493,2022,1.0,1.0,0,8.306,TOPAZIO,10.0,7.2,9.4,10.0,7.5,,8.278,7.3,7.0,,NAO,NAO,B,FEMININO,2020,ESCOLA PUBLICA,2013,0.0,9,0.0
493,2023,2.0,2.0,0,7.934366667,AMETISTA,10.0,6.0,9.6,9.5,2.52,8.541666667,8.84,4.7,7.2,,,,2A,FEMININO,2020,PUBLICA,2013,0.0,10,0.0
493,2024,3.0,2.0,1,7.4643250000000005,AMETISTA,10.0,3.1666666666666665,8.933333333333334,10.002,10.0,7.03125,6.705,3.0,4.0,2.5,,,3B,FEMININO,2021,PUBLICA,2013,1.0,11,
494,2022,1.0,2.0,-1,6.407,AGATA,5.0,5.8,8.3,6.4,5.0,,6.944,6.3,5.2,,NAO,NAO,B,FEMININO,2022,ESCOLA PUBLICA,2011,-1.0,11,1.0
494,2023,2.0,3.0,-1,7.116633333,AMETISTA,5.0,6.8,9.0,6.9,2.52,7.708333333,8.71,6.3,7.3,,,,2A,FEMININO,2022,PRIVADA,2011,-1.0,12,0.0
494,2024,3.0,3.0,0,7.922281328333334,AMETISTA,10.0,6.333333333333333,7.329323308333333,7.5,8.755,7.8125,8.915,6.0,5.5,7.5,,,3A,FEMININO,2022,PRIVADA,2011,0.0,13,
495,2022,1.0,2.0,-1,7.857,AMETISTA,5.0,8.4,8.9,9.0,7.5,,8.056,8.0,8.8,,NAO,NAO,B,MASCULINO,2022,ESCOLA PUBLICA,2011,-1.0,11,1.0
495,2023,2.0,3.0,-1,7.417366667,AMETISTA,5.0,7.4,8.4,9.0,2.52,8.541666667,8.755,6.0,8.8,,,,2B,MASCULINO,2022,PRIVADA,2011,-1.0,12,
496,2022,1.0,2.0,-1,6.683,AGATA,5.0,5.7,6.8,8.5,7.5,,7.556,5.8,5.5,,NAO,NAO,B,MASCULINO,2018,ESCOLA PUBLICA,2011,-1.0,11,1.0
496,2023,2.0,3.0,-1,6.603666667,AGATA,5.0,8.3,7.1,0.0,5.0,7.916666667,8.71,7.5,9.0,,,,2A,MASCULINO,2018,PRIVADA,2011,-1.0,12,0.0
496,2024,3.0,3.0,0,6.726607507733334,AGATA,10.0,5.666666666666667,5.315995871999999,10.002,6.255,6.71875,6.1625,5.0,4.5,7.5,,,3A,MASCULINO,2021,PRIVADA,2011,0.0,13,
497,2022,1.0,3.0,-2,6.323,AGATA,5.0,5.1,9.2,6.9,5.0,,5.833,4.2,6.0,,NAO,NAO,B,FEMININO,2016,REDE DECISAO,2009,-2.0,13,1.0
497,2023,2.0,4.0,-2,5.7191,QUARTZO,5.0,3.5,8.7,5.3,2.52,6.25,6.885,1.7,5.3,,,,2A,FEMININO,2016,PRIVADA PROGRAMA DE APADRINHAMENTO,2009,-2.0,14,1.0
497,2024,2.0,3.0,-1,4.4960809524,QUARTZO,5.0,1.0,6.095238095,7.502,5.63,5.625,3.506666667,0.0,2.0,,,,2B,FEMININO,2021,PRIVADA PROGRAMA DE APADRINHAMENTO,2009,-1.0,15,
498,2022,1.0,2.0,-1,7.7,AMETISTA,5.0,8.8,8.8,8.5,7.5,,7.556,8.0,9.5,,NAO,NAO,B,FEMININO,2018,ESCOLA PUBLICA,2011,-1.0,11,
499,2022,1.0,2.0,-1,7.826,AMETISTA,5.0,8.2,10.0,8.5,7.5,,7.444,8.2,8.2,,NAO,NAO,B,MASCULINO,2020,ESCOLA PUBLICA,2012,-1.0,10,0.0
499,2023,2.0,2.0,0,7.8883,AMETISTA,10.0,6.6,10.0,7.9,2.52,8.75,8.2975,5.3,7.8,,,,2C,MASCULINO,2020,PUBLICA,2012,0.0,11,0.0
499,2024,2.0,2.0,0,7.5794738095000005,AMETISTA,10.0,4.75,9.0476190475,8.502,7.51,7.1875,7.5,2.0,7.5,,,,2C,MASCULINO,2021,PUBLICA,2012,0.0,12,
500,2022,1.0,2.0,-1,8.232,TOPAZIO,5.0,9.5,10.0,9.0,7.5,,7.889,9.5,9.5,,SIM,NAO,B,FEMININO,2020,ESCOLA PUBLICA,2012,-1.0,10,0.0
500,2023,2.0,2.0,0,8.427533333,TOPAZIO,10.0,7.9,10.0,9.5,2.52,8.958333333,8.7975,8.5,7.2,,,,2C,FEMININO,2020,PUBLICA,2012,0.0,11,0.0
500,2024,3.0,3.0,0,8.077708333333334,TOPAZIO,10.0,6.666666666666667,10.0,9.585,2.51,8.59375,8.3775,6.0,6.0,8.0,,,3D,FEMININO,2021,PRIVADA PROGRAMA DE APADRINHAMENTO,2012,0.0,12,
501,2022,1.0,1.0,0,7.794,AMETISTA,10.0,6.8,8.8,8.5,7.5,,7.333,8.0,5.7,,NAO,NAO,B,MASCULINO,2021,ESCOLA PUBLICA,2013,0.0,9,1.0
501,2023,1.0,2.0,-1,8.1357,TOPAZIO,5.0,8.9,8.4,7.0,7.52,8.541666667,9.396666667,9.2,8.5,,,,1C,MASCULINO,2021,PUBLICA,2013,-1.0,10,0.0
501,2024,2.0,2.0,0,8.2779474937,TOPAZIO,10.0,8.75,7.9949874685,7.002,7.51,8.4375,8.17,8.5,9.0,,,,2D,MASCULINO,2021,PRIVADA,2013,0.0,11,
502,2022,1.0,0.0,1,8.287,TOPAZIO,10.0,7.4,9.7,9.5,7.5,,7.778,6.7,8.2,,NAO,NAO,B,FEMININO,2021,REDE DECISAO,2014,1.0,8,0.0
502,2023,1.0,1.0,0,8.749075,TOPAZIO,10.0,8.0,9.8,8.5,7.52,7.96875,8.95,6.7,9.3,,,,1B,FEMININO,2021,PRIVADA PROGRAMA DE APADRINHAMENTO,2014,0.0,9,0.0
502,2024,2.0,2.0,0,8.5023309524,TOPAZIO,10.0,8.0,9.761904762,9.002,3.755,9.0625,8.84,6.0,10.0,,,,2D,FEMININO,2021,PRIVADA PROGRAMA DE APADRINHAMENTO,2014,0.0,10,
503,2022,1.0,2.0,-1,7.95,AMETISTA,5.0,8.8,10.0,8.5,7.5,,7.5,8.7,9.0,,NAO,NAO,B,MASCULINO,2020,ESCOLA PUBLICA,2012,-1.0,10,0.0
503,2023,2.0,2.0,0,8.4682,TOPAZIO,10.0,8.7,10.0,9.5,2.52,8.75,8.255,8.7,8.7,,,,2C,MASCULINO,2020,PUBLICA,2012,0.0,11,0.0
503,2024,3.0,2.0,1,8.547495614066667,TOPAZIO,10.0,7.666666666666667,9.824561403666666,9.585,7.51,7.8125,7.7925,6.0,8.0,9.0,,,3D,MASCULINO,2021,PUBLICA,2012,1.0,12,
504,2022,1.0,1.0,0,8.072,TOPAZIO,10.0,8.0,8.9,8.5,7.5,,7.556,7.8,8.2,,NAO,NAO,B,FEMININO,2021,ESCOLA PUBLICA,2013,0.0,9,0.0
504,2023,1.0,1.0,0,8.299533333,TOPAZIO,10.0,7.9,8.3,8.0,7.52,7.5,8.836666667,6.5,9.2,,,,1B,FEMININO,2021,PUBLICA,2013,0.0,10,
505,2022,1.0,2.0,-1,7.591,AMETISTA,5.0,8.4,8.0,9.5,7.5,,7.556,8.2,8.7,,NAO,NAO,B,FEMININO,2019,ESCOLA PUBLICA,2011,-1.0,11,
506,2022,1.0,3.0,-2,7.132,AMETISTA,5.0,7.2,7.3,9.5,7.5,,7.278,8.3,6.0,,NAO,NAO,B,MASCULINO,2020,ESCOLA PUBLICA,2010,-2.0,12,1.0
506,2023,2.0,3.0,-1,7.750033333,AMETISTA,5.0,8.5,8.1,9.5,5.0,8.958333333,7.92,7.3,9.7,,,,2D,MASCULINO,2020,PUBLICA,2010,-1.0,13,
507,2022,1.0,2.0,-1,7.653,AMETISTA,5.0,7.4,10.0,8.5,7.5,,7.222,7.3,7.5,,NAO,NAO,C,FEMININO,2021,ESCOLA PUBLICA,2011,-1.0,11,
508,2022,1.0,2.0,-1,6.575,AGATA,5.0,4.5,7.4,8.0,7.5,,7.556,0.0,9.0,,NAO,NAO,C,MASCULINO,2022,ESCOLA PUBLICA,2012,-1.0,10,0.0
508,2023,2.0,2.0,0,7.671633333,AMETISTA,10.0,7.5,8.6,6.4,2.52,8.333333333,8.6725,6.2,8.7,,,,2B,MASCULINO,2022,PUBLICA,2012,0.0,11,0.0
508,2024,3.0,2.0,1,6.771708625733333,AGATA,10.0,4.666666666666667,5.567251461999999,7.083,7.51,7.65625,7.5,0.0,7.0,7.0,,,3D,MASCULINO,2022,PUBLICA,2012,1.0,12,
509,2022,1.0,3.0,-2,7.808,AMETISTA,5.0,9.2,8.2,9.0,7.5,,7.833,9.3,9.0,,SIM,NAO,C,FEMININO,2018,ESCOLA PUBLICA,2010,-2.0,12,1.0
509,2023,2.0,3.0,-1,7.606033333,AMETISTA,5.0,8.6,8.1,8.5,2.52,8.958333333,8.84,8.2,9.0,,,,2C,FEMININO,2018,PUBLICA,2010,-1.0,13,0.0
509,2024,3.0,3.0,0,6.918152272733334,AGATA,10.0,6.0,6.363636363666667,9.168,2.51,8.28125,7.2475,6.0,4.5,7.5,,,3D,FEMININO,2021,PUBLICA,2010,0.0,14,
510,2022,1.0,3.0,-2,7.336,AMETISTA,5.0,7.1,9.3,8.0,7.5,,7.056,5.8,8.3,,NAO,NAO,C,MASCULINO,2022,ESCOLA PUBLICA,2010,-2.0,12,
511,2022,1.0,2.0,-1,7.094,AMETISTA,5.0,5.3,10.0,8.0,7.5,,7.056,2.0,8.5,,NAO,NAO,C,FEMININO,2022,ESCOLA PUBLICA,2012,-1.0,10,
512,2022,1.0,2.0,-1,7.365,AMETISTA,5.0,6.2,9.3,9.0,7.5,,7.722,5.3,7.0,,NAO,NAO,C,FEMININO,2022,ESCOLA PUBLICA,2012,-1.0,10,
513,2022,1.0,1.0,0,8.229,TOPAZIO,10.0,8.3,9.6,9.0,5.6,,7.778,8.2,8.5,,NAO,NAO,C,MASCULINO,2021,ESCOLA PUBLICA,2013,0.0,9,0.0
513,2023,2.0,2.0,0,8.297866667,TOPAZIO,10.0,7.5,9.7,9.5,2.52,8.541666667,9.0075,7.2,7.8,,,,2A,MASCULINO,2021,PRIVADA,2013,0.0,10,0.0
513,2024,3.0,2.0,1,8.728632539666668,TOPAZIO,10.0,7.666666666666667,8.831746031666666,10.002,8.135,9.0625,8.545,9.0,5.5,8.5,,,3B,MASCULINO,2021,PRIVADA,2013,1.0,11,
514,2022,1.0,1.0,0,7.039,AMETISTA,10.0,4.8,9.7,8.0,7.5,,5.889,2.0,7.5,,NAO,NAO,C,FEMININO,2022,ESCOLA PUBLICA,2013,0.0,9,1.0
514,2023,1.0,2.0,-1,5.823133333,QUARTZO,5.0,5.5,7.5,7.9,2.52,5.0,5.896666667,4.2,6.8,,,,1A,FEMININO,2022,PUBLICA,2013,-1.0,10,0.0
514,2024,2.0,2.0,0,6.219580952400001,AGATA,10.0,3.0,7.595238095,9.002,4.385,5.625,5.996666667,3.0,3.0,,,,2C,FEMININO,2022,PUBLICA,2013,0.0,11,
515,2022,1.0,3.0,-2,6.582,AGATA,5.0,5.8,6.3,8.0,7.5,,7.556,8.5,3.2,,NAO,NAO,C,MASCULINO,2022,ESCOLA PUBLICA,2010,-2.0,12,
516,2022,1.0,1.0,0,8.903,TOPAZIO,10.0,9.9,9.7,10.0,7.5,,8.056,10.0,9.8,,NAO,NAO,C,MASCULINO,2019,REDE DECISAO,2013,0.0,9,0.0
516,2023,2.0,2.0,0,8.6807,TOPAZIO,10.0,9.3,9.8,10.0,2.52,8.75,8.7175,9.0,9.5,,,,2B,MASCULINO,2019,PRIVADA PROGRAMA DE APADRINHAMENTO,2013,0.0,10,0.0
516,2024,3.0,2.0,1,8.384033333366668,TOPAZIO,10.0,8.833333333333334,10.0,10.002,2.51,8.541666667,7.56,8.0,8.5,10.0,,,3C,MASCULINO,2021,PRIVADA PROGRAMA DE APADRINHAMENTO,2013,1.0,11,
517,2022,1.0,3.0,-2,7.604,AMETISTA,5.0,7.7,9.5,6.9,7.5,,7.833,7.8,7.5,,NAO,NAO,D,FEMININO,2017,ESCOLA PUBLICA,2010,-2.0,12,1.0
517,2023,2.0,3.0,-1,6.3104,AGATA,5.0,6.6,9.0,4.1,2.52,6.875,6.7125,4.5,8.7,,,,2D,FEMININO,2017,PUBLICA,2010,-1.0,13,0.0
517,2024,3.0,3.0,0,5.880466583166668,QUARTZO,10.0,5.0,5.266499582333334,7.5,2.51,6.041666667,6.11,4.5,4.0,6.5,,,3C,FEMININO,2021,PUBLICA,2010,0.0,14,
518,2022,1.0,2.0,-1,7.661,AMETISTA,5.0,7.5,9.4,9.0,7.5,,7.5,6.0,9.0,,NAO,NAO,D,MASCULINO,2022,ESCOLA PUBLICA,2012,-1.0,10,0.0
518,2023,2.0,2.0,0,7.5762,AMETISTA,10.0,6.7,8.5,8.5,5.0,8.125,6.9175,5.5,7.8,,,,2D,MASCULINO,2022,PUBLICA,2012,0.0,11,0.0
518,2024,3.0,3.0,0,6.3467483709,AGATA,10.0,4.0,6.8300751879999995,8.334,2.51,7.083333333,6.94,7.5,3.5,1.0,,,3C,MASCULINO,2022,PUBLICA,2012,0.0,12,
519,2022,1.0,1.0,0,8.0,AMETISTA,10.0,7.5,9.6,7.4,7.5,,7.333,7.0,8.0,,NAO,NAO,D,MASCULINO,2022,ESCOLA PUBLICA,2013,0.0,9,1.0
519,2023,1.0,2.0,-1,8.0177,TOPAZIO,5.0,7.4,9.9,9.0,7.52,7.708333333,8.223333333,7.5,7.2,,,,1G,MASCULINO,2022,PUBLICA,2013,-1.0,10,
520,2022,1.0,2.0,-1,7.035,AMETISTA,5.0,6.8,6.8,10.0,7.5,,7.278,5.0,8.5,,NAO,NAO,D,FEMININO,2022,ESCOLA PUBLICA,2011,-1.0,11,
521,2022,1.0,1.0,0,7.725,AMETISTA,10.0,6.0,10.0,9.0,5.0,,7.5,5.0,7.0,,NAO,NAO,D,MASCULINO,2022,ESCOLA PUBLICA,2013,0.0,9,1.0
521,2023,1.0,2.0,-1,6.768666667,AGATA,5.0,7.9,9.9,0.0,3.77,7.083333333,8.166666667,7.0,8.7,,,,1G,MASCULINO,2022,PUBLICA,2013,-1.0,10,0.0
521,2024,2.0,2.0,0,7.4798428571999995,AMETISTA,10.0,6.25,9.0357142855,8.002,5.005,6.666666667,7.276666667,7.0,5.5,,,,2A,MASCULINO,2022,PRIVADA,2013,0.0,11,
522,2022,1.0,1.0,0,8.306,TOPAZIO,10.0,7.5,9.1,9.5,7.5,,8.167,7.0,8.0,,NAO,NAO,D,MASCULINO,2021,ESCOLA PUBLICA,2013,0.0,9,1.0
522,2023,1.0,2.0,-1,7.890533333,AMETISTA,5.0,8.3,9.2,7.5,7.52,7.083333333,8.45,8.3,8.2,,,,1C,MASCULINO,2021,PUBLICA,2013,-1.0,10,0.0
522,2024,2.0,2.0,0,8.6777119048,TOPAZIO,10.0,9.0,9.523809524,8.002,7.51,8.4375,7.89,9.5,8.5,,,,2D,MASCULINO,2021,PUBLICA,2013,0.0,11,
523,2022,1.0,2.0,-1,7.591,AMETISTA,5.0,6.5,9.5,10.0,7.5,,7.556,5.0,8.0,,NAO,NAO,D,FEMININO,2022,ESCOLA PUBLICA,2011,-1.0,11,
524,2022,1.0,2.0,-1,6.947,AGATA,5.0,9.1,9.4,0.0,5.0,,8.056,9.0,9.2,,SIM,NAO,D,MASCULINO,2019,ESCOLA PUBLICA,2011,-1.0,11,1.0
524,2023,2.0,3.0,-1,7.331133333,AMETISTA,5.0,8.9,9.2,6.4,2.52,8.333333333,7.42,9.0,8.8,,,,2D,MASCULINO,2019,PUBLICA,2011,-1.0,12,0.0
524,2024,3.0,3.0,0,7.026322556366667,AMETISTA,10.0,8.666666666666666,5.111779448666667,7.083,2.51,8.333333333,7.39,8.5,7.5,10.0,,,3C,MASCULINO,2021,PUBLICA,2011,0.0,13,
525,2022,1.0,2.0,-1,8.013,AMETISTA,5.0,8.6,9.3,9.0,7.5,,8.167,8.3,8.8,,NAO,NAO,D,FEMININO,2021,ESCOLA PUBLICA,2011,-1.0,11,1.0
525,2023,2.0,3.0,-1,7.911366667,AMETISTA,5.0,9.2,8.6,8.0,2.52,8.958333333,9.566666667,8.8,9.5,,,,2I,FEMININO,2021,PUBLICA,2011,-1.0,12,
526,2022,1.0,3.0,-2,8.079,TOPAZIO,5.0,8.0,9.9,10.0,7.5,,8.167,7.7,8.3,,NAO,NAO,D,MASCULINO,2022,ESCOLA PUBLICA,2010,-2.0,12,1.0
526,2023,2.0,3.0,-1,8.0957,TOPAZIO,5.0,8.8,9.8,9.5,5.0,8.75,7.7525,8.3,9.3,,,,2D,MASCULINO,2022,PUBLICA,2010,-1.0,13,1.0
526,2024,3.0,4.0,-1,7.843157894833334,AMETISTA,5.0,7.333333333333333,9.382456140333334,9.585,8.13,7.291666667,7.496666667,8.5,3.5,10.0,,,3C,MASCULINO,2022,PUBLICA,2010,-1.0,14,
527,2022,1.0,1.0,0,8.025,AMETISTA,10.0,6.5,10.0,8.5,7.5,,7.5,5.0,8.0,,NAO,NAO,D,FEMININO,2022,ESCOLA PUBLICA,2013,0.0,9,1.0
527,2023,1.0,2.0,-1,7.5682,AMETISTA,5.0,6.5,9.1,9.0,7.52,7.5,7.78,5.7,7.2,,,,1C,FEMININO,2022,PUBLICA,2013,-1.0,10,0.0
527,2024,2.0,2.0,0,8.1403666666,TOPAZIO,10.0,6.0,10.0,9.002,7.51,8.125,7.383333333,6.5,5.5,,,,2D,FEMININO,2022,PUBLICA,2013,0.0,11,
528,2022,1.0,2.0,-1,5.335,QUARTZO,5.0,4.0,6.2,0.0,7.5,,6.944,5.3,2.7,,NAO,NAO,D,MASCULINO,2021,ESCOLA PUBLICA,2011,-1.0,11,1.0
528,2023,2.0,3.0,-1,7.6892,AMETISTA,5.0,8.2,8.5,9.0,5.0,8.75,7.92,7.5,8.8,,,,2D,MASCULINO,2021,PUBLICA,2011,-1.0,12,0.0
528,2024,3.0,3.0,0,7.276330075300001,AMETISTA,10.0,6.666666666666667,5.793483709333334,9.168,7.51,7.291666667,6.936666667,8.5,4.5,7.0,,,3C,MASCULINO,2021,PUBLICA,2011,0.0,13,
529,2022,1.0,3.0,-2,6.51,AGATA,5.0,5.2,8.9,8.5,5.0,,6.556,3.3,7.0,,NAO,NAO,D,MASCULINO,2020,ESCOLA PUBLICA,2010,-2.0,12,1.0
529,2023,1.0,3.0,-2,7.278991667,AMETISTA,5.0,6.8,9.6,8.0,7.52,5.78125,6.893333333,4.8,8.7,,,,1B,MASCULINO,2020,PUBLICA,2010,-2.0,13,1.0
529,2024,2.0,3.0,-1,5.2661285715,QUARTZO,5.0,4.25,6.6071428569999995,7.002,4.38,4.791666667,4.886666667,2.5,6.0,,,,2A,MASCULINO,2021,PUBLICA,2010,-1.0,14,
530,2022,1.0,2.0,-1,8.338,TOPAZIO,5.0,8.9,9.0,10.0,7.5,,9.056,9.0,8.8,,SIM,SIM,E,MASCULINO,2019,ESCOLA PUBLICA,2012,-1.0,10,0.0
530,2023,2.0,2.0,0,7.653033333,AMETISTA,10.0,5.7,8.8,10.0,5.0,7.708333333,7.46,5.8,5.5,,,,2D,MASCULINO,2019,PUBLICA,2012,0.0,11,0.0
530,2024,3.0,3.0,0,7.214534419433333,AMETISTA,10.0,4.5,6.468838763666667,8.751,9.38,7.083333333,7.496666667,4.0,6.0,3.5,,,3C,MASCULINO,2021,PUBLICA,2012,0.0,12,
531,2022,1.0,2.0,-1,8.057,AMETISTA,5.0,7.8,9.8,9.5,7.5,,8.167,8.7,7.0,,SIM,NAO,E,MASCULINO,2022,ESCOLA PUBLICA,2012,-1.0,10,0.0
531,2023,2.0,2.0,0,8.3252,TOPAZIO,10.0,7.7,10.0,9.5,2.52,8.75,8.59,6.3,9.0,,,,2B,MASCULINO,2022,PUBLICA,2012,0.0,11,0.0
531,2024,3.0,3.0,0,7.9127926470666665,AMETISTA,10.0,6.666666666666667,9.803921568666667,9.168,4.38,7.96875,7.335,6.5,4.5,9.0,,,3B,MASCULINO,2022,PUBLICA,2012,0.0,12,
532,2022,1.0,1.0,0,7.792,AMETISTA,10.0,5.5,9.7,9.5,7.5,,7.167,4.0,7.0,,NAO,NAO,E,FEMININO,2022,ESCOLA PUBLICA,2013,0.0,9,
533,2022,1.0,2.0,-1,6.962,AGATA,5.0,6.0,8.8,8.5,5.6,,7.333,5.0,7.0,,NAO,NAO,E,MASCULINO,2022,ESCOLA PUBLICA,2012,-1.0,10,1.0
533,2023,1.0,2.0,-1,7.434866667,AMETISTA,5.0,5.8,9.3,9.0,7.52,7.5,7.613333333,4.8,6.7,,,,1B,MASCULINO,2022,PUBLICA,2012,-1.0,11,
534,2022,1.0,3.0,-2,7.131,AMETISTA,5.0,7.1,7.4,9.0,7.5,,7.333,6.5,7.7,,NAO,NAO,E,FEMININO,2021,ESCOLA PUBLICA,2010,-2.0,12,1.0
534,2023,2.0,3.0,-1,5.8385,QUARTZO,5.0,5.4,8.1,0.0,2.52,8.125,7.92,3.7,7.0,,,,2D,MASCULINO,2021,PUBLICA,2010,-1.0,13,0.0
534,2024,3.0,3.0,0,7.088855054266667,AMETISTA,10.0,5.0,6.043441938333333,9.585,7.51,7.5,7.103333333,4.0,4.0,7.0,,,3C,MASCULINO,2021,PUBLICA,2010,0.0,14,
535,2022,1.0,2.0,-1,6.953,AGATA,5.0,5.1,9.2,9.0,7.5,,6.917,4.7,5.5,,NAO,NAO,F,FEMININO,2019,ESCOLA PUBLICA,2012,-1.0,10,0.0
535,2023,2.0,2.0,0,8.0027,TOPAZIO,10.0,5.6,9.4,9.0,5.0,8.125,8.95,4.7,6.5,,,,2G,FEMININO,2019,PUBLICA,2012,0.0,11,0.0
535,2024,3.0,3.0,0,7.659555952400001,AMETISTA,10.0,6.0,7.161904762,9.168,8.135,7.96875,7.5,7.0,5.5,5.5,,,3H,FEMININO,2021,PUBLICA,2012,0.0,12,
536,2022,1.0,2.0,-1,7.106,AMETISTA,5.0,6.0,8.9,9.5,5.6,,7.75,6.3,5.7,,NAO,NAO,F,FEMININO,2020,ESCOLA PUBLICA,2012,-1.0,10,0.0
536,2023,2.0,2.0,0,7.759533333,AMETISTA,10.0,5.9,9.3,8.0,2.52,8.333333333,9.17,5.0,6.8,,,,2A,FEMININO,2020,PUBLICA,2012,0.0,11,0.0
536,2024,3.0,2.0,1,7.7704681818,AMETISTA,10.0,5.5,9.109090909,8.334,8.135,7.1875,7.415,6.5,4.5,5.5,,,3B,FEMININO,2021,PUBLICA,2012,1.0,12,
537,2022,1.0,2.0,-1,6.641,AGATA,5.0,4.8,9.0,9.5,4.4,,7.167,2.5,7.0,,NAO,NAO,F,MASCULINO,2022,ESCOLA PUBLICA,2012,-1.0,10,
538,2022,1.0,3.0,-2,6.309,AGATA,5.0,6.8,7.5,8.5,5.6,,5.583,4.5,9.0,,NAO,NAO,F,MASCULINO,2022,ESCOLA PUBLICA,2009,-2.0,13,1.0
538,2023,2.0,3.0,-1,6.413466667,AGATA,5.0,4.7,8.6,7.4,2.52,7.916666667,7.39,3.5,5.8,,,,2G,MASCULINO,2022,PUBLICA,2009,-1.0,14,1.0
538,2024,3.0,4.0,-1,6.514094017066666,AGATA,5.0,6.166666666666667,7.668803418666666,8.751,7.51,5.625,5.292,10.0,4.5,4.0,,,3H,MASCULINO,2022,PUBLICA,2009,-1.0,15,
539,2022,1.0,2.0,-1,7.665,AMETISTA,5.0,7.5,9.3,8.5,6.9,,8.417,6.8,8.2,,NAO,SIM,F,FEMININO,2022,ESCOLA PUBLICA,2011,-1.0,11,1.0
539,2023,2.0,3.0,-1,7.796866667,AMETISTA,5.0,8.5,8.6,9.5,2.52,9.166666667,8.84,7.2,9.7,,,,2F,FEMININO,2022,PUBLICA,2011,-1.0,12,0.0
539,2024,3.0,3.0,0,8.465533333333335,TOPAZIO,10.0,5.833333333333333,9.233333333333333,10.002,7.51,8.75,9.13,5.0,3.5,9.0,,,3G,FEMININO,2022,PRIVADA PROGRAMA DE APADRINHAMENTO,2011,0.0,13,
540,2022,1.0,2.0,-1,7.303,AMETISTA,5.0,7.0,9.5,8.5,5.6,,7.5,6.8,7.2,,NAO,NAO,F,FEMININO,2019,ESCOLA PUBLICA,2012,-1.0,10,0.0
540,2023,2.0,2.0,0,8.216033333,TOPAZIO,10.0,7.1,8.8,8.5,5.0,8.958333333,8.95,6.5,7.7,,,,2F,FEMININO,2019,PUBLICA,2012,0.0,11,
541,2022,1.0,4.0,-3,5.427,QUARTZO,2.5,2.5,7.8,10.0,6.9,,5.0,0.0,5.0,,NAO,NAO,F,MASCULINO,2022,ESCOLA PUBLICA,2008,-3.0,14,
542,2022,1.0,2.0,-1,7.221,AMETISTA,5.0,6.5,9.8,8.0,6.3,,7.417,5.3,7.7,,NAO,NAO,F,FEMININO,2019,ESCOLA PUBLICA,2011,-1.0,11,1.0
542,2023,2.0,3.0,-1,7.816533333,AMETISTA,5.0,6.3,9.7,9.5,5.0,8.75,9.006666667,5.2,7.3,,,,2H,FEMININO,2019,PUBLICA,2011,-1.0,12,0.0
542,2024,3.0,3.0,0,6.7205649586,AGATA,10.0,3.9333333333333336,6.481366459666667,8.751,8.13,7.03125,6.232,1.5,5.0,5.3,,,3F,FEMININO,2021,PUBLICA,2011,0.0,13,
543,2022,1.0,2.0,-1,7.05,AMETISTA,5.0,6.5,9.8,8.5,4.4,,7.167,5.0,8.0,,NAO,NAO,F,FEMININO,2022,ESCOLA PUBLICA,2012,-1.0,10,0.0
543,2023,2.0,2.0,0,7.971833333,AMETISTA,10.0,6.5,9.8,7.8,2.52,8.75,9.006666667,5.5,7.5,,,,2H,FEMININO,2022,PUBLICA,2012,0.0,11,0.0
543,2024,3.0,2.0,1,8.0467871118,TOPAZIO,10.0,6.833333333333333,9.616977225666666,8.751,2.51,8.90625,8.7,7.0,6.5,7.0,,,3F,FEMININO,2022,PUBLICA,2012,1.0,12,
544,2022,1.0,2.0,-1,6.307,AGATA,5.0,3.3,9.7,9.5,5.6,,6.0,1.0,5.5,,NAO,NAO,F,MASCULINO,2022,ESCOLA PUBLICA,2012,-1.0,10,
545,2022,1.0,3.0,-2,6.723,AGATA,5.0,5.5,6.6,9.5,7.5,,7.5,4.3,6.7,,NAO,NAO,G,MASCULINO,2018,ESCOLA PUBLICA,2009,-2.0,13,
546,2022,1.0,2.0,-1,6.77,AGATA,5.0,5.6,7.9,9.0,5.0,,7.917,3.3,7.8,,NAO,NAO,G,FEMININO,2021,ESCOLA PUBLICA,2011,-1.0,11,1.0
546,2023,2.0,3.0,-1,6.031666667,AGATA,5.0,5.7,7.2,0.0,2.52,8.75,9.173333333,3.5,7.8,,,,2H,FEMININO,2021,PUBLICA,2011,-1.0,12,0.0
546,2024,3.0,3.0,0,5.702426010066667,QUARTZO,10.0,4.666666666666667,3.7838383836666662,5.832,8.135,5.15625,5.5,0.0,4.0,10.0,,,3B,FEMININO,2021,PUBLICA,2011,0.0,13,
547,2022,1.0,2.0,-1,7.745,AMETISTA,5.0,7.6,9.7,9.5,5.0,,8.833,7.3,7.8,,NAO,SIM,G,FEMININO,2019,ESCOLA PUBLICA,2011,-1.0,11,1.0
547,2023,2.0,3.0,-1,6.467,AGATA,5.0,6.2,9.1,0.0,2.52,8.75,8.95,5.0,7.3,,,,2G,FEMININO,2019,PUBLICA,2011,-1.0,12,0.0
547,2024,3.0,3.0,0,7.2102906723333335,AMETISTA,10.0,6.833333333333333,7.030620028333334,8.751,8.135,5.625,5.932,9.0,4.5,7.0,,,3H,FEMININO,2021,PUBLICA,2011,0.0,13,
548,2022,1.0,3.0,-2,7.292,AMETISTA,5.0,7.2,9.1,8.0,6.9,,7.583,5.7,8.7,,NAO,NAO,G,MASCULINO,2019,ESCOLA PUBLICA,2010,-2.0,12,1.0
548,2023,2.0,3.0,-1,7.4322,AMETISTA,5.0,7.4,9.1,9.0,2.52,8.333333333,8.283333333,6.2,8.5,,,,2G,MASCULINO,2019,PUBLICA,2010,-1.0,13,0.0
548,2024,3.0,3.0,0,7.240168803466668,AMETISTA,10.0,6.666666666666667,7.600427350666667,9.168,7.51,5.9375,5.626,9.0,5.0,6.0,,,3H,MASCULINO,2021,PUBLICA,2010,0.0,14,
549,2022,1.0,2.0,-1,6.301,AGATA,5.0,4.2,7.9,10.0,6.9,,6.167,2.2,6.2,,NAO,NAO,G,MASCULINO,2021,ESCOLA PUBLICA,2012,-1.0,10,1.0
549,2023,1.0,2.0,-1,7.0297,AMETISTA,5.0,6.4,8.1,9.5,5.02,6.875,7.5,5.5,7.2,,,,1J,MASCULINO,2021,PUBLICA,2012,-1.0,11,1.0
549,2024,2.0,3.0,-1,6.5398187888,AGATA,5.0,5.75,7.204968943999999,10.002,6.255,6.40625,5.9125,5.0,6.5,,,,2G,MASCULINO,2021,PUBLICA,2012,-1.0,12,
550,2022,1.0,3.0,-2,6.026,AGATA,5.0,1.9,9.0,9.0,6.9,,6.25,2.0,1.8,,NAO,NAO,G,FEMININO,2022,ESCOLA PUBLICA,2010,-2.0,12,
551,2022,1.0,3.0,-2,6.853,AGATA,5.0,6.6,7.3,8.5,6.9,,7.333,5.0,8.2,,NAO,NAO,G,FEMININO,2018,ESCOLA PUBLICA,2010,-2.0,12,1.0
551,2023,2.0,3.0,-1,7.075033333,AMETISTA,5.0,5.4,8.6,10.0,2.52,8.541666667,8.393333333,4.5,6.2,,,,2G,FEMININO,2018,PUBLICA,2010,-1.0,13,
552,2022,1.0,2.0,-1,6.625,AGATA,5.0,5.5,8.8,9.5,5.0,,7.167,6.0,5.0,,NAO,NAO,G,MASCULINO,2022,ESCOLA PUBLICA,2011,-1.0,11,1.0
552,2023,1.0,3.0,-2,5.248666667,QUARTZO,5.0,6.4,5.6,0.0,3.14,6.666666667,6.89,6.5,6.2,,,,1J,MASCULINO,2022,PUBLICA,2011,-2.0,12,
553,2022,1.0,2.0,-1,6.39,AGATA,5.0,3.3,6.9,9.5,6.9,,8.167,1.0,5.7,,NAO,NAO,G,FEMININO,2019,ESCOLA PUBLICA,2011,-1.0,11,
554,2022,1.0,3.0,-2,5.588,QUARTZO,5.0,4.0,6.0,7.9,6.9,,5.75,1.7,6.3,,NAO,NAO,G,MASCULINO,2017,ESCOLA PUBLICA,2010,-2.0,12,
555,2022,1.0,3.0,-2,5.949,QUARTZO,5.0,4.4,8.1,9.5,5.0,,5.167,1.8,7.0,,NAO,NAO,G,MASCULINO,2019,ESCOLA PUBLICA,2010,-2.0,12,1.0
555,2023,2.0,3.0,-1,5.898133333,QUARTZO,5.0,3.9,8.1,7.4,2.52,6.25,6.946666667,1.5,6.2,,,,2G,MASCULINO,2019,PUBLICA,2010,-1.0,13,1.0
555,2024,3.0,4.0,-1,5.111470186333333,QUARTZO,5.0,4.333333333333333,2.7505175983333334,10.002,6.885,5.0,5.03,5.0,4.0,4.0,,,3F,MASCULINO,2021,PUBLICA,2010,-1.0,14,
556,2022,1.0,2.0,-1,7.181,AMETISTA,5.0,6.4,8.8,9.0,5.0,,8.25,4.8,8.0,,NAO,NAO,G,FEMININO,2018,ESCOLA PUBLICA,2011,-1.0,11,1.0
556,2023,2.0,3.0,-1,7.7482,AMETISTA,5.0,7.2,9.6,8.5,2.52,9.166666667,9.396666667,6.5,7.8,,,,2H,FEMININO,2018,PUBLICA,2011,-1.0,12,0.0
556,2024,3.0,3.0,0,5.833377380933333,QUARTZO,10.0,3.8333333333333335,6.171428571333333,7.083,2.51,6.40625,6.1625,1.5,4.5,5.5,,,3G,FEMININO,2021,PUBLICA,2011,0.0,13,
557,2022,1.0,2.0,-1,8.334,TOPAZIO,5.0,9.4,8.4,10.0,7.5,,9.333,10.0,8.8,,SIM,SIM,H,MASCULINO,2019,ESCOLA PUBLICA,2012,-1.0,10,0.0
557,2023,2.0,2.0,0,8.7717,TOPAZIO,10.0,8.9,8.2,10.0,5.0,9.375,9.62,8.0,9.7,,,,2H,MASCULINO,2019,PUBLICA,2012,0.0,11,0.0
557,2024,3.0,3.0,0,9.350986466133334,TOPAZIO,10.0,9.666666666666666,8.756265663999999,10.002,7.51,10.0,9.576,10.0,9.0,10.0,,,3H,MASCULINO,2021,PRIVADA PROGRAMA DE APADRINHAMENTO,2012,0.0,12,
558,2022,1.0,4.0,-3,5.539,QUARTZO,2.5,4.3,8.5,9.0,5.0,,4.5,0.5,8.0,,NAO,NAO,H,MASCULINO,2022,ESCOLA PUBLICA,2008,-3.0,14,1.0
558,2023,2.0,5.0,-3,6.615333333,AGATA,2.5,6.0,9.4,7.8,5.0,6.458333333,6.78,5.7,6.3,,,,2H,MASCULINO,2022,PUBLICA,2008,-3.0,15,1.0
558,2024,3.0,5.0,-2,5.048054503133334,QUARTZO,5.0,3.0,3.7763975156666674,9.168,8.13,6.09375,4.268,2.5,4.0,2.5,,,3F,MASCULINO,2022,PUBLICA,2008,-2.0,16,
559,2022,1.0,2.0,-1,7.634,AMETISTA,5.0,7.1,9.2,9.5,7.5,,8.083,7.2,7.0,,NAO,NAO,H,MASCULINO,2021,ESCOLA PUBLICA,2011,-1.0,11,1.0
559,2023,2.0,3.0,-1,7.947366667,AMETISTA,5.0,7.4,9.4,10.0,5.0,8.958333333,8.506666667,6.5,8.2,,,,2G,MASCULINO,2021,PUBLICA,2011,-1.0,12,0.0
559,2024,3.0,3.0,0,6.158158974333333,AGATA,10.0,3.1666666666666665,5.705128205,10.002,8.13,6.25,4.728,1.0,2.5,6.0,,,3F,MASCULINO,2021,PUBLICA,2011,0.0,13,
560,2022,1.0,2.0,-1,4.949,QUARTZO,5.0,3.8,7.2,6.9,5.0,,3.75,3.2,4.3,,NAO,NAO,H,MASCULINO,2020,ESCOLA PUBLICA,2011,-1.0,11,1.0
560,2023,2.0,3.0,-1,4.932,QUARTZO,5.0,4.0,8.4,0.0,2.52,5.0,6.0,2.3,5.7,,,,2H,MASCULINO,2020,PUBLICA,2011,-1.0,12,
561,2022,1.0,2.0,-1,7.856,AMETISTA,5.0,7.4,9.0,9.0,7.5,,8.833,9.5,5.3,,SIM,SIM,H,MASCULINO,2022,ESCOLA PUBLICA,2011,-1.0,11,
562,2022,1.0,2.0,-1,7.855,AMETISTA,5.0,8.0,9.0,8.0,7.5,,8.75,8.3,7.7,,NAO,SIM,H,FEMININO,2021,ESCOLA PUBLICA,2011,-1.0,11,1.0
562,2023,2.0,3.0,-1,6.824833333,AGATA,5.0,8.7,8.5,0.0,2.52,8.541666667,8.893333333,7.7,9.7,,,,2I,FEMININO,2021,PUBLICA,2011,-1.0,12,0.0
562,2024,3.0,3.0,0,8.392733333333334,TOPAZIO,10.0,7.833333333333333,9.833333333333334,8.334,8.135,7.625,7.25,7.5,7.5,8.5,,,3I,FEMININO,2021,PUBLICA,2011,0.0,13,
563,2022,1.0,2.0,-1,8.22,TOPAZIO,5.0,8.5,9.2,10.0,7.5,,8.833,9.0,8.0,,SIM,SIM,H,FEMININO,2020,ESCOLA PUBLICA,2011,-1.0,11,0.0
563,2023,2.0,2.0,0,7.684133333,AMETISTA,10.0,6.2,9.7,6.4,2.52,8.75,8.726666667,6.0,6.3,,,,2G,FEMININO,2020,PUBLICA,2011,0.0,12,0.0
563,2024,3.0,3.0,0,8.595447619066668,TOPAZIO,10.0,8.333333333333334,9.461904762000001,9.168,8.135,8.125,7.468,10.0,9.0,6.0,,,3H,FEMININO,2021,PUBLICA,2011,0.0,13,
564,2022,1.0,3.0,-2,4.972,QUARTZO,5.0,2.3,3.8,9.5,5.0,,6.833,2.5,2.0,,NAO,NAO,H,MASCULINO,2019,ESCOLA PUBLICA,2009,-2.0,13,
565,2022,1.0,3.0,-2,5.233,QUARTZO,5.0,2.9,4.1,9.0,7.5,,5.917,4.0,1.8,,NAO,NAO,H,MASCULINO,2022,ESCOLA PUBLICA,2009,-2.0,13,
566,2022,1.0,3.0,-2,7.729,AMETISTA,5.0,8.5,8.4,9.5,7.5,,7.917,9.5,7.5,,NAO,NAO,H,FEMININO,2022,ESCOLA PUBLICA,2010,-2.0,12,1.0
566,2023,2.0,3.0,-1,7.7227,AMETISTA,5.0,8.4,8.8,9.0,2.52,8.958333333,8.673333333,8.8,8.0,,,,2G,FEMININO,2022,PUBLICA,2010,-1.0,13,
567,2022,1.0,2.0,-1,6.281,AGATA,5.0,4.8,6.0,9.5,7.5,,6.833,4.3,5.2,,NAO,NAO,H,MASCULINO,2019,ESCOLA PUBLICA,2011,-1.0,11,
568,2022,1.0,4.0,-3,7.306,AMETISTA,2.5,8.3,8.6,8.0,6.9,,7.944,8.0,8.5,,NAO,NAO,J,MASCULINO,2018,ESCOLA PUBLICA,2008,-3.0,14,1.0
568,2023,2.0,5.0,-3,6.9647,AGATA,2.5,7.6,7.9,7.0,5.0,8.125,8.01,8.5,6.7,,,,2I,MASCULINO,2018,PUBLICA,2008,-3.0,15,1.0
568,2024,3.0,5.0,-2,5.545864285733334,QUARTZO,5.0,5.166666666666667,3.2619047620000003,7.917,8.13,6.5625,5.496,5.0,5.5,5.0,,,3F,MASCULINO,2021,PUBLICA,2008,-2.0,16,
569,2022,1.0,3.0,-2,7.074,AMETISTA,5.0,6.8,8.7,9.5,5.0,,7.333,6.3,7.3,,NAO,NAO,J,FEMININO,2020,ESCOLA PUBLICA,2010,-2.0,12,
570,2022,1.0,2.0,-1,5.722,QUARTZO,5.0,1.3,7.0,9.0,7.5,,6.778,0.7,2.0,,NAO,NAO,J,FEMININO,2019,ESCOLA PUBLICA,2012,-1.0,10,1.0
570,2023,1.0,2.0,-1,6.781033333,AGATA,5.0,5.9,7.3,8.5,3.77,8.125,8.056666667,5.7,6.0,,,,1H,FEMININO,2019,PUBLICA,2012,-1.0,11,1.0
570,2024,2.0,3.0,-1,6.8133640787,AGATA,5.0,6.75,8.0020703935,8.002,5.625,7.1875,6.4075,6.0,7.5,,,,2H,FEMININO,2021,PUBLICA,2012,-1.0,12,
571,2022,1.0,2.0,-1,6.589,AGATA,5.0,3.7,8.8,8.5,7.5,,6.944,3.3,4.0,,NAO,NAO,J,FEMININO,2019,ESCOLA PUBLICA,2011,-1.0,11,1.0
571,2023,1.0,3.0,-2,6.6097,AGATA,5.0,5.0,7.9,9.0,3.77,7.291666667,7.616666667,3.8,6.2,,,,1J,FEMININO,2019,PRIVADA,2011,-2.0,12,1.0
571,2024,2.0,3.0,-1,6.2964554347999995,AGATA,5.0,5.25,8.695652174,7.002,4.375,7.03125,5.8325,5.0,5.5,,,,2G,FEMININO,2021,PUBLICA,2011,-1.0,13,
572,2022,1.0,1.0,0,7.48,AMETISTA,10.0,6.8,8.0,8.5,7.5,,6.833,4.5,9.0,,NAO,NAO,J,MASCULINO,2022,ESCOLA PUBLICA,2013,0.0,9,
573,2022,1.0,2.0,-1,8.261,TOPAZIO,5.0,8.2,9.9,9.5,7.5,,8.944,8.3,8.0,,SIM,SIM,J,MASCULINO,2020,ESCOLA PUBLICA,2011,-1.0,11,1.0
573,2023,2.0,3.0,-1,7.774366667,AMETISTA,5.0,6.6,9.8,9.5,5.0,8.541666667,8.45,5.7,7.5,,,,2G,MASCULINO,2020,PUBLICA,2011,-1.0,12,0.0
573,2024,3.0,3.0,0,7.839050000000001,AMETISTA,10.0,5.0,9.5,9.168,8.755,7.8125,6.8275,6.0,3.5,5.5,,,3G,MASCULINO,2021,PUBLICA,2011,0.0,13,
574,2022,1.0,2.0,-1,6.86,AGATA,5.0,7.5,7.2,9.5,5.0,,6.944,5.5,9.5,,NAO,NAO,J,MASCULINO,2022,ESCOLA PUBLICA,2012,-1.0,10,0.0
574,2023,2.0,2.0,0,7.878133333,AMETISTA,10.0,8.1,8.2,6.9,5.0,7.916666667,8.173333333,7.7,8.5,,,,2F,MASCULINO,2022,PUBLICA,2012,0.0,11,
575,2022,1.0,3.0,-2,5.889,QUARTZO,5.0,2.8,6.1,8.0,7.5,,7.0,2.7,3.0,,NAO,NAO,J,MASCULINO,2019,ESCOLA PUBLICA,2010,-2.0,12,
576,2022,1.0,2.0,-1,7.59,AMETISTA,5.0,7.8,9.1,9.5,7.5,,7.111,7.5,8.0,,NAO,NAO,J,FEMININO,2022,ESCOLA PUBLICA,2012,-1.0,10,1.0
576,2023,1.0,2.0,-1,7.984741667,AMETISTA,5.0,8.0,9.3,9.0,5.02,9.21875,8.503333333,6.5,9.5,,,,1F,FEMININO,2022,PUBLICA,2012,-1.0,11,0.0
576,2024,2.0,2.0,0,8.93195,TOPAZIO,10.0,9.25,10.0,8.502,7.51,7.8125,8.4975,9.0,9.5,,,,2H,FEMININO,2022,PUBLICA,2012,0.0,12,
577,2022,1.0,2.0,-1,7.862,AMETISTA,5.0,9.0,9.3,9.5,7.5,,7.111,8.3,9.7,,NAO,NAO,J,FEMININO,2022,ESCOLA PUBLICA,2012,-1.0,10,1.0
577,2023,1.0,2.0,-1,7.219366667,AMETISTA,5.0,7.4,8.2,10.0,3.77,6.875,7.673333333,6.5,8.3,,,,1J,FEMININO,2022,PUBLICA,2012,-1.0,11,1.0
577,2024,2.0,3.0,-1,6.629159109700001,AGATA,5.0,8.0,5.7660455485,8.502,5.625,6.5625,6.535,7.0,9.0,,,,2H,FEMININO,2022,PUBLICA,2012,-1.0,12,
578,2022,1.0,2.0,-1,8.814,TOPAZIO,5.0,9.5,10.0,9.5,8.8,,9.611,9.3,9.7,,SIM,SIM,J,MASCULINO,2019,ESCOLA PUBLICA,2012,-1.0,10,0.0
578,2023,2.0,2.0,0,9.013866667,TOPAZIO,10.0,9.7,10.0,9.0,2.52,9.791666667,9.7625,9.8,9.5,,,,2A,MASCULINO,2019,PRIVADA PROGRAMA DE APADRINHAMENTO,2012,0.0,11,0.0
578,2024,3.0,2.0,1,9.066199999966669,TOPAZIO,10.0,9.833333333333334,10.0,10.002,2.51,9.583333333,9.45,10.0,9.5,10.0,,,3C,MASCULINO,2021,PRIVADA PROGRAMA DE APADRINHAMENTO,2012,1.0,12,
579,2022,1.0,2.0,-1,6.067,AGATA,5.0,3.8,5.8,8.5,7.5,,7.222,0.0,7.5,,NAO,NAO,J,FEMININO,2022,ESCOLA PUBLICA,2012,-1.0,10,
580,2022,1.0,2.0,-1,7.525,AMETISTA,5.0,7.6,9.6,8.0,7.5,,7.167,6.3,8.8,,NAO,NAO,J,FEMININO,2020,ESCOLA PUBLICA,2012,-1.0,10,1.0
580,2023,1.0,2.0,-1,8.4712,TOPAZIO,5.0,9.0,9.8,8.5,7.52,8.75,8.67,8.7,9.3,,,,1H,FEMININO,2020,PUBLICA,2012,-1.0,11,1.0
580,2024,2.0,3.0,-1,7.9281521222,AMETISTA,5.0,9.25,8.871635610999999,9.002,7.51,7.03125,7.2475,10.0,8.5,,,,2H,FEMININO,2021,PUBLICA,2012,-1.0,12,
581,2022,1.0,2.0,-1,6.464,AGATA,5.0,5.0,8.9,7.5,7.5,,5.889,5.3,4.7,,NAO,NAO,J,MASCULINO,2019,ESCOLA PUBLICA,2012,-1.0,10,1.0
581,2023,1.0,2.0,-1,7.7167,AMETISTA,5.0,7.9,9.8,8.0,7.52,6.458333333,7.393333333,7.0,8.8,,,,1H,MASCULINO,2019,PUBLICA,2012,-1.0,11,1.0
581,2024,2.0,3.0,-1,7.0833015528,AMETISTA,5.0,8.75,8.198757764,7.418,5.625,6.5625,6.165,8.0,9.5,,,,2H,MASCULINO,2021,PUBLICA,2012,-1.0,12,
582,2022,1.0,2.0,-1,7.064,AMETISTA,5.0,4.9,9.0,10.0,7.5,,7.222,4.3,5.5,,NAO,NAO,J,FEMININO,2022,ESCOLA PUBLICA,2012,-1.0,10,
583,2022,1.0,3.0,-2,7.456,AMETISTA,5.0,7.1,9.4,8.5,7.5,,7.333,6.2,8.0,,NAO,NAO,J,FEMININO,2019,ESCOLA PUBLICA,2010,-2.0,12,1.0
583,2023,2.0,3.0,-1,7.838866667,AMETISTA,5.0,6.3,9.4,9.0,7.52,8.333333333,8.616666667,5.5,7.0,,,,2I,FEMININO,2019,PUBLICA,2010,-1.0,13,0.0
583,2024,3.0,3.0,0,7.447591035933334,AMETISTA,10.0,5.0,8.904455179666668,7.917,8.135,6.875,6.87,6.5,4.5,4.0,,,3I,FEMININO,2021,PUBLICA,2010,0.0,14,
584,2022,1.0,2.0,-1,6.714,AGATA,5.0,4.6,8.5,8.0,7.5,,7.333,4.5,4.7,,NAO,NAO,J,FEMININO,2019,ESCOLA PUBLICA,2012,-1.0,10,0.0
584,2023,2.0,2.0,0,7.697533333,AMETISTA,10.0,5.8,9.0,9.5,2.52,8.333333333,8.56,5.0,6.5,,,,2I,FEMININO,2019,PUBLICA,2012,0.0,11,0.0
584,2024,3.0,3.0,0,6.752914393933334,AGATA,10.0,4.333333333333333,5.636363636333333,8.751,8.755,7.34375,6.37,2.0,5.0,6.0,,,3G,FEMININO,2021,PUBLICA,2012,0.0,12,
585,2022,1.0,1.0,0,7.398,AMETISTA,10.0,5.0,9.1,8.5,7.5,,6.889,3.7,6.3,,NAO,NAO,K,FEMININO,2020,ESCOLA PUBLICA,2013,0.0,9,
586,2022,1.0,2.0,-1,7.988,AMETISTA,5.0,8.2,9.6,10.0,5.6,,8.778,8.2,8.2,,NAO,SIM,K,FEMININO,2021,REDE DECISAO,2012,-1.0,10,0.0
586,2023,2.0,2.0,0,8.4242,TOPAZIO,10.0,8.4,10.0,8.0,2.52,8.333333333,9.343333333,7.5,9.2,,,,2K,FEMININO,2021,PRIVADA PROGRAMA DE APADRINHAMENTO,2012,0.0,11,0.0
586,2024,3.0,2.0,1,8.702387301666668,TOPAZIO,10.0,8.5,9.241269841333333,9.168,7.51,8.75,8.056666667,7.5,8.0,10.0,,,3U,FEMININO,2021,PRIVADA PROGRAMA DE APADRINHAMENTO,2012,1.0,12,
587,2022,1.0,2.0,-1,6.632,AGATA,5.0,3.8,9.3,9.5,7.5,,6.167,1.0,6.5,,NAO,NAO,K,MASCULINO,2022,ESCOLA PUBLICA,2012,-1.0,10,1.0
587,2023,1.0,2.0,-1,6.032033333,AGATA,5.0,2.7,7.0,8.5,7.52,6.458333333,6.72,2.2,3.2,,,,1L,MASCULINO,2022,PUBLICA,2012,-1.0,11,1.0
587,2024,1.0,3.0,-2,6.817057142900001,AGATA,5.0,6.25,7.380952381,9.002,7.51,7.916666667,5.74,6.5,6.0,,,,1L,MASCULINO,2022,PUBLICA,2012,-2.0,12,
588,2022,1.0,1.0,0,8.622,TOPAZIO,10.0,9.3,10.0,9.5,5.6,,8.278,9.3,9.2,,NAO,NAO,K,FEMININO,2021,REDE DECISAO,2013,0.0,9,0.0
588,2023,2.0,2.0,0,8.3527,TOPAZIO,10.0,7.8,9.6,8.0,2.52,8.958333333,9.673333333,7.5,8.0,,,,2U,FEMININO,2021,PRIVADA PROGRAMA DE APADRINHAMENTO,2013,0.0,10,0.0
588,2024,3.0,2.0,1,8.676133333333334,TOPAZIO,10.0,7.833333333333333,9.833333333333334,9.168,7.51,8.75,8.0,8.5,8.0,7.0,,,3U,FEMININO,2021,PRIVADA PROGRAMA DE APADRINHAMENTO,2013,1.0,11,
589,2022,1.0,1.0,0,7.744,AMETISTA,10.0,5.8,9.4,9.5,7.5,,7.056,3.0,8.5,,NAO,NAO,K,FEMININO,2022,ESCOLA PUBLICA,2013,0.0,9,
590,2022,1.0,2.0,-1,7.435,AMETISTA,5.0,7.4,8.6,8.5,7.5,,7.611,5.7,9.2,,NAO,NAO,K,FEMININO,2020,ESCOLA PUBLICA,2012,-1.0,10,0.0
590,2023,2.0,2.0,0,7.647666667,AMETISTA,10.0,6.5,9.7,6.3,3.77,7.291666667,8.34,5.7,7.3,,,,2L,FEMININO,2020,PRIVADA,2012,0.0,11,1.0
590,2024,2.0,3.0,-1,6.712378053800001,AGATA,5.0,4.0,8.457556936,8.002,6.26,7.5,7.723333333,8.0,0.0,,,,2U,FEMININO,2021,PRIVADA,2012,-1.0,12,
591,2022,1.0,2.0,-1,7.507,AMETISTA,5.0,7.1,9.3,9.5,7.5,,7.389,7.8,6.3,,NAO,NAO,K,MASCULINO,2021,ESCOLA PUBLICA,2011,-1.0,11,1.0
591,2023,2.0,3.0,-1,7.1472,AMETISTA,5.0,6.9,8.5,9.0,6.27,5.833333333,7.333333333,6.2,7.5,,,,2U,MASCULINO,2021,PUBLICA,2011,-1.0,12,1.0
591,2024,2.0,3.0,-1,6.8360336957,AGATA,5.0,7.5,7.913043478500001,7.418,6.255,5.78125,6.54,6.0,9.0,,,,2K,MASCULINO,2021,PUBLICA,2011,-1.0,13,
592,2022,1.0,2.0,-1,7.381,AMETISTA,5.0,8.4,8.5,8.0,5.6,,7.778,7.2,9.7,,NAO,NAO,K,FEMININO,2020,ESCOLA PUBLICA,2012,-1.0,10,0.0
592,2023,2.0,2.0,0,7.935466667,AMETISTA,10.0,7.6,9.2,6.2,3.77,7.916666667,8.95,5.5,9.7,,,,2U,FEMININO,2020,PRIVADA,2012,0.0,11,0.0
592,2024,3.0,2.0,1,7.121622213600001,AMETISTA,10.0,7.833333333333333,6.108152734666667,7.917,2.51,7.65625,7.625,7.0,8.0,8.5,,,3L,FEMININO,2021,PRIVADA,2012,1.0,12,
593,2022,1.0,2.0,-1,6.254,AGATA,5.0,4.6,7.4,7.5,7.5,,6.278,3.0,6.2,,NAO,NAO,K,FEMININO,2021,ESCOLA PUBLICA,2012,-1.0,10,
594,2022,1.0,2.0,-1,7.392,AMETISTA,5.0,7.8,9.4,8.0,7.5,,6.889,6.0,9.5,,NAO,NAO,K,MASCULINO,2022,ESCOLA PUBLICA,2012,-1.0,10,1.0
594,2023,1.0,2.0,-1,6.702033333,AGATA,5.0,5.8,7.1,8.5,6.27,6.875,7.336666667,6.2,5.3,,,,1L,MASCULINO,2022,PUBLICA,2012,-1.0,11,0.0
594,2024,2.0,2.0,0,6.890966666600001,AGATA,10.0,7.0,5.75,6.918,6.26,8.125,6.053333333,6.5,7.5,,,,2M,MASCULINO,2022,PUBLICA,2012,0.0,12,
595,2022,1.0,3.0,-2,5.18,QUARTZO,5.0,1.0,5.5,8.5,7.5,,6.0,2.0,0.0,,NAO,NAO,K,MASCULINO,2018,ESCOLA PUBLICA,2010,-2.0,12,1.0
595,2023,2.0,3.0,-1,5.078666667,QUARTZO,5.0,3.3,7.0,0.0,7.52,6.666666667,5.55,3.2,3.3,,,,2U,MASCULINO,2018,PUBLICA,2010,-1.0,13,
596,2022,1.0,1.0,0,8.971,TOPAZIO,10.0,9.3,10.0,9.5,7.5,,9.0,8.8,9.8,,SIM,SIM,K,FEMININO,2021,ESCOLA PUBLICA,2013,0.0,9,
597,2022,1.0,1.0,0,8.265,TOPAZIO,10.0,8.0,10.0,9.0,7.5,,7.056,6.5,9.5,,NAO,NAO,L,MASCULINO,2022,ESCOLA PUBLICA,2013,0.0,9,1.0
597,2023,1.0,2.0,-1,8.49045,TOPAZIO,5.0,8.5,9.6,10.0,7.52,9.0625,8.56,7.8,9.2,,,,1K,MASCULINO,2022,PUBLICA,2013,-1.0,10,0.0
597,2024,2.0,2.0,0,7.843291097300001,AMETISTA,10.0,6.0,9.3271221535,9.002,7.51,7.5,6.883333333,5.0,7.0,,,,2L,MASCULINO,2022,PUBLICA,2013,0.0,11,
598,2022,1.0,2.0,-1,6.35,AGATA,5.0,3.7,7.2,9.5,7.5,,6.944,4.7,2.7,,NAO,NAO,L,FEMININO,2022,ESCOLA PUBLICA,2011,-1.0,11,
599,2022,1.0,2.0,-1,8.2,TOPAZIO,5.0,9.1,9.2,9.5,7.5,,8.556,8.3,9.8,,SIM,SIM,L,MASCULINO,2022,ESCOLA PUBLICA,2012,-1.0,10,0.0
599,2023,2.0,2.0,0,8.532866667,TOPAZIO,10.0,8.5,9.5,10.0,2.52,8.333333333,9.286666667,8.2,8.7,,,,2K,MASCULINO,2022,PUBLICA,2012,0.0,11,0.0
599,2024,3.0,2.0,1,8.3569352941,TOPAZIO,10.0,7.666666666666667,8.607843137333333,10.002,9.375,7.083333333,7.28,8.0,7.0,8.0,,,3K,MASCULINO,2022,PUBLICA,2012,1.0,12,
600,2022,1.0,1.0,0,7.011,AGATA,10.0,3.9,8.4,8.5,7.5,,6.833,2.8,5.0,,NAO,NAO,L,FEMININO,2021,ESCOLA PUBLICA,2013,0.0,9,1.0
600,2023,1.0,2.0,-1,7.651658333,AMETISTA,5.0,7.2,8.4,8.5,7.52,8.28125,8.056666667,6.5,7.8,,,,1K,FEMININO,2021,PUBLICA,2013,-1.0,10,0.0
600,2024,2.0,2.0,0,7.847373913,AMETISTA,10.0,7.5,8.010869565,8.002,7.51,7.5,7.22,8.0,7.0,,,,2L,FEMININO,2021,PUBLICA,2013,0.0,11,
601,2022,1.0,0.0,1,7.713,AMETISTA,10.0,5.7,9.7,9.0,7.5,,7.167,5.3,6.0,,NAO,NAO,L,MASCULINO,2021,ESCOLA PUBLICA,2014,1.0,8,0.0
601,2023,1.0,1.0,0,8.955783333,TOPAZIO,10.0,8.7,10.0,9.0,7.52,9.0625,8.336666667,8.0,9.3,,,,1K,MASCULINO,2021,PUBLICA,2014,0.0,9,1.0
601,2024,1.0,2.0,-1,8.5107,TOPAZIO,5.0,8.75,10.0,9.502,7.505,8.75,8.425,9.5,8.0,,,,1K,MASCULINO,2021,PUBLICA,2014,-1.0,10,
602,2022,1.0,2.0,-1,8.041,AMETISTA,5.0,8.6,9.7,10.0,7.5,,7.667,8.3,8.8,,SIM,NAO,L,MASCULINO,2019,ESCOLA PUBLICA,2011,-1.0,11,1.0
602,2023,2.0,3.0,-1,8.5592,TOPAZIO,5.0,8.1,9.6,10.0,7.52,8.75,9.51,7.3,8.8,,,,2U,MASCULINO,2019,PUBLICA,2011,-1.0,12,0.0
602,2024,3.0,3.0,0,8.647409313733334,TOPAZIO,10.0,7.333333333333333,9.670588235333334,9.585,7.51,8.28125,8.545,9.0,5.0,8.0,,,3L,MASCULINO,2021,PUBLICA,2011,0.0,13,
603,2022,1.0,2.0,-1,7.78,AMETISTA,5.0,7.5,9.5,9.0,7.5,,8.0,6.7,8.3,,NAO,NAO,L,FEMININO,2022,ESCOLA PUBLICA,2011,-1.0,11,0.0
603,2023,2.0,2.0,0,6.748833333,AGATA,10.0,7.0,8.9,0.0,2.52,7.708333333,7.78,5.7,8.2,,,,2M,MASCULINO,2022,PUBLICA,2011,0.0,12,0.0
603,2024,3.0,3.0,0,6.942277777866667,AGATA,10.0,4.666666666666667,7.155555555666666,9.585,6.885,6.875,6.216666667,4.5,5.5,4.0,,,3U,MASCULINO,2022,PUBLICA,2011,0.0,13,
604,2022,1.0,2.0,-1,8.018,AMETISTA,5.0,8.8,9.0,9.0,7.5,,8.333,8.0,9.7,,SIM,NAO,L,FEMININO,2021,ESCOLA PUBLICA,2012,-1.0,10,0.0
604,2023,2.0,2.0,0,8.548033333,TOPAZIO,10.0,7.5,9.3,9.0,7.52,8.125,8.616666667,6.0,9.0,,,,2K,FEMININO,2021,PUBLICA,2012,0.0,11,0.0
604,2024,3.0,2.0,1,7.429623555266667,AMETISTA,10.0,7.0,7.5029927763333335,8.334,8.13,6.40625,6.21,8.0,5.5,7.5,,,3L,FEMININO,2021,PUBLICA,2012,1.0,12,
605,2022,1.0,3.0,-2,7.276,AMETISTA,5.0,7.1,9.3,6.9,6.9,,7.556,6.2,8.0,,NAO,NAO,L,FEMININO,2021,ESCOLA PUBLICA,2010,-2.0,12,1.0
605,2023,2.0,3.0,-1,7.709366667,AMETISTA,5.0,6.8,9.5,9.0,7.52,7.291666667,7.84,4.8,8.8,,,,2K,FEMININO,2021,PUBLICA,2010,-1.0,13,0.0
605,2024,3.0,3.0,0,6.0175222222,AGATA,10.0,2.6666666666666665,6.194444444333333,7.5,6.885,7.0,5.534,1.5,3.5,3.0,,,3M,FEMININO,2021,PUBLICA,2010,0.0,14,
606,2022,1.0,2.0,-1,6.127,AGATA,5.0,1.8,9.0,9.5,7.5,,6.111,2.0,1.5,,NAO,NAO,L,MASCULINO,2022,ESCOLA PUBLICA,2012,-1.0,10,1.0
606,2023,1.0,2.0,-1,7.402491667,AMETISTA,5.0,6.0,8.5,8.5,7.52,7.65625,8.223333333,4.7,7.2,,,,1K,MASCULINO,2022,PUBLICA,2012,-1.0,11,0.0
606,2024,2.0,2.0,0,6.645260606100001,AGATA,10.0,3.25,7.6136363634999995,8.502,6.885,8.125,5.606666667,3.5,3.0,,,,2M,MASCULINO,2022,PUBLICA,2012,0.0,12,
607,2022,1.0,2.0,-1,6.44,AGATA,5.0,4.0,8.1,6.8,7.5,,7.444,3.0,5.0,,NAO,NAO,L,MASCULINO,2022,ESCOLA PUBLICA,2012,-1.0,10,1.0
607,2023,1.0,2.0,-1,7.333075,AMETISTA,5.0,6.8,7.5,8.0,7.52,7.96875,8.17,4.8,8.7,,,,1K,MASCULINO,2022,PUBLICA,2012,-1.0,11,0.0
607,2024,2.0,2.0,0,7.6486021739000005,AMETISTA,10.0,7.0,7.4782608695,8.502,7.51,7.1875,7.165,7.0,7.0,,,,2K,MASCULINO,2022,PUBLICA,2012,0.0,12,
608,2022,1.0,2.0,-1,7.216,AMETISTA,5.0,6.3,9.6,7.8,7.5,,7.222,3.0,9.5,,NAO,NAO,L,MASCULINO,2022,ESCOLA PUBLICA,2012,-1.0,10,1.0
608,2023,1.0,2.0,-1,7.401741667,AMETISTA,5.0,6.2,7.5,10.0,7.52,7.96875,8.113333333,6.0,6.3,,,,1K,MASCULINO,2022,PUBLICA,2012,-1.0,11,0.0
608,2024,2.0,2.0,0,5.778986231800001,QUARTZO,10.0,4.25,3.054347826,9.002,6.885,7.1875,5.053333333,5.0,3.5,,,,2N,MASCULINO,2022,PUBLICA,2012,0.0,12,
609,2022,1.0,2.0,-1,6.794,AGATA,5.0,6.0,7.6,8.5,7.5,,7.056,6.5,5.5,,NAO,NAO,L,MASCULINO,2019,ESCOLA PUBLICA,2011,-1.0,11,1.0
609,2023,2.0,3.0,-1,6.463033333,AGATA,5.0,5.3,6.4,9.5,7.52,6.875,6.216666667,3.2,7.3,,,,2U,MASCULINO,2019,PUBLICA,2011,-1.0,12,
610,2022,1.0,1.0,0,8.18,TOPAZIO,10.0,6.5,9.6,9.0,7.5,,8.5,6.0,7.0,,NAO,SIM,L,FEMININO,2022,ESCOLA PUBLICA,2013,0.0,9,0.0
610,2023,2.0,2.0,0,8.2857,TOPAZIO,10.0,7.0,10.0,10.0,2.52,8.541666667,8.896666667,6.3,7.7,,,,2K,FEMININO,2022,PUBLICA,2013,0.0,10,0.0
610,2024,3.0,2.0,1,7.894888888933334,AMETISTA,10.0,6.333333333333333,9.694444444333334,9.585,3.76,6.875,8.336666667,8.0,5.0,6.0,,,3K,FEMININO,2022,PUBLICA,2013,1.0,11,
611,2022,1.0,3.0,-2,7.756,AMETISTA,5.0,9.5,7.6,9.5,7.5,,7.556,10.0,9.0,,SIM,NAO,M,MASCULINO,2021,ESCOLA PUBLICA,2010,-2.0,12,
612,2022,1.0,2.0,-1,7.594,AMETISTA,5.0,7.9,9.2,9.0,7.5,,7.167,9.7,6.2,,NAO,NAO,M,FEMININO,2021,ESCOLA PUBLICA,2012,-1.0,10,1.0
612,2023,1.0,2.0,-1,8.410783333,TOPAZIO,5.0,9.7,9.7,9.0,3.77,9.0625,9.286666667,9.3,10.0,,,,1M,FEMININO,2021,PRIVADA PROGRAMA DE APADRINHAMENTO,2012,-1.0,11,0.0
612,2024,2.0,2.0,0,9.134040909100001,TOPAZIO,10.0,9.75,9.5454545455,8.002,6.26,9.6875,9.4,9.5,10.0,,,,2M,FEMININO,2021,PRIVADA PROGRAMA DE APADRINHAMENTO,2012,0.0,12,
613,2022,1.0,3.0,-2,8.121,TOPAZIO,5.0,9.2,9.2,9.0,7.5,,8.556,9.2,9.2,,SIM,SIM,M,MASCULINO,2020,ESCOLA PUBLICA,2009,-2.0,13,1.0
613,2023,3.0,4.0,-1,6.864508333,AGATA,5.0,4.8,9.4,9.2,5.0,6.71875,7.2125,4.3,6.2,3.8,,,3N,MASCULINO,2020,PUBLICA,2009,-1.0,14,1.0
613,2024,3.0,4.0,-1,7.4019,AMETISTA,5.0,7.333333333333333,9.566666666666666,8.334,7.51,6.875,6.25,8.0,6.0,8.0,,,3N,MASCULINO,2021,PUBLICA,2009,-1.0,15,
614,2022,1.0,3.0,-2,8.339,TOPAZIO,5.0,9.6,9.7,9.5,7.5,,8.278,9.8,9.3,,SIM,NAO,M,MASCULINO,2021,ESCOLA PUBLICA,2010,-2.0,12,1.0
614,2023,2.0,3.0,-1,8.2282,TOPAZIO,5.0,8.6,9.1,9.0,7.52,8.333333333,8.563333333,8.8,8.3,,,,2M,MASCULINO,2021,PUBLICA,2010,-1.0,13,1.0
614,2024,3.0,4.0,-1,7.8284999999666685,AMETISTA,5.0,6.833333333333333,9.700000000000001,9.585,7.51,7.916666667,7.603333333,8.0,4.5,8.0,,,3U,MASCULINO,2021,PUBLICA,2010,-1.0,14,
615,2022,1.0,1.0,0,8.086,TOPAZIO,10.0,7.3,9.7,9.5,7.5,,6.889,7.8,6.7,,NAO,NAO,M,FEMININO,2020,ESCOLA PUBLICA,2013,0.0,9,1.0
615,2023,1.0,2.0,-1,7.815658333,AMETISTA,5.0,7.6,9.7,10.0,3.14,8.28125,8.616666667,6.8,8.3,,,,1M,FEMININO,2020,PUBLICA,2013,-1.0,10,
616,2022,1.0,3.0,-2,7.303,AMETISTA,5.0,8.8,7.4,7.4,7.5,,7.278,9.2,8.5,,NAO,NAO,M,MASCULINO,2019,ESCOLA PUBLICA,2010,-2.0,12,1.0
616,2023,2.0,3.0,-1,5.612,QUARTZO,5.0,6.8,6.6,0.0,5.02,5.833333333,6.783333333,5.5,8.0,,,,2M,MASCULINO,2019,PUBLICA,2010,-1.0,13,0.0
616,2024,3.0,3.0,0,5.457877193033333,QUARTZO,10.0,3.8333333333333335,3.087719298333333,7.5,6.885,6.458333333,4.946666667,3.0,3.5,5.0,,,3U,MASCULINO,2021,PUBLICA,2010,0.0,14,
617,2022,1.0,2.0,-1,7.107,AMETISTA,5.0,6.3,8.9,8.5,7.5,,6.778,4.5,8.0,,NAO,NAO,M,FEMININO,2021,ESCOLA PUBLICA,2011,-1.0,11,1.0
617,2023,1.0,2.0,-1,6.816166667,AGATA,5.0,6.9,9.0,0.0,7.52,7.708333333,8.116666667,5.5,8.2,,,,1L,FEMININO,2021,PUBLICA,2011,-1.0,12,
618,2022,1.0,3.0,-2,7.18,AMETISTA,5.0,6.7,8.3,8.9,7.5,,7.333,6.8,6.5,,NAO,NAO,M,MASCULINO,2020,ESCOLA PUBLICA,2009,-2.0,13,1.0
618,2023,2.0,4.0,-2,6.4745,AGATA,5.0,6.2,9.2,0.0,5.02,8.125,7.95,4.5,7.8,,,,2N,MASCULINO,2020,PUBLICA,2009,-2.0,14,1.0
618,2024,3.0,5.0,-2,6.718348148233334,AGATA,5.0,4.166666666666667,8.324074074,10.002,6.88,6.666666667,6.826666667,5.0,4.5,3.0,,,3K,MASCULINO,2021,PUBLICA,2009,-2.0,15,
619,2022,1.0,2.0,-1,7.693,AMETISTA,5.0,9.0,8.0,9.5,7.5,,7.333,9.2,8.8,,NAO,NAO,M,FEMININO,2021,ESCOLA PUBLICA,2011,-1.0,11,0.0
619,2023,2.0,2.0,0,7.891366667,AMETISTA,10.0,9.0,7.1,9.0,3.77,7.708333333,8.116666667,8.5,9.5,,,,2M,FEMININO,2021,PUBLICA,2011,0.0,12,
620,2022,1.0,3.0,-2,6.018,AGATA,5.0,6.8,7.5,0.0,7.5,,6.833,8.5,5.0,,NAO,NAO,M,MASCULINO,2021,ESCOLA PUBLICA,2010,-2.0,12,1.0
620,2023,2.0,3.0,-1,7.043666667,AMETISTA,5.0,6.2,8.4,6.8,7.52,6.875,7.503333333,5.2,7.2,,,,2M,MASCULINO,2021,PUBLICA,2010,-1.0,13,0.0
620,2024,3.0,3.0,0,5.766892063566667,QUARTZO,10.0,2.5,3.9841269843333333,8.334,7.51,7.083333333,5.886666667,3.5,2.5,1.5,,,3U,MASCULINO,2021,PUBLICA,2010,0.0,14,
621,2022,1.0,2.0,-1,7.448,AMETISTA,5.0,7.5,7.7,9.5,7.5,,8.222,6.8,8.2,,NAO,NAO,M,MASCULINO,2020,ESCOLA PUBLICA,2012,-1.0,10,
622,2022,1.0,3.0,-2,4.934,QUARTZO,5.0,3.8,3.8,3.5,7.5,,6.0,4.8,2.7,,NAO,NAO,N,FEMININO,2019,ESCOLA PUBLICA,2010,-2.0,12,
623,2022,1.0,3.0,-2,7.524,AMETISTA,5.0,8.3,9.0,7.5,7.5,,7.389,9.3,7.2,,NAO,NAO,N,MASCULINO,2022,ESCOLA PUBLICA,2009,-2.0,13,1.0
623,2023,2.0,4.0,-2,7.8307,AMETISTA,5.0,7.3,9.5,10.0,7.52,7.291666667,7.446666667,5.8,8.8,,,,2M,MASCULINO,2022,PUBLICA,2009,-2.0,14,1.0
623,2024,3.0,4.0,-1,6.357733333300001,AGATA,5.0,4.0,7.3999999999999995,8.334,6.885,6.458333333,7.05,3.5,2.5,6.0,,,3U,MASCULINO,2022,PUBLICA,2009,-1.0,15,
624,2022,1.0,2.0,-1,7.425,AMETISTA,5.0,6.8,8.9,9.0,7.5,,7.722,8.0,5.5,,NAO,NAO,N,MASCULINO,2022,ESCOLA PUBLICA,2012,-1.0,10,1.0
624,2023,1.0,2.0,-1,8.270825,TOPAZIO,5.0,8.6,9.2,9.0,7.52,8.90625,8.39,8.3,8.8,,,,1K,MASCULINO,2022,PUBLICA,2012,-1.0,11,0.0
624,2024,2.0,2.0,0,7.229425672900001,AMETISTA,10.0,4.0,8.219461698,8.002,7.51,7.916666667,7.213333333,8.0,0.0,,,,2L,MASCULINO,2022,PUBLICA,2012,0.0,12,
625,2022,1.0,2.0,-1,7.483,AMETISTA,5.0,7.8,9.2,8.0,7.5,,7.333,8.5,7.0,,NAO,NAO,N,MASCULINO,2022,ESCOLA PUBLICA,2011,-1.0,11,
626,2022,1.0,2.0,-1,5.818,QUARTZO,5.0,1.3,7.6,7.4,7.5,,7.278,2.5,0.0,,NAO,NAO,N,MASCULINO,2021,ESCOLA PUBLICA,2011,-1.0,11,1.0
626,2023,2.0,3.0,-1,7.231033333,AMETISTA,5.0,6.5,9.2,9.0,4.39,7.291666667,7.613333333,4.7,8.3,,,,2M,MASCULINO,2021,PUBLICA,2011,-1.0,12,0.0
626,2024,3.0,3.0,0,6.407590225500001,AGATA,10.0,5.333333333333333,3.380451127666667,9.585,6.885,7.291666667,6.443333333,5.5,3.5,7.0,,,3U,MASCULINO,2021,PUBLICA,2011,0.0,13,
627,2022,1.0,2.0,-1,6.621,AGATA,5.0,6.5,6.7,7.0,7.5,,7.0,6.2,6.8,,NAO,NAO,N,FEMININO,2022,ESCOLA PUBLICA,2012,-1.0,10,
628,2022,1.0,2.0,-1,7.577,AMETISTA,5.0,9.2,7.6,9.5,7.5,,7.333,9.3,9.0,,NAO,NAO,N,MASCULINO,2022,ESCOLA PUBLICA,2011,-1.0,11,1.0
628,2023,1.0,3.0,-2,8.370325,TOPAZIO,5.0,9.4,8.9,9.5,7.52,8.28125,8.45,9.0,9.7,,,,1K,MASCULINO,2022,PUBLICA,2011,-2.0,12,1.0
628,2024,2.0,3.0,-1,8.2366166666,TOPAZIO,5.0,9.0,10.0,9.002,7.51,7.1875,7.833333333,8.0,10.0,,,,2U,MASCULINO,2022,PUBLICA,2011,-1.0,13,
629,2022,1.0,1.0,0,8.11,TOPAZIO,10.0,7.0,10.0,9.0,7.5,,7.278,5.0,9.0,,NAO,NAO,N,MASCULINO,2022,ESCOLA PUBLICA,2013,0.0,9,1.0
629,2023,1.0,2.0,-1,8.013866667,TOPAZIO,5.0,7.5,9.4,10.0,7.52,7.916666667,7.95,7.0,8.0,,,,1L,FEMININO,2022,PUBLICA,2013,-1.0,10,0.0
629,2024,2.0,2.0,0,8.061295238200001,TOPAZIO,10.0,6.0,9.523809524,10.002,7.51,7.5,7.276666667,6.0,6.0,,,,2U,FEMININO,2022,PUBLICA,2013,0.0,11,
630,2022,1.0,1.0,0,8.064,TOPAZIO,10.0,7.3,9.2,9.5,7.5,,7.278,6.5,8.0,,NAO,NAO,N,MASCULINO,2022,ESCOLA PUBLICA,2013,0.0,9,1.0
630,2023,1.0,2.0,-1,7.199991667,AMETISTA,5.0,5.7,8.6,9.0,3.77,8.28125,8.673333333,4.2,7.2,,,,1M,MASCULINO,2022,PUBLICA,2013,-1.0,10,0.0
630,2024,2.0,2.0,0,6.879985507300001,AGATA,10.0,5.75,8.4782608695,0.0,7.51,7.5,7.666666667,6.0,5.5,,,,2L,MASCULINO,2022,PUBLICA,2013,0.0,11,
631,2022,1.0,3.0,-2,6.928,AGATA,5.0,7.0,6.8,8.5,7.5,,7.222,7.3,6.7,,NAO,NAO,N,MASCULINO,2022,ESCOLA PUBLICA,2010,-2.0,12,1.0
631,2023,2.0,3.0,-1,5.954666667,QUARTZO,5.0,7.0,6.4,0.0,6.27,7.916666667,6.78,6.0,8.0,,,,2N,MASCULINO,2022,PUBLICA,2010,-1.0,13,0.0
631,2024,3.0,3.0,0,6.795673420466667,AGATA,10.0,4.166666666666667,7.2122004356666665,8.334,8.75,5.625,6.245,7.0,3.5,2.0,,,3L,MASCULINO,2022,PUBLICA,2010,0.0,14,
632,2022,1.0,2.0,-1,6.996,AGATA,5.0,6.3,9.3,8.5,6.9,,6.722,5.5,7.2,,NAO,NAO,P,FEMININO,2022,ESCOLA PUBLICA,2012,-1.0,10,0.0
632,2023,2.0,2.0,0,7.8768,AMETISTA,10.0,7.4,9.1,4.7,5.64,8.333333333,8.563333333,6.8,8.0,,,,2R,FEMININO,2022,PUBLICA,2012,0.0,11,0.0
632,2024,3.0,3.0,0,7.515491249000001,AMETISTA,10.0,4.166666666666667,8.999164578333334,7.917,6.875,8.28125,7.875,0.0,6.0,6.5,,,3P,FEMININO,2022,PUBLICA,2012,0.0,12,
633,2022,1.0,2.0,-1,7.476,AMETISTA,5.0,7.7,8.9,7.3,7.5,,7.833,6.8,8.5,,NAO,NAO,P,FEMININO,2020,ESCOLA PUBLICA,2011,-1.0,11,1.0
633,2023,2.0,3.0,-1,6.6552,AGATA,5.0,7.2,8.1,1.7,6.27,8.541666667,7.286666667,5.3,9.0,,,,2R,FEMININO,2020,PUBLICA,2011,-1.0,12,0.0
633,2024,3.0,3.0,0,5.228470175466667,QUARTZO,10.0,3.3333333333333335,4.707017544,4.584,2.51,6.875,6.1175,4.0,6.0,0.0,,,3P,FEMININO,2021,PUBLICA,2011,0.0,13,
634,2022,1.0,2.0,-1,7.619,AMETISTA,5.0,6.5,9.4,9.5,7.5,,8.222,8.0,5.0,,NAO,NAO,P,FEMININO,2022,ESCOLA PUBLICA,2011,-1.0,11,
635,2022,1.0,2.0,-1,5.313,QUARTZO,5.0,1.5,4.9,10.0,6.9,,6.444,0.5,2.5,,NAO,NAO,P,MASCULINO,2022,ESCOLA PUBLICA,2012,-1.0,10,
636,2022,1.0,2.0,-1,7.189,AMETISTA,5.0,7.3,8.0,8.5,6.9,,7.389,7.3,7.3,,SIM,NAO,P,MASCULINO,2022,ESCOLA PUBLICA,2012,-1.0,10,1.0
636,2023,1.0,2.0,-1,6.836666667,AGATA,5.0,9.0,8.3,0.0,5.64,8.333333333,7.446666667,9.2,8.7,,,,1R,MASCULINO,2022,PUBLICA,2012,-1.0,11,0.0
636,2024,2.0,2.0,0,6.3802279106,AGATA,10.0,5.25,4.9043062200000005,8.002,7.51,6.875,5.553333333,4.0,6.5,,,,2P,MASCULINO,2022,PUBLICA,2012,0.0,12,
637,2022,1.0,2.0,-1,7.039,AMETISTA,5.0,5.8,9.0,8.5,7.5,,7.0,4.8,6.8,,NAO,NAO,P,FEMININO,2021,ESCOLA PUBLICA,2012,-1.0,10,1.0
637,2023,1.0,2.0,-1,8.109533333,TOPAZIO,5.0,8.5,9.5,8.0,7.52,8.333333333,8.17,8.7,8.2,,,,1R,FEMININO,2021,PUBLICA,2012,-1.0,11,0.0
637,2024,2.0,2.0,0,7.6853212122,AMETISTA,10.0,7.75,6.2272727275,7.502,7.51,8.333333333,7.776666667,6.5,9.0,,,,2P,FEMININO,2021,PUBLICA,2012,0.0,12,
638,2022,1.0,1.0,0,7.059,AMETISTA,10.0,3.9,9.3,8.5,7.5,,6.278,2.0,5.8,,NAO,NAO,P,FEMININO,2020,ESCOLA PUBLICA,2013,0.0,9,1.0
638,2023,1.0,2.0,-1,7.754866667,AMETISTA,5.0,6.5,9.4,9.0,7.52,8.333333333,7.946666667,6.8,6.2,,,,1R,FEMININO,2020,PUBLICA,2013,-1.0,10,0.0
638,2024,2.0,2.0,0,6.7464878789,AGATA,10.0,5.0,5.7272727275,8.502,7.51,8.125,5.936666667,4.0,6.0,,,,2P,FEMININO,2021,PUBLICA,2013,0.0,11,
639,2022,1.0,2.0,-1,6.613,AGATA,5.0,5.5,7.4,8.5,7.5,,6.611,3.2,7.8,,NAO,NAO,P,FEMININO,2021,ESCOLA PUBLICA,2012,-1.0,10,0.0
639,2023,2.0,2.0,0,7.5853,AMETISTA,10.0,6.3,8.1,7.4,6.27,8.125,7.62,4.8,7.8,,,,2R,FEMININO,2021,PUBLICA,2012,0.0,11,0.0
639,2024,3.0,3.0,0,5.7693807644,QUARTZO,10.0,3.8333333333333335,5.278195488666667,7.917,2.51,6.71875,6.1625,1.0,4.5,6.0,,,3P,FEMININO,2021,PUBLICA,2012,0.0,12,
640,2022,1.0,2.0,-1,6.73,AGATA,5.0,4.8,8.4,9.0,7.5,,6.778,2.5,7.0,,NAO,NAO,P,FEMININO,2022,ESCOLA PUBLICA,2011,-1.0,11,1.0
640,2023,1.0,3.0,-2,6.1105,AGATA,5.0,4.9,7.3,0.0,7.52,7.291666667,8.446666667,4.0,5.8,,,,1P,FEMININO,2022,PUBLICA,2011,-2.0,12,
641,2022,1.0,1.0,0,7.776,AMETISTA,10.0,6.5,9.3,9.0,7.5,,6.778,4.5,8.5,,NAO,NAO,P,FEMININO,2022,ESCOLA PUBLICA,2013,0.0,9,
642,2022,1.0,2.0,-1,7.75,AMETISTA,5.0,7.3,9.7,10.0,6.9,,7.778,7.0,7.7,,NAO,NAO,P,FEMININO,2021,ESCOLA PUBLICA,2012,-1.0,10,0.0
642,2023,2.0,2.0,0,8.416866667,TOPAZIO,10.0,6.5,9.2,9.5,6.27,8.75,9.173333333,5.7,7.2,,,,2R,FEMININO,2021,PUBLICA,2012,0.0,11,0.0
642,2024,3.0,3.0,0,7.082591269866667,AMETISTA,10.0,4.0,9.149206349333333,9.585,3.76,7.1875,6.9975,2.0,5.0,5.0,,,3P,FEMININO,2021,PUBLICA,2012,0.0,12,
643,2022,1.0,2.0,-1,6.763,AGATA,5.0,6.2,8.0,9.0,7.5,,6.722,6.3,6.0,,NAO,NAO,P,MASCULINO,2022,ESCOLA PUBLICA,2012,-1.0,10,1.0
643,2023,1.0,2.0,-1,7.389033333,AMETISTA,5.0,7.1,8.2,9.5,7.52,6.041666667,7.613333333,7.0,7.2,,,,1P,MASCULINO,2022,PUBLICA,2012,-1.0,11,1.0
643,2024,2.0,3.0,-1,6.402239075100001,AGATA,5.0,4.5,6.8660287085,9.002,7.51,8.125,5.826666667,3.0,6.0,,,,2P,MASCULINO,2022,PUBLICA,2012,-1.0,12,
644,2022,1.0,2.0,-1,7.83,AMETISTA,5.0,8.8,8.0,9.5,7.5,,8.278,9.7,8.0,,SIM,NAO,P,FEMININO,2021,ESCOLA PUBLICA,2011,-1.0,11,1.0
644,2023,2.0,3.0,-1,6.897033333,AGATA,5.0,5.9,5.6,10.0,7.52,8.541666667,7.503333333,4.0,7.7,,,,2P,FEMININO,2021,PUBLICA,2011,-1.0,12,
645,2022,1.0,2.0,-1,6.086,AGATA,5.0,2.0,8.1,8.5,7.5,,6.833,4.0,0.0,,NAO,NAO,P,FEMININO,2022,ESCOLA PUBLICA,2012,-1.0,10,1.0
645,2023,1.0,2.0,-1,7.613033333,AMETISTA,5.0,7.3,8.5,9.0,6.27,8.125,8.116666667,6.5,8.0,,,,1R,FEMININO,2022,PUBLICA,2012,-1.0,11,0.0
645,2024,2.0,2.0,0,7.502239394,AMETISTA,10.0,5.25,8.3863636365,7.418,7.51,7.708333333,7.556666667,3.0,7.5,,,,2P,FEMININO,2022,PUBLICA,2012,0.0,12,
646,2022,1.0,3.0,-2,8.181,TOPAZIO,5.0,8.4,9.8,8.5,8.1,,8.389,8.8,8.0,,SIM,SIM,R,MASCULINO,2019,ESCOLA PUBLICA,2009,-2.0,13,1.0
646,2023,2.0,3.0,-1,8.3547,TOPAZIO,5.0,8.4,8.9,10.0,7.52,8.958333333,8.783333333,8.2,8.5,,,,2P,MASCULINO,2019,PUBLICA,2009,-1.0,14,1.0
646,2024,3.0,4.0,-1,7.715491666666668,AMETISTA,5.0,6.166666666666667,9.266666666666667,10.002,7.51,8.28125,7.7475,9.0,4.5,5.0,,,3P,MASCULINO,2021,PUBLICA,2009,-1.0,15,
647,2022,1.0,2.0,-1,6.606,AGATA,5.0,3.3,8.6,9.5,7.5,,7.278,1.5,5.2,,NAO,NAO,R,MASCULINO,2022,ESCOLA PUBLICA,2012,-1.0,10,1.0
647,2023,1.0,2.0,-1,7.100566667,AMETISTA,5.0,5.2,8.7,7.3,6.27,7.708333333,8.446666667,4.7,5.7,,,,1P,FEMININO,2022,PRIVADA PROGRAMA DE APADRINHAMENTO,2012,-1.0,11,
648,2022,1.0,3.0,-2,6.736,AGATA,5.0,5.3,7.5,9.0,6.9,,7.5,5.0,5.5,,NAO,NAO,R,MASCULINO,2019,ESCOLA PUBLICA,2010,-2.0,12,
649,2022,1.0,3.0,-2,7.302,AMETISTA,5.0,7.4,8.9,8.5,5.6,,7.611,6.3,8.5,,NAO,NAO,R,FEMININO,2019,ESCOLA PUBLICA,2010,-2.0,12,1.0
649,2023,2.0,3.0,-1,7.579533333,AMETISTA,5.0,6.5,9.3,9.0,3.77,8.75,8.836666667,3.8,9.2,,,,2P,FEMININO,2019,PUBLICA,2010,-1.0,13,0.0
649,2024,3.0,3.0,0,6.985329691766667,AGATA,10.0,3.6666666666666665,6.004481792666667,8.751,8.76,8.333333333,7.333333333,5.5,4.0,1.5,,,3R,FEMININO,2021,PUBLICA,2010,0.0,14,
650,2022,1.0,2.0,-1,7.004,AGATA,5.0,6.9,8.7,6.9,5.6,,7.5,5.5,8.3,,NAO,NAO,R,FEMININO,2021,ESCOLA PUBLICA,2011,-1.0,11,
651,2022,1.0,2.0,-1,7.866,AMETISTA,5.0,7.8,9.3,8.5,7.5,,8.333,7.7,7.8,,SIM,NAO,R,FEMININO,2022,ESCOLA PUBLICA,2012,-1.0,10,0.0
651,2023,2.0,2.0,0,7.332,AMETISTA,10.0,9.3,8.2,0.0,3.77,8.75,7.95,9.8,8.7,,,,2P,FEMININO,2022,PUBLICA,2012,0.0,11,0.0
651,2024,3.0,2.0,1,8.689300000100001,TOPAZIO,10.0,7.5,10.0,9.168,7.51,8.541666667,8.336666667,10.0,6.0,6.5,,,3K,FEMININO,2022,PUBLICA,2012,1.0,12,
652,2022,1.0,1.0,0,8.151,TOPAZIO,10.0,7.8,9.6,8.0,7.5,,7.5,7.0,8.5,,NAO,NAO,R,FEMININO,2022,ESCOLA PUBLICA,2013,0.0,9,1.0
652,2023,1.0,2.0,-1,7.871033333,AMETISTA,5.0,7.0,9.4,9.0,6.89,8.125,8.446666667,6.2,7.8,,,,1P,FEMININO,2022,PUBLICA,2013,-1.0,10,0.0
652,2024,2.0,2.0,0,7.361896969700001,AMETISTA,10.0,5.5,6.931818182000001,8.002,7.51,7.916666667,7.663333333,4.5,6.5,,,,2P,FEMININO,2022,PUBLICA,2013,0.0,11,
653,2022,1.0,2.0,-1,8.101,TOPAZIO,5.0,9.3,9.6,9.5,7.5,,7.5,9.5,9.0,,NAO,NAO,R,FEMININO,2022,ESCOLA PUBLICA,2011,-1.0,11,1.0
653,2023,2.0,3.0,-1,7.385666667,AMETISTA,5.0,7.9,9.8,0.0,6.27,9.166666667,9.06,7.7,8.0,,,,2P,FEMININO,2022,PUBLICA,2011,-1.0,12,0.0
653,2024,3.0,3.0,0,8.103217647033333,TOPAZIO,10.0,5.166666666666667,9.537254901999999,8.751,8.76,8.333333333,7.89,6.5,4.5,4.5,,,3R,FEMININO,2022,PUBLICA,2011,0.0,13,
654,2022,1.0,3.0,-2,7.308,AMETISTA,5.0,6.8,8.6,8.5,7.5,,7.556,5.5,8.0,,NAO,NAO,R,FEMININO,2022,ESCOLA PUBLICA,2010,-2.0,12,
655,2022,1.0,3.0,-2,7.785,AMETISTA,5.0,8.3,9.2,7.5,7.5,,8.389,8.3,8.2,,SIM,SIM,R,FEMININO,2019,ESCOLA PUBLICA,2010,-2.0,12,1.0
655,2023,2.0,3.0,-1,8.3198,TOPAZIO,5.0,8.3,9.9,7.4,7.52,9.166666667,8.896666667,7.2,9.3,,,,2P,FEMININO,2019,PUBLICA,2010,-1.0,13,0.0
655,2024,3.0,3.0,0,8.238600000066668,TOPAZIO,10.0,6.833333333333333,10.0,7.501,8.76,8.125,7.166666667,8.0,4.0,8.5,,,3R,FEMININO,2021,PUBLICA,2010,0.0,14,
656,2022,1.0,2.0,-1,6.652,AGATA,5.0,6.3,7.5,7.4,5.6,,7.5,5.0,7.5,,NAO,NAO,R,FEMININO,2020,ESCOLA PUBLICA,2011,-1.0,11,1.0
656,2023,2.0,3.0,-1,6.780833333,AGATA,5.0,7.3,8.9,0.0,7.52,8.541666667,7.173333333,5.8,8.8,,,,2P,FEMININO,2020,PUBLICA,2011,-1.0,12,0.0
656,2024,3.0,3.0,0,6.668152941266667,AGATA,10.0,4.166666666666667,5.978431372666667,9.168,7.51,7.5,6.106666667,5.0,3.5,4.0,,,3R,FEMININO,2021,PUBLICA,2011,0.0,13,
657,2022,1.0,3.0,-2,8.093,TOPAZIO,5.0,9.0,9.8,9.5,7.5,,7.5,9.0,9.0,,NAO,NAO,R,FEMININO,2021,ESCOLA PUBLICA,2010,-2.0,12,1.0
657,2023,2.0,3.0,-1,8.3532,TOPAZIO,5.0,8.2,10.0,8.5,7.52,8.75,8.73,7.0,9.3,,,,2P,FEMININO,2021,PUBLICA,2010,-1.0,13,0.0
657,2024,3.0,3.0,0,8.207433333400001,TOPAZIO,10.0,7.5,9.6,8.751,6.885,8.125,7.056666667,8.0,4.5,10.0,,,3R,FEMININO,2021,PUBLICA,2010,0.0,14,
658,2022,1.0,2.0,-1,7.407,AMETISTA,5.0,5.6,9.3,10.0,7.5,,7.917,4.7,6.5,,NAO,NAO,U,FEMININO,2022,ESCOLA PUBLICA,2012,-1.0,10,0.0
658,2023,2.0,2.0,0,8.438533333,TOPAZIO,10.0,6.1,9.5,9.5,7.52,7.916666667,9.173333333,5.3,6.8,,,,2U,FEMININO,2022,PUBLICA,2012,0.0,11,0.0
658,2024,3.0,2.0,1,7.507033333333333,AMETISTA,10.0,3.6666666666666665,10.0,8.751,8.135,7.375,6.738,5.5,2.5,3.0,,,3M,FEMININO,2022,PUBLICA,2012,1.0,12,
659,2022,1.0,2.0,-1,7.783,AMETISTA,5.0,9.3,7.8,8.0,7.5,,8.333,9.5,9.0,,NAO,NAO,U,FEMININO,2022,ESCOLA PUBLICA,2012,-1.0,10,
660,2022,1.0,1.0,0,8.363,TOPAZIO,10.0,6.9,9.0,9.5,7.5,,9.083,5.8,8.0,,NAO,SIM,U,FEMININO,2021,ESCOLA PUBLICA,2013,0.0,9,
661,2022,1.0,2.0,-1,7.593,AMETISTA,5.0,7.8,8.3,9.0,7.5,,7.917,8.3,7.3,,NAO,NAO,U,MASCULINO,2022,ESCOLA PUBLICA,2011,-1.0,11,0.0
661,2023,2.0,2.0,0,6.846333333,AGATA,10.0,6.5,7.7,0.0,6.89,7.5,7.836666667,4.3,8.7,,,,2M,MASCULINO,2022,PUBLICA,2011,0.0,12,
662,2022,1.0,2.0,-1,7.044,AMETISTA,5.0,6.8,8.8,9.0,7.5,,6.083,5.7,7.8,,NAO,NAO,U,FEMININO,2022,ESCOLA PUBLICA,2011,-1.0,11,1.0
662,2023,2.0,3.0,-1,6.733566667,AGATA,5.0,6.7,7.6,6.8,6.27,7.291666667,6.72,4.3,9.0,,,,2U,FEMININO,2022,PUBLICA,2011,-1.0,12,0.0
662,2024,3.0,3.0,0,7.1074778554666675,AMETISTA,10.0,4.166666666666667,7.6107226106666666,7.917,7.51,7.625,7.234,4.5,5.0,3.0,,,3M,FEMININO,2022,PUBLICA,2011,0.0,13,
663,2022,1.0,2.0,-1,6.376,AGATA,5.0,5.8,8.7,6.9,7.5,,5.25,5.0,6.5,,NAO,NAO,U,MASCULINO,2022,ESCOLA PUBLICA,2012,-1.0,10,1.0
663,2023,1.0,2.0,-1,6.969133333,AGATA,5.0,7.0,7.4,6.9,7.52,6.666666667,7.393333333,6.7,7.3,,,,1L,MASCULINO,2022,PUBLICA,2012,-1.0,11,1.0
663,2024,2.0,3.0,-1,6.696419461700001,AGATA,5.0,6.5,7.0910973085,8.502,5.625,6.875,6.89,6.0,7.0,,,,2L,MASCULINO,2022,PUBLICA,2012,-1.0,12,
664,2022,1.0,2.0,-1,7.277,AMETISTA,5.0,6.3,8.8,9.5,7.5,,7.167,5.0,7.5,,NAO,NAO,U,FEMININO,2022,ESCOLA PUBLICA,2012,-1.0,10,1.0
664,2023,1.0,2.0,-1,8.0872,TOPAZIO,5.0,8.0,9.6,9.0,7.52,7.916666667,8.116666667,8.0,8.0,,,,1L,FEMININO,2022,PUBLICA,2012,-1.0,11,0.0
664,2024,2.0,2.0,0,7.5017244089,AMETISTA,10.0,5.75,6.7734553775,9.002,7.51,8.125,7.666666667,3.0,8.5,,,,2N,FEMININO,2022,PUBLICA,2012,0.0,12,
665,2022,1.0,2.0,-1,6.996,AGATA,5.0,6.8,7.4,9.0,7.5,,7.25,6.5,7.0,,NAO,NAO,U,FEMININO,2022,ESCOLA PUBLICA,2011,-1.0,11,1.0
665,2023,1.0,2.0,-1,6.185658333,AGATA,5.0,5.2,4.9,9.5,2.52,8.28125,8.226666667,5.0,5.3,,,,1M,FEMININO,2022,PUBLICA,2011,-1.0,12,1.0
665,2024,2.0,3.0,-1,5.698703030200001,QUARTZO,5.0,4.75,5.068181818,8.334,5.63,7.5,5.443333333,3.0,6.5,,,,2M,FEMININO,2022,PUBLICA,2011,-1.0,13,
666,2022,1.0,2.0,-1,7.929,AMETISTA,5.0,7.8,9.1,9.5,7.5,,8.833,8.0,7.5,,NAO,SIM,U,MASCULINO,2022,ESCOLA PUBLICA,2012,-1.0,10,0.0
666,2023,2.0,2.0,0,8.720366667,TOPAZIO,10.0,7.1,9.1,9.5,7.52,8.541666667,9.62,6.7,7.5,,,,2U,MASCULINO,2022,PUBLICA,2012,0.0,11,0.0
666,2024,3.0,3.0,0,8.185838802933334,TOPAZIO,10.0,7.166666666666667,7.881527348,10.002,7.51,7.5,8.375,10.0,5.5,6.0,,,3L,MASCULINO,2022,PUBLICA,2012,0.0,12,
667,2022,1.0,2.0,-1,5.844,QUARTZO,5.0,4.5,5.6,8.5,7.5,,5.833,3.7,5.3,,NAO,NAO,U,MASCULINO,2021,ESCOLA PUBLICA,2011,-1.0,11,1.0
667,2023,2.0,3.0,-1,6.774866667,AGATA,5.0,5.2,6.9,9.0,6.89,7.083333333,7.836666667,3.0,7.3,,,,2U,MASCULINO,2021,PUBLICA,2011,-1.0,12,0.0
667,2024,3.0,3.0,0,7.177130604266668,AMETISTA,10.0,4.666666666666667,7.038986354666666,9.168,7.51,7.75,6.966,5.5,4.5,4.0,,,3M,MASCULINO,2021,PUBLICA,2011,0.0,13,
668,2022,1.0,2.0,-1,4.365,QUARTZO,5.0,2.8,3.3,6.9,7.5,,3.75,2.8,2.8,,NAO,NAO,U,MASCULINO,2022,ESCOLA PUBLICA,2011,-1.0,11,1.0
668,2023,2.0,3.0,-1,6.017933333,AGATA,5.0,3.4,6.3,6.3,7.52,6.875,7.616666667,2.7,4.0,,,,2K,MASCULINO,2022,PUBLICA,2011,-1.0,12,
669,2022,1.0,2.0,-1,7.475,AMETISTA,5.0,6.0,9.7,9.0,7.5,,7.833,5.0,7.0,,NAO,NAO,U,MASCULINO,2022,ESCOLA PUBLICA,2011,-1.0,11,0.0
669,2023,2.0,2.0,0,7.345033333,AMETISTA,10.0,5.0,7.8,8.5,7.52,7.708333333,7.06,3.3,6.7,,,,2U,MASCULINO,2022,PUBLICA,2011,0.0,12,0.0
669,2024,3.0,3.0,0,6.6438703703,AGATA,10.0,5.333333333333333,4.851851851666666,7.5,7.51,7.291666667,6.883333333,5.0,6.0,5.0,,,3K,MASCULINO,2022,PUBLICA,2011,0.0,13,
670,2022,1.0,2.0,-1,7.451,AMETISTA,5.0,6.9,8.8,8.0,7.5,,8.167,6.5,7.3,,NAO,NAO,U,FEMININO,2022,ESCOLA PUBLICA,2012,-1.0,10,0.0
670,2023,2.0,2.0,0,8.6067,TOPAZIO,10.0,7.0,8.7,9.5,7.52,8.958333333,9.343333333,5.8,8.2,,,,2U,FEMININO,2022,PUBLICA,2012,0.0,11,0.0
670,2024,3.0,2.0,1,8.8602539683,TOPAZIO,10.0,8.666666666666666,9.441269841333334,9.585,7.51,8.958333333,8.166666667,9.0,7.0,10.0,,,3U,FEMININO,2022,PRIVADA PROGRAMA DE APADRINHAMENTO,2012,1.0,12,
671,2022,0.0,1.0,-1,7.617,AMETISTA,5.0,8.8,8.2,8.5,8.1,,7.417,8.8,8.8,,NAO,NAO,A,MASCULINO,2021,ESCOLA PUBLICA,2013,-1.0,9,1.0
671,2023,0.0,2.0,-2,6.5143,AGATA,5.0,7.8,8.3,7.9,3.14,5.625,5.68,8.0,7.5,,,,ALFA G G2G3,MASCULINO,2021,PUBLICA,2013,-2.0,10,
672,2022,0.0,1.0,-1,7.48,AMETISTA,5.0,8.8,8.5,8.5,8.1,,6.75,8.5,9.1,,NAO,NAO,A,FEMININO,2021,ESCOLA PUBLICA,2013,-1.0,9,1.0
672,2023,0.0,2.0,-2,6.5623,AGATA,5.0,6.4,9.5,7.9,2.52,5.625,6.43,6.0,6.7,,,,ALFA J G2G3,FEMININO,2021,PUBLICA,2013,-2.0,10,1.0
672,2024,1.0,2.0,-1,4.2118138341,QUARTZO,5.0,0.0,3.9525691700000003,7.918,6.26,6.041666667,4.496666667,0.0,0.0,,,,1H,FEMININO,2021,PUBLICA,2013,-1.0,11,
673,2022,0.0,0.0,0,8.65,TOPAZIO,10.0,9.2,9.2,8.5,8.1,,8.583,9.4,8.9,,SIM,SIM,A,FEMININO,2022,ESCOLA PUBLICA,2014,0.0,8,
674,2022,0.0,0.0,0,7.862,AMETISTA,10.0,8.0,8.7,9.5,8.1,,6.333,8.9,7.0,,NAO,NAO,A,MASCULINO,2022,ESCOLA PUBLICA,2014,0.0,8,1.0
674,2023,0.0,1.0,-1,6.6328,AGATA,5.0,5.2,8.5,7.9,3.77,5.0,8.67,5.3,5.0,,,,ALFA T G2G3,MASCULINO,2022,PUBLICA,2014,-1.0,9,
675,2022,0.0,0.0,0,7.576,AMETISTA,10.0,7.4,6.6,10.0,8.1,,7.083,8.8,5.9,,SIM,NAO,A,MASCULINO,2022,ESCOLA PUBLICA,2014,0.0,8,0.0
675,2023,0.0,0.0,0,8.3577,TOPAZIO,10.0,8.3,8.0,10.0,7.52,6.875,8.34,8.5,8.0,,,,ALFA D G2G3,MASCULINO,2022,PUBLICA,2014,0.0,9,
676,2022,0.0,1.0,-1,7.911,AMETISTA,5.0,9.3,8.6,8.5,8.1,,8.167,9.5,9.1,,SIM,NAO,A,MASCULINO,2021,ESCOLA PUBLICA,2013,-1.0,9,
677,2022,0.0,0.0,0,8.358,TOPAZIO,10.0,7.3,9.4,10.0,7.5,,8.583,7.7,6.8,,NAO,SIM,B,FEMININO,2021,ESCOLA PUBLICA,2014,0.0,8,1.0
677,2023,0.0,1.0,-1,8.5257,TOPAZIO,5.0,8.7,8.2,10.0,10.0,6.875,9.84,9.0,8.3,,,,ALFA T G2G3,FEMININO,2021,PUBLICA,2014,-1.0,9,
678,2022,0.0,1.0,-1,8.0,AMETISTA,5.0,7.3,10.0,9.0,6.9,,9.5,7.5,7.0,,NAO,SIM,B,MASCULINO,2022,ESCOLA PUBLICA,2013,-1.0,9,1.0
678,2023,1.0,2.0,-1,7.570158333,AMETISTA,5.0,7.3,8.8,8.0,6.27,7.65625,8.336666667,6.8,7.7,,,,1B,MASCULINO,2022,PUBLICA,2013,-1.0,10,
679,2022,0.0,2.0,-2,7.172,AMETISTA,5.0,6.3,8.2,9.0,7.5,,7.833,6.7,5.8,,NAO,NAO,B,MASCULINO,2020,ESCOLA PUBLICA,2012,-2.0,10,1.0
679,2023,1.0,2.0,-1,6.138366667,AGATA,5.0,3.6,7.5,7.5,5.02,6.875,7.393333333,2.0,5.2,,,,1J,MASCULINO,2020,PUBLICA,2012,-1.0,11,
680,2022,0.0,2.0,-2,7.518,AMETISTA,5.0,7.4,8.8,9.5,7.5,,7.75,8.0,6.8,,NAO,NAO,B,FEMININO,2019,ESCOLA PUBLICA,2012,-2.0,10,1.0
680,2023,1.0,2.0,-1,6.5855,AGATA,5.0,6.4,9.1,0.0,7.52,6.875,7.78,5.2,7.5,,,,1B,FEMININO,2019,PUBLICA,2012,-1.0,11,1.0
680,2024,2.0,3.0,-1,4.9800714287000005,QUARTZO,5.0,3.0,6.6428571430000005,0.0,5.635,6.666666667,6.606666667,2.5,3.5,,,,2A,FEMININO,2021,PUBLICA,2012,-1.0,12,
681,2022,0.0,2.0,-2,7.204,AMETISTA,5.0,6.5,8.5,8.5,6.9,,8.0,6.5,6.5,,NAO,NAO,B,MASCULINO,2022,ESCOLA PUBLICA,2012,-2.0,10,1.0
681,2023,0.0,2.0,-2,6.2955,AGATA,5.0,8.3,7.8,0.0,3.77,5.625,8.18,8.8,7.8,,,,ALFA E G2G3,MASCULINO,2022,PUBLICA,2012,-2.0,11,1.0
681,2024,1.0,2.0,-1,6.0398818182000005,AGATA,5.0,2.5,7.840909091,9.502,6.26,5.625,6.665,5.0,0.0,,,,1C,MASCULINO,2022,PRIVADA,2012,-1.0,12,
682,2022,0.0,2.0,-2,7.625,AMETISTA,5.0,7.0,9.1,9.5,7.5,,8.083,7.0,7.0,,NAO,NAO,B,MASCULINO,2022,ESCOLA PUBLICA,2011,-2.0,11,
683,2022,0.0,2.0,-2,6.011,AGATA,5.0,4.0,5.0,7.9,7.5,,8.083,8.0,0.0,,NAO,NAO,C,MASCULINO,2022,ESCOLA PUBLICA,2012,-2.0,10,
684,2022,0.0,0.0,0,8.26,TOPAZIO,10.0,9.3,7.5,9.5,8.1,,7.917,9.0,9.6,,NAO,NAO,C,MASCULINO,2022,ESCOLA PUBLICA,2015,0.0,7,0.0
684,2023,0.0,0.0,0,7.4277,AMETISTA,10.0,6.5,8.1,9.0,7.52,6.875,5.84,8.3,4.7,,,,ALFA D G2G3,MASCULINO,2022,PRIVADA,2015,0.0,8,0.0
684,2024,1.0,1.0,0,7.769381818200001,AMETISTA,10.0,4.25,9.090909091,10.002,7.51,7.5,8.0,2.5,6.0,,,,1C,MASCULINO,2022,PRIVADA,2015,0.0,9,
685,2022,0.0,1.0,-1,6.864,AGATA,5.0,8.0,6.2,9.0,5.0,,7.833,8.0,8.0,,NAO,NAO,C,MASCULINO,2022,ESCOLA PUBLICA,2013,-1.0,9,
686,2022,0.0,1.0,-1,7.729,AMETISTA,5.0,8.8,8.6,7.5,8.1,,8.083,9.2,8.5,,NAO,NAO,D,FEMININO,2022,ESCOLA PUBLICA,2013,-1.0,9,1.0
686,2023,1.0,2.0,-1,7.9642,AMETISTA,5.0,8.0,9.0,8.5,7.52,7.5,8.56,7.3,8.7,,,,1C,FEMININO,2022,PUBLICA,2013,-1.0,10,0.0
686,2024,2.0,2.0,0,8.040259523700001,TOPAZIO,10.0,7.25,8.7857142855,8.002,6.885,8.4375,7.503333333,5.0,9.5,,,,2C,FEMININO,2022,PUBLICA,2013,0.0,11,
687,2022,0.0,1.0,-1,7.703,AMETISTA,5.0,8.3,9.0,8.5,8.1,,8.0,9.0,7.5,,NAO,NAO,D,MASCULINO,2022,ESCOLA PUBLICA,2013,-1.0,9,1.0
687,2023,1.0,2.0,-1,7.617533333,AMETISTA,5.0,6.9,9.0,8.0,7.52,7.5,8.226666667,6.7,7.0,,,,1A,MASCULINO,2022,PUBLICA,2013,-1.0,10,0.0
687,2024,2.0,2.0,0,8.2739844611,TOPAZIO,10.0,7.25,9.2355889725,7.502,7.51,8.75,8.003333333,6.5,8.0,,,,2D,MASCULINO,2022,PUBLICA,2013,0.0,11,
688,2022,0.0,1.0,-1,7.771,AMETISTA,5.0,7.9,9.7,8.5,7.5,,7.917,8.0,7.8,,NAO,NAO,D,MASCULINO,2022,ESCOLA PUBLICA,2013,-1.0,9,1.0
688,2023,1.0,2.0,-1,8.0442,TOPAZIO,5.0,8.6,9.3,8.5,7.52,7.5,8.06,8.2,9.0,,,,1A,MASCULINO,2022,PUBLICA,2013,-1.0,10,0.0
688,2024,2.0,2.0,0,8.986533333300002,TOPAZIO,10.0,7.5,10.0,9.502,8.13,8.333333333,9.45,6.0,9.0,,,,2B,MASCULINO,2022,PUBLICA,2013,0.0,11,
689,2022,0.0,1.0,-1,6.433,AGATA,5.0,5.8,7.9,7.4,5.6,,6.667,6.0,5.5,,NAO,NAO,D,FEMININO,2022,ESCOLA PUBLICA,2013,-1.0,9,
690,2022,0.0,1.0,-1,7.541,AMETISTA,5.0,7.0,9.5,9.5,7.5,,7.417,7.2,6.8,,NAO,NAO,D,FEMININO,2022,ESCOLA PUBLICA,2013,-1.0,9,1.0
690,2023,0.0,2.0,-2,8.6112,TOPAZIO,5.0,9.1,9.8,9.0,6.89,7.5,10.01,9.3,8.8,,,,ALFA D G2G3,FEMININO,2022,PUBLICA,2013,-2.0,10,1.0
690,2024,1.0,2.0,-1,7.3853681818000005,AMETISTA,5.0,6.25,8.409090909,7.918,7.51,8.4375,7.835,7.5,5.0,,,,1E,FEMININO,2022,PUBLICA,2013,-1.0,11,
691,2022,0.0,0.0,0,8.68,TOPAZIO,10.0,9.4,9.2,10.0,8.1,,7.917,9.6,9.3,,NAO,NAO,D,FEMININO,2022,ESCOLA PUBLICA,2014,0.0,8,
692,2022,0.0,1.0,-1,7.569,AMETISTA,5.0,6.9,8.9,9.5,8.1,,7.917,7.0,6.8,,NAO,NAO,D,FEMININO,2021,ESCOLA PUBLICA,2013,-1.0,9,1.0
692,2023,1.0,2.0,-1,6.588466667,AGATA,5.0,4.6,7.7,7.4,7.52,6.666666667,7.39,2.8,6.3,,,,1C,FEMININO,2021,PRIVADA,2013,-1.0,10,
693,2022,0.0,0.0,0,7.944,AMETISTA,10.0,5.7,9.8,9.5,8.1,,7.667,5.0,6.3,,NAO,NAO,D,FEMININO,2022,ESCOLA PUBLICA,2015,0.0,7,0.0
693,2023,0.0,0.0,0,9.0112,TOPAZIO,10.0,8.5,9.4,10.0,6.89,7.5,10.01,8.2,8.7,,,,ALFA D G2G3,FEMININO,2022,PUBLICA,2015,0.0,8,0.0
693,2024,1.0,1.0,0,8.9079954545,TOPAZIO,10.0,8.0,9.5227272725,10.002,9.38,7.8125,8.42,8.0,8.0,,,,1C,FEMININO,2022,PUBLICA,2015,0.0,9,
694,2022,0.0,0.0,0,8.378,TOPAZIO,10.0,8.1,9.0,10.0,8.1,,7.917,8.2,8.0,,NAO,NAO,D,MASCULINO,2022,ESCOLA PUBLICA,2014,0.0,8,
695,2022,0.0,0.0,0,4.28,QUARTZO,10.0,2.5,3.1,9.0,7.5,,2.5,2.2,2.8,,NAO,NAO,E,FEMININO,2021,ESCOLA PUBLICA,2014,0.0,8,
696,2022,0.0,1.0,-1,7.441,AMETISTA,5.0,6.6,9.0,8.5,7.5,,8.167,6.5,6.7,,NAO,NAO,E,FEMININO,2021,ESCOLA PUBLICA,2013,-1.0,9,0.0
696,2023,1.0,1.0,0,7.172666667,AMETISTA,10.0,6.7,9.4,0.0,5.02,7.5,8.503333333,5.2,8.2,,,,1A,FEMININO,2021,PUBLICA,2013,0.0,10,0.0
696,2024,2.0,2.0,0,7.482680952299999,AMETISTA,10.0,5.25,7.845238095,7.418,7.51,7.708333333,8.0,5.0,5.5,,,,2B,FEMININO,2021,PUBLICA,2013,0.0,11,
697,2022,0.0,2.0,-2,7.675,AMETISTA,5.0,8.4,9.3,7.0,7.5,,8.083,8.8,8.0,,NAO,NAO,E,MASCULINO,2021,ESCOLA PUBLICA,2011,-2.0,11,
698,2022,0.0,1.0,-1,7.44,AMETISTA,5.0,8.1,9.8,9.0,2.5,,8.083,8.0,8.2,,NAO,NAO,E,MASCULINO,2021,ESCOLA PUBLICA,2013,-1.0,9,0.0
698,2023,1.0,1.0,0,7.553616667,AMETISTA,10.0,5.7,9.9,8.5,2.52,7.1875,8.113333333,4.3,7.0,,,,1B,MASCULINO,2021,PUBLICA,2013,0.0,10,0.0
698,2024,2.0,2.0,0,7.3363190476,AMETISTA,10.0,4.5,8.3214285715,9.002,6.88,7.291666667,7.273333333,3.0,6.0,,,,2A,MASCULINO,2021,PUBLICA,2013,0.0,11,
699,2022,0.0,1.0,-1,6.658,AGATA,5.0,7.1,9.2,5.2,7.5,,6.0,7.5,6.7,,NAO,NAO,E,MASCULINO,2022,ESCOLA PUBLICA,2013,-1.0,9,1.0
699,2023,1.0,2.0,-1,6.389991667,AGATA,5.0,6.0,8.3,8.5,3.77,5.78125,6.173333333,5.7,6.2,,,,1A,MASCULINO,2022,PUBLICA,2013,-1.0,10,1.0
699,2024,1.0,2.0,-1,6.427771212000001,AGATA,5.0,6.5,7.727272727000001,6.334,6.26,6.5625,5.833333333,7.0,6.0,,,,1A,MASCULINO,2022,PUBLICA,2013,-1.0,11,
700,2022,0.0,1.0,-1,7.738,AMETISTA,5.0,9.2,8.7,9.0,7.5,,7.083,9.2,9.2,,NAO,NAO,F,FEMININO,2022,ESCOLA PUBLICA,2013,-1.0,9,1.0
700,2023,0.0,1.0,-1,8.2852,TOPAZIO,5.0,7.8,9.7,9.5,7.52,6.25,9.84,7.5,8.0,,,,ALFA J G2G3,FEMININO,2022,PUBLICA,2013,-1.0,10,1.0
700,2024,1.0,2.0,-1,7.005745454500001,AMETISTA,5.0,5.25,9.564393939,8.502,5.635,7.291666667,7.0,5.0,5.5,,,,1G,FEMININO,2022,PUBLICA,2013,-1.0,11,
701,2022,0.0,2.0,-2,7.755,AMETISTA,5.0,8.7,9.3,9.0,7.5,,7.417,8.7,8.7,,NAO,NAO,F,MASCULINO,2021,ESCOLA PUBLICA,2012,-2.0,10,1.0
701,2023,0.0,2.0,-2,7.3982,AMETISTA,5.0,7.2,9.9,9.5,3.77,6.25,7.68,7.3,7.0,,,,ALFA J G2G3,MASCULINO,2021,PUBLICA,2012,-2.0,11,
702,2022,0.0,0.0,0,7.387,AMETISTA,10.0,6.8,8.6,10.0,5.0,,7.0,7.0,6.7,,NAO,NAO,F,FEMININO,2022,ESCOLA PUBLICA,2014,0.0,8,1.0
702,2023,0.0,1.0,-1,8.239866667,TOPAZIO,5.0,9.3,10.0,10.0,5.63,7.5,7.833333333,9.3,9.3,,,,ALFA F G0G1,FEMININO,2022,PUBLICA,2014,-1.0,9,1.0
702,2024,0.0,2.0,-2,7.665116666600001,AMETISTA,5.0,9.25,9.75,9.002,2.51,7.8125,7.163333333,10.0,8.5,,,,ALFA G G2G3,FEMININO,2022,PUBLICA,2014,-2.0,10,
703,2022,0.0,2.0,-2,6.099,AGATA,5.0,5.1,7.4,7.5,5.0,,6.833,5.3,4.8,,NAO,NAO,F,MASCULINO,2021,ESCOLA PUBLICA,2012,-2.0,10,1.0
703,2023,0.0,2.0,-2,6.2737,AGATA,5.0,4.6,8.4,9.5,3.14,6.875,6.16,4.8,4.3,,,,ALFA T G2G3,MASCULINO,2021,PUBLICA,2012,-2.0,11,
704,2022,0.0,2.0,-2,6.741,AGATA,5.0,7.2,8.6,9.0,5.0,,6.583,7.7,6.6,,NAO,NAO,F,MASCULINO,2022,ESCOLA PUBLICA,2012,-2.0,10,1.0
704,2023,0.0,2.0,-2,6.8297,AGATA,5.0,6.1,9.9,10.0,3.14,5.625,6.265,6.5,5.7,,,,ALFA J G2G3,MASCULINO,2022,PUBLICA,2012,-2.0,11,1.0
704,2024,1.0,2.0,-1,6.8121156785000005,AGATA,5.0,6.5,8.646245059,7.502,5.635,6.458333333,6.616666667,6.0,7.0,,,,1H,MASCULINO,2022,PUBLICA,2012,-1.0,12,
705,2022,0.0,2.0,-2,6.634,AGATA,5.0,7.1,6.2,9.5,7.5,,6.333,7.0,7.2,,NAO,NAO,F,MASCULINO,2022,ESCOLA PUBLICA,2012,-2.0,10,1.0
705,2023,0.0,2.0,-2,6.982,AGATA,5.0,8.8,8.3,0.0,6.89,7.5,8.165,8.9,8.6,,,,ALFA V G0G1,MASCULINO,2022,PUBLICA,2012,-2.0,11,1.0
705,2024,1.0,2.0,-1,5.294247619100001,QUARTZO,5.0,3.5,6.4285714285,9.002,5.005,5.625,4.226666667,2.0,5.0,,,,1H,MASCULINO,2022,PUBLICA,2012,-1.0,12,
706,2022,0.0,2.0,-2,7.659,AMETISTA,5.0,9.1,6.7,9.5,7.5,,8.417,9.1,9.1,,NAO,SIM,F,FEMININO,2021,ESCOLA PUBLICA,2012,-2.0,10,1.0
706,2023,0.0,2.0,-2,7.1527,AMETISTA,5.0,7.3,7.8,9.0,4.39,6.875,8.08,6.7,7.8,,,,ALFA G G2G3,FEMININO,2021,PUBLICA,2012,-2.0,11,0.0
706,2024,2.0,2.0,0,5.8701964286,QUARTZO,10.0,3.25,7.1428571430000005,0.0,6.26,7.65625,7.0,3.0,3.5,,,,2G,FEMININO,2021,PUBLICA,2012,0.0,12,
707,2022,0.0,2.0,-2,7.679,AMETISTA,5.0,8.5,8.1,10.0,6.9,,8.083,8.8,8.2,,NAO,NAO,F,FEMININO,2020,ESCOLA PUBLICA,2012,-2.0,10,1.0
707,2023,1.0,2.0,-1,6.518,AGATA,5.0,6.5,9.8,0.0,3.77,7.916666667,7.946666667,5.5,7.5,,,,1H,FEMININO,2020,PUBLICA,2012,-1.0,11,1.0
707,2024,2.0,3.0,-1,6.4975618421000005,AGATA,5.0,6.5,7.7236842105,7.917,4.375,6.40625,6.415,7.0,6.0,,,,2G,FEMININO,2021,PUBLICA,2012,-1.0,12,
708,2022,0.0,1.0,-1,7.282,AMETISTA,5.0,7.3,8.4,8.0,7.5,,7.583,7.1,7.6,,NAO,NAO,F,MASCULINO,2022,ESCOLA PUBLICA,2013,-1.0,9,1.0
708,2023,0.0,1.0,-1,7.5105,AMETISTA,5.0,9.2,9.8,0.0,7.52,8.125,8.28,8.8,9.5,,,,ALFA F G0G1,MASCULINO,2022,PUBLICA,2013,-1.0,10,
709,2022,0.0,2.0,-2,5.313,QUARTZO,5.0,2.3,3.5,9.5,7.5,,7.083,2.3,2.3,,NAO,NAO,F,FEMININO,2022,ESCOLA PUBLICA,2012,-2.0,10,1.0
709,2023,0.0,2.0,-2,6.6927,AGATA,5.0,4.9,7.9,10.0,7.52,5.625,6.59,5.5,4.3,,,,ALFA G G2G3,FEMININO,2022,PUBLICA,2012,-2.0,11,1.0
709,2024,1.0,2.0,-1,6.833780895800001,AGATA,5.0,6.0,7.994071146,7.418,7.51,6.875,6.773333333,6.0,6.0,,,,1H,FEMININO,2022,PUBLICA,2012,-1.0,12,
710,2022,0.0,2.0,-2,7.285,AMETISTA,5.0,6.9,8.9,9.5,5.0,,8.0,7.0,6.8,,NAO,NAO,G,MASCULINO,2020,ESCOLA PUBLICA,2012,-2.0,10,1.0
710,2023,1.0,2.0,-1,7.0582,AMETISTA,5.0,6.5,9.0,9.5,3.77,7.083333333,7.113333333,5.7,7.3,,,,1J,MASCULINO,2020,PUBLICA,2012,-1.0,11,1.0
710,2024,2.0,3.0,-1,7.0366241342,AMETISTA,5.0,6.75,8.170995671,9.168,5.625,7.65625,6.5375,8.0,5.5,,,,2G,MASCULINO,2021,PUBLICA,2012,-1.0,12,
711,2022,0.0,1.0,-1,6.04,AGATA,5.0,3.5,7.9,9.0,6.3,,6.0,4.0,3.0,,NAO,NAO,G,MASCULINO,2022,ESCOLA PUBLICA,2013,-1.0,9,
712,2022,0.0,2.0,-2,6.026,AGATA,5.0,8.0,5.1,8.0,5.0,,5.833,8.7,7.3,,NAO,NAO,G,MASCULINO,2019,ESCOLA PUBLICA,2011,-2.0,11,1.0
712,2023,1.0,3.0,-2,6.331533333,AGATA,5.0,6.7,5.6,9.5,3.14,7.5,6.836666667,5.5,7.8,,,,1J,MASCULINO,2019,PUBLICA,2011,-2.0,12,1.0
712,2024,2.0,3.0,-1,6.2236373706000006,AGATA,5.0,6.75,5.983436853,7.502,5.625,6.5625,6.04,7.0,6.5,,,,2H,MASCULINO,2021,PUBLICA,2011,-1.0,13,
713,2022,0.0,1.0,-1,7.42,AMETISTA,5.0,7.8,8.7,10.0,7.5,,7.25,8.0,7.7,,NAO,NAO,G,MASCULINO,2021,ESCOLA PUBLICA,2013,-1.0,9,1.0
713,2023,1.0,2.0,-1,7.408033333,AMETISTA,5.0,7.5,9.6,8.0,3.77,6.875,8.166666667,6.7,8.2,,,,1G,MASCULINO,2021,PUBLICA,2013,-1.0,10,0.0
713,2024,2.0,2.0,0,7.467500983400001,AMETISTA,10.0,6.75,7.525879916999999,8.002,7.51,7.03125,6.79,6.0,7.5,,,,2H,MASCULINO,2021,PUBLICA,2013,0.0,11,
714,2022,0.0,2.0,-2,6.953,AGATA,5.0,8.0,6.9,9.0,5.6,,7.25,8.5,7.5,,NAO,NAO,G,MASCULINO,2019,ESCOLA PUBLICA,2011,-2.0,11,1.0
714,2023,1.0,3.0,-2,6.078666667,AGATA,5.0,7.4,8.0,0.0,3.14,7.5,7.223333333,6.7,8.0,,,,1J,MASCULINO,2019,PUBLICA,2011,-2.0,12,1.0
714,2024,2.0,3.0,-1,5.4653662008,QUARTZO,5.0,4.0,6.873706004,0.0,6.255,7.65625,6.9975,8.0,0.0,,,,2H,MASCULINO,2021,PUBLICA,2011,-1.0,13,
715,2022,0.0,1.0,-1,6.656,AGATA,5.0,4.9,8.7,8.5,4.4,,7.917,4.8,5.0,,NAO,NAO,G,FEMININO,2022,ESCOLA PUBLICA,2013,-1.0,9,1.0
715,2023,0.0,2.0,-2,5.8915,QUARTZO,5.0,5.4,9.5,0.0,3.14,5.625,7.675,4.5,6.3,,,,ALFA I G2G3,FEMININO,2022,PUBLICA,2013,-2.0,10,0.0
715,2024,2.0,2.0,0,5.3098253133,QUARTZO,10.0,2.75,5.250626566499999,9.002,3.755,5.0,4.67,2.0,3.5,,,,2I,FEMININO,2022,PUBLICA,2013,0.0,11,
716,2022,0.0,1.0,-1,6.525,AGATA,5.0,6.7,8.1,8.9,7.5,,5.417,7.3,6.0,,NAO,NAO,G,MASCULINO,2022,ESCOLA PUBLICA,2013,-1.0,9,1.0
716,2023,1.0,2.0,-1,6.813366667,AGATA,5.0,5.6,8.7,9.0,3.77,6.875,7.443333333,5.0,6.2,,,,1G,MASCULINO,2022,PUBLICA,2013,-1.0,10,1.0
716,2024,1.0,2.0,-1,6.2372943675000005,AGATA,5.0,5.75,5.5335968375,9.002,7.51,6.71875,5.7875,5.5,6.0,,,,1J,MASCULINO,2022,PUBLICA,2013,-1.0,11,
717,2022,0.0,2.0,-2,6.832,AGATA,5.0,5.4,7.3,9.0,7.5,,7.917,5.0,5.8,,NAO,NAO,G,FEMININO,2021,ESCOLA PUBLICA,2012,-2.0,10,1.0
717,2023,1.0,2.0,-1,6.633833333,AGATA,5.0,5.9,8.5,0.0,7.52,8.125,8.446666667,5.5,6.3,,,,1G,FEMININO,2021,PUBLICA,2012,-1.0,11,
718,2022,0.0,0.0,0,8.093,TOPAZIO,10.0,9.2,8.9,8.0,6.3,,7.417,9.2,9.2,,NAO,NAO,G,FEMININO,2022,ESCOLA PUBLICA,2014,0.0,8,0.0
718,2023,1.0,1.0,0,8.166866667,TOPAZIO,10.0,7.8,9.1,9.5,3.77,7.916666667,8.39,6.3,9.2,,,,1G,FEMININO,2022,PUBLICA,2014,0.0,9,0.0
718,2024,2.0,1.0,1,8.705811111100001,TOPAZIO,10.0,9.5,9.5138888885,10.002,5.635,7.5,7.946666667,9.0,10.0,,,,2I,FEMININO,2022,PUBLICA,2014,1.0,10,
719,2022,0.0,2.0,-2,5.552,QUARTZO,5.0,4.2,4.6,9.0,7.5,,6.083,5.0,3.3,,NAO,NAO,G,FEMININO,2021,ESCOLA PUBLICA,2012,-2.0,10,1.0
719,2023,0.0,2.0,-2,6.4137,AGATA,5.0,5.9,5.3,9.5,7.52,5.625,7.095,7.0,4.7,,,,ALFA J G2G3,MASCULINO,2021,PUBLICA,2012,-2.0,11,1.0
719,2024,1.0,2.0,-1,7.1193969697,AMETISTA,5.0,6.5,7.3484848485,10.002,7.51,7.5,6.7425,5.0,8.0,,,,1J,MASCULINO,2021,PUBLICA,2012,-1.0,12,
720,2022,0.0,1.0,-1,6.731,AGATA,5.0,7.6,5.9,8.0,7.5,,7.083,7.3,7.8,,NAO,NAO,G,FEMININO,2021,ESCOLA PUBLICA,2013,-1.0,9,
721,2022,0.0,0.0,0,7.973,AMETISTA,10.0,7.6,8.1,9.5,7.5,,7.917,8.2,7.0,,NAO,NAO,G,FEMININO,2021,ESCOLA PUBLICA,2014,0.0,8,0.0
721,2023,1.0,1.0,0,8.683366667,TOPAZIO,10.0,8.4,9.5,8.5,7.52,8.125,8.443333333,7.5,9.3,,,,1G,FEMININO,2021,PUBLICA,2014,0.0,9,0.0
721,2024,2.0,2.0,0,8.8986026915,TOPAZIO,10.0,8.25,9.544513457499999,9.002,8.135,8.75,8.755,9.0,7.5,,,,2G,FEMININO,2021,PUBLICA,2014,0.0,10,
722,2022,0.0,1.0,-1,7.41,AMETISTA,5.0,8.1,8.1,10.0,4.4,,8.333,7.8,8.3,,NAO,NAO,G,FEMININO,2021,ESCOLA PUBLICA,2013,-1.0,9,1.0
722,2023,1.0,2.0,-1,7.3387,AMETISTA,5.0,6.4,9.6,8.5,2.52,8.125,8.67,4.5,8.2,,,,1N,FEMININO,2021,PUBLICA,2013,-1.0,10,
723,2022,0.0,0.0,0,7.426,AMETISTA,10.0,5.5,6.6,10.0,8.1,,8.167,5.3,5.7,,NAO,NAO,H,FEMININO,2022,ESCOLA PUBLICA,2014,0.0,8,
724,2022,0.0,0.0,0,6.931,AGATA,10.0,5.6,5.9,9.5,5.6,,8.0,2.9,8.3,,NAO,NAO,H,FEMININO,2022,ESCOLA PUBLICA,2014,0.0,8,
725,2022,0.0,0.0,0,6.33,AGATA,10.0,5.0,5.9,8.0,8.1,,5.5,4.0,6.0,,NAO,NAO,H,MASCULINO,2022,ESCOLA PUBLICA,2014,0.0,8,1.0
725,2023,0.0,1.0,-1,8.117366667,TOPAZIO,5.0,8.4,9.0,9.5,7.52,8.125,8.113333333,8.1,8.7,,,,ALFA F G0G1,MASCULINO,2022,PUBLICA,2014,-1.0,9,1.0
725,2024,0.0,1.0,-1,7.0900771929,AMETISTA,5.0,7.25,7.6710526315,7.502,7.51,7.5,6.773333333,7.0,7.5,,,,ALFA G G2G3,MASCULINO,2022,PUBLICA,2014,-1.0,10,
726,2022,0.0,0.0,0,6.985,AGATA,10.0,4.4,7.5,10.0,7.5,,6.583,5.8,3.0,,NAO,NAO,H,FEMININO,2022,ESCOLA PUBLICA,2015,0.0,7,0.0
726,2023,0.0,0.0,0,7.3687,AMETISTA,10.0,6.0,6.1,10.0,7.52,5.625,8.17,6.2,5.8,,,,ALFA H G0G1,FEMININO,2022,PUBLICA,2015,0.0,8,
727,2022,0.0,0.0,0,7.736,AMETISTA,10.0,8.4,7.7,9.0,8.1,,6.75,9.3,7.4,,NAO,NAO,H,MASCULINO,2022,ESCOLA PUBLICA,2014,0.0,8,1.0
727,2023,0.0,1.0,-1,7.6802,AMETISTA,5.0,8.0,8.8,9.5,2.52,7.5,9.34,8.3,7.7,,,,ALFA G G2G3,MASCULINO,2022,PUBLICA,2014,-1.0,9,0.0
727,2024,1.0,1.0,0,8.447003030300001,TOPAZIO,10.0,8.5,8.4848484845,10.002,6.26,8.125,8.056666667,10.0,7.0,,,,1G,MASCULINO,2022,PUBLICA,2014,0.0,10,
728,2022,0.0,0.0,0,8.244,TOPAZIO,10.0,9.1,7.3,9.5,8.1,,8.167,9.3,8.9,,NAO,NAO,H,FEMININO,2022,ESCOLA PUBLICA,2014,0.0,8,
729,2022,0.0,0.0,0,8.155,TOPAZIO,10.0,8.1,8.7,10.0,8.1,,7.25,8.5,7.8,,NAO,NAO,H,FEMININO,2022,ESCOLA PUBLICA,2014,0.0,8,1.0
729,2023,0.0,1.0,-1,7.26545,AMETISTA,5.0,8.6,9.1,8.0,3.77,6.5625,7.01,8.2,8.9,,,,ALFA V G0G1,FEMININO,2022,PUBLICA,2014,-1.0,9,1.0
729,2024,0.0,1.0,-1,6.684533333300001,AGATA,5.0,6.0,8.4166666665,8.002,2.51,7.5,7.5,6.0,6.0,,,,ALFA J G2G3,FEMININO,2022,PUBLICA,2014,-1.0,10,
730,2022,0.0,2.0,-2,7.902,AMETISTA,5.0,8.3,8.2,10.0,8.8,,8.25,8.7,8.0,,NAO,NAO,I,FEMININO,2021,ESCOLA PUBLICA,2012,-2.0,10,1.0
730,2023,1.0,2.0,-1,7.979325,AMETISTA,5.0,7.8,8.7,10.0,5.02,9.53125,8.67,7.8,7.7,,,,1F,FEMININO,2021,PRIVADA,2012,-1.0,11,0.0
730,2024,2.0,2.0,0,8.469255555700002,TOPAZIO,10.0,9.5,7.152777778,8.002,6.885,9.166666667,8.666666667,10.0,9.0,,,,2I,FEMININO,2021,PUBLICA,2012,0.0,12,
731,2022,0.0,2.0,-2,7.151,AMETISTA,5.0,7.3,8.5,9.0,6.9,,7.083,7.3,7.2,,NAO,NAO,I,FEMININO,2019,ESCOLA PUBLICA,2012,-2.0,10,1.0
731,2023,1.0,2.0,-1,6.7742,AGATA,5.0,6.8,7.6,8.5,3.14,7.5,7.45,6.2,7.3,,,,1J,FEMININO,2019,PUBLICA,2012,-1.0,11,1.0
731,2024,2.0,3.0,-1,4.7704873377000006,QUARTZO,5.0,2.5,4.188311688500001,9.502,4.375,5.78125,4.835,0.0,5.0,,,,2G,FEMININO,2021,PUBLICA,2012,-1.0,12,
732,2022,0.0,1.0,-1,7.347,AMETISTA,5.0,7.2,7.9,9.0,8.8,,7.5,7.5,6.8,,NAO,NAO,I,MASCULINO,2022,ESCOLA PUBLICA,2013,-1.0,9,
733,2022,0.0,1.0,-1,6.684,AGATA,5.0,5.1,8.5,9.5,5.6,,6.917,6.0,4.2,,NAO,NAO,J,FEMININO,2022,ESCOLA PUBLICA,2013,-1.0,9,0.0
733,2023,1.0,1.0,0,8.3342,TOPAZIO,10.0,6.2,8.7,10.0,7.52,8.333333333,8.893333333,4.3,8.0,,,,1G,FEMININO,2022,PUBLICA,2013,0.0,10,1.0
733,2024,1.0,2.0,-1,8.808825,TOPAZIO,5.0,9.25,10.0,10.002,7.51,8.90625,9.085,9.0,9.5,,,,1J,FEMININO,2022,PUBLICA,2013,-1.0,11,
734,2022,0.0,2.0,-2,6.952,AGATA,5.0,7.3,7.2,9.5,5.6,,7.417,8.0,6.5,,NAO,NAO,J,FEMININO,2022,ESCOLA PUBLICA,2012,-2.0,10,1.0
734,2023,1.0,2.0,-1,7.305908333,AMETISTA,5.0,6.9,8.0,8.5,7.52,7.34375,7.446666667,6.8,7.0,,,,1A,FEMININO,2022,PUBLICA,2012,-1.0,11,
735,2022,0.0,2.0,-2,7.485,AMETISTA,5.0,7.3,9.0,9.0,5.6,,8.583,7.8,6.7,,NAO,SIM,J,FEMININO,2021,ESCOLA PUBLICA,2012,-2.0,10,1.0
735,2023,1.0,2.0,-1,7.184,AMETISTA,5.0,8.1,9.0,0.0,7.52,8.333333333,8.393333333,7.7,8.5,,,,1J,FEMININO,2021,PUBLICA,2012,-1.0,11,1.0
735,2024,2.0,3.0,-1,7.7888467391,AMETISTA,5.0,8.0,9.782608695499999,8.002,6.255,7.65625,7.705,8.0,8.0,,,,2H,FEMININO,2021,PUBLICA,2012,-1.0,12,
736,2022,0.0,2.0,-2,6.707,AGATA,5.0,5.4,8.5,9.0,5.6,,7.0,4.7,6.2,,NAO,NAO,J,MASCULINO,2022,ESCOLA PUBLICA,2012,-2.0,10,1.0
736,2023,1.0,2.0,-1,7.600033333,AMETISTA,5.0,6.7,9.5,8.5,6.27,7.708333333,8.11,4.8,8.5,,,,1G,MASCULINO,2022,PUBLICA,2012,-1.0,11,
737,2022,0.0,1.0,-1,8.058,AMETISTA,5.0,9.0,9.2,9.5,5.6,,9.167,8.5,9.5,,NAO,SIM,J,FEMININO,2022,ESCOLA PUBLICA,2013,-1.0,9,0.0
737,2023,1.0,1.0,0,8.048033333,TOPAZIO,10.0,7.5,7.8,9.5,7.52,7.291666667,7.783333333,7.0,8.0,,,,1J,FEMININO,2022,PUBLICA,2013,0.0,10,0.0
737,2024,2.0,2.0,0,8.4695488613,TOPAZIO,10.0,9.25,8.6542443065,8.502,6.885,7.5,8.0,9.0,9.5,,,,2H,FEMININO,2022,PUBLICA,2013,0.0,11,
738,2022,0.0,0.0,0,7.227,AMETISTA,10.0,5.7,8.1,8.5,5.6,,7.5,7.7,3.7,,NAO,NAO,J,FEMININO,2022,ESCOLA PUBLICA,2014,0.0,8,0.0
738,2023,1.0,1.0,0,8.123283333,TOPAZIO,10.0,6.0,9.3,8.0,7.52,8.4375,8.336666667,4.2,7.8,,,,1F,FEMININO,2022,PUBLICA,2014,0.0,9,1.0
738,2024,1.0,2.0,-1,7.2626980238000005,AMETISTA,5.0,7.25,7.292490119,10.002,6.885,6.875,7.39,7.5,7.0,,,,1H,FEMININO,2022,PUBLICA,2014,-1.0,10,
739,2022,0.0,0.0,0,6.82,AGATA,10.0,5.9,7.3,6.4,5.6,,7.083,6.0,5.8,,NAO,NAO,J,MASCULINO,2022,ESCOLA PUBLICA,2014,0.0,8,1.0
739,2023,0.0,1.0,-1,7.5972,AMETISTA,5.0,7.6,8.3,9.0,7.52,6.25,8.25,7.3,7.8,,,,ALFA G G2G3,MASCULINO,2022,PUBLICA,2014,-1.0,9,
740,2022,0.0,1.0,-1,7.218,AMETISTA,5.0,7.2,9.0,8.5,5.6,,7.5,7.3,7.0,,NAO,NAO,J,FEMININO,2022,ESCOLA PUBLICA,2013,-1.0,9,1.0
740,2023,0.0,2.0,-2,7.2845,AMETISTA,5.0,9.1,8.7,0.0,7.52,6.875,8.925,9.0,9.2,,,,ALFA G G2G3,FEMININO,2022,PRIVADA,2013,-2.0,10,1.0
740,2024,1.0,2.0,-1,8.1611005269,TOPAZIO,5.0,8.0,9.555335968,9.002,7.51,8.541666667,8.223333333,8.0,8.0,,,,1H,FEMININO,2022,PRIVADA,2013,-1.0,11,
741,2022,0.0,2.0,-2,6.896,AGATA,5.0,6.3,8.4,9.5,5.6,,7.417,7.3,5.2,,NAO,NAO,J,FEMININO,2022,ESCOLA PUBLICA,2012,-2.0,10,1.0
741,2023,0.0,2.0,-2,6.2707,AGATA,5.0,5.1,6.9,9.5,4.39,5.625,7.095,4.2,6.0,,,,ALFA J G2G3,FEMININO,2022,PUBLICA,2012,-2.0,11,1.0
741,2024,1.0,2.0,-1,5.0795885374,QUARTZO,5.0,3.75,5.2964426875,8.418,5.005,5.833333333,4.223333333,3.5,4.0,,,,1H,FEMININO,2022,PUBLICA,2012,-1.0,12,
742,2022,0.0,1.0,-1,7.097,AMETISTA,5.0,7.3,8.7,8.5,5.0,,7.5,8.3,6.2,,NAO,NAO,J,FEMININO,2022,ESCOLA PUBLICA,2013,-1.0,9,1.0
742,2023,0.0,2.0,-2,7.024,AMETISTA,5.0,7.5,7.6,0.0,7.52,7.5,10.01,6.2,8.8,,,,ALFA I G2G3,FEMININO,2022,PUBLICA,2013,-2.0,10,
743,2022,0.0,1.0,-1,6.672,AGATA,5.0,4.8,7.9,10.0,5.6,,7.5,4.8,4.8,,NAO,NAO,J,FEMININO,2022,ESCOLA PUBLICA,2013,-1.0,9,1.0
743,2023,0.0,2.0,-2,6.659,AGATA,5.0,7.1,9.1,0.0,3.77,7.5,9.01,7.3,6.8,,,,ALFA E G2G3,FEMININO,2022,PUBLICA,2013,-2.0,10,1.0
743,2024,1.0,2.0,-1,7.655745454500001,AMETISTA,5.0,7.0,9.2727272725,9.002,7.51,7.5,7.5,6.5,7.5,,,,1C,FEMININO,2022,PUBLICA,2013,-1.0,11,
744,2022,0.0,0.0,0,7.742,AMETISTA,10.0,6.2,9.7,9.5,5.6,,7.5,6.0,6.3,,NAO,NAO,J,FEMININO,2022,ESCOLA PUBLICA,2014,0.0,8,
745,2022,0.0,1.0,-1,7.382,AMETISTA,5.0,8.1,8.5,9.0,5.6,,7.75,8.5,7.7,,NAO,NAO,J,MASCULINO,2021,REDE DECISAO,2013,-1.0,9,1.0
745,2023,1.0,2.0,-1,7.668366667,AMETISTA,5.0,7.0,9.3,9.5,3.77,8.125,8.893333333,5.7,8.2,,,,1G,MASCULINO,2021,PRIVADA PROGRAMA DE APADRINHAMENTO,2013,-1.0,10,0.0
745,2024,2.0,2.0,0,8.6102,TOPAZIO,10.0,8.5,10.0,9.002,6.26,7.5,8.17,8.0,9.0,,,,2I,MASCULINO,2021,PRIVADA PROGRAMA DE APADRINHAMENTO,2013,0.0,11,
746,2022,0.0,0.0,0,7.656,AMETISTA,10.0,7.2,9.1,8.0,5.6,,7.417,7.7,6.7,,NAO,NAO,J,MASCULINO,2022,ESCOLA PUBLICA,2014,0.0,8,0.0
746,2023,1.0,1.0,0,6.517166667,AGATA,10.0,7.2,8.0,0.0,3.77,6.875,7.113333333,6.0,8.3,,,,1G,MASCULINO,2022,PUBLICA,2014,0.0,9,0.0
746,2024,2.0,2.0,0,7.903311111100001,AMETISTA,10.0,8.0,7.4305555555,8.502,7.51,7.5,7.33,8.0,8.0,,,,2I,MASCULINO,2022,PUBLICA,2014,0.0,10,
747,2022,0.0,2.0,-2,7.676,AMETISTA,5.0,8.8,7.6,10.0,7.5,,7.917,8.2,9.4,,SIM,NAO,K,FEMININO,2022,ESCOLA PUBLICA,2011,-2.0,11,1.0
747,2023,1.0,2.0,-1,6.026366667,AGATA,5.0,3.1,8.0,10.0,3.14,6.041666667,6.94,1.2,5.0,,,,1L,FEMININO,2022,PUBLICA,2011,-1.0,12,1.0
747,2024,1.0,3.0,-2,5.8450809523,QUARTZO,5.0,2.25,8.095238095,10.002,5.005,7.083333333,5.335,4.5,0.0,,,,1K,FEMININO,2022,PUBLICA,2011,-2.0,13,
748,2022,0.0,1.0,-1,8.084,TOPAZIO,5.0,9.1,9.0,10.0,7.5,,8.25,9.6,8.6,,SIM,NAO,K,MASCULINO,2022,ESCOLA PUBLICA,2013,-1.0,9,1.0
748,2023,0.0,2.0,-2,8.7142,TOPAZIO,5.0,9.1,9.7,9.5,7.52,7.5,10.01,9.0,9.2,,,,ALFA O G2G3,MASCULINO,2022,PUBLICA,2013,-2.0,10,1.0
748,2024,1.0,2.0,-1,8.2272,TOPAZIO,5.0,7.75,10.0,9.502,7.51,8.75,8.005,7.5,8.0,,,,1K,MASCULINO,2021,PUBLICA,2013,-1.0,11,
749,2022,0.0,1.0,-1,7.484,AMETISTA,5.0,8.8,7.7,9.5,7.5,,7.25,9.5,8.1,,NAO,NAO,K,MASCULINO,2022,ESCOLA PUBLICA,2013,-1.0,9,1.0
749,2023,0.0,1.0,-1,7.7597,AMETISTA,5.0,7.3,9.0,10.0,7.52,5.625,8.425,7.3,7.3,,,,ALFA O G2G3,MASCULINO,2022,PUBLICA,2013,-1.0,10,1.0
749,2024,0.0,2.0,-2,8.3373184211,TOPAZIO,5.0,8.75,9.7368421055,9.502,8.13,8.4375,7.665,10.0,7.5,,,,ALFA O G2G3,MASCULINO,2022,PUBLICA,2013,-2.0,11,
750,2022,0.0,2.0,-2,6.344,AGATA,5.0,6.8,8.9,9.5,4.4,,5.167,7.1,6.4,,NAO,NAO,K,MASCULINO,2019,ESCOLA PUBLICA,2012,-2.0,10,1.0
750,2023,0.0,2.0,-2,5.6857,QUARTZO,5.0,3.4,7.7,9.5,3.14,4.375,6.32,3.3,3.5,,,,ALFA U G2G3,MASCULINO,2019,PUBLICA,2012,-2.0,11,1.0
750,2024,1.0,3.0,-2,4.542230369,QUARTZO,5.0,3.75,5.938735178,6.249,4.38,4.0625,3.176666667,0.5,7.0,,,,1B,MASCULINO,2021,PUBLICA,2012,-2.0,12,
751,2022,0.0,2.0,-2,5.246,QUARTZO,5.0,3.8,5.8,8.5,7.5,,6.167,2.7,4.9,,NAO,NAO,K,MASCULINO,2022,ESCOLA PUBLICA,2011,-2.0,11,
752,2022,0.0,2.0,-2,8.197,TOPAZIO,5.0,9.5,9.0,10.0,7.5,,8.417,9.6,9.4,,SIM,SIM,K,FEMININO,2022,ESCOLA PUBLICA,2011,-2.0,11,1.0
752,2023,1.0,2.0,-1,8.073825,TOPAZIO,5.0,6.4,9.9,9.5,7.52,7.65625,9.23,4.8,8.0,,,,1N,FEMININO,2022,PUBLICA,2011,-1.0,12,1.0
752,2024,2.0,3.0,-1,6.57279265,AGATA,5.0,5.75,7.525879916999999,9.502,7.51,5.9375,5.613333333,7.0,4.5,,,,2U,FEMININO,2022,PUBLICA,2011,-1.0,13,
753,2022,0.0,0.0,0,8.481,TOPAZIO,10.0,9.1,8.6,9.5,7.5,,8.417,9.4,8.8,,SIM,SIM,K,FEMININO,2022,ESCOLA PUBLICA,2014,0.0,8,1.0
753,2023,0.0,1.0,-1,8.6672,TOPAZIO,5.0,9.0,9.9,9.0,7.52,7.5,9.925,9.0,9.0,,,,ALFA O G2G3,FEMININO,2022,PUBLICA,2014,-1.0,9,1.0
753,2024,1.0,2.0,-1,8.2450571429,TOPAZIO,5.0,8.5,9.047619048,10.002,7.51,8.333333333,8.255,9.0,8.0,,,,1K,FEMININO,2022,PUBLICA,2014,-1.0,10,
754,2022,0.0,1.0,-1,6.602,AGATA,5.0,7.9,5.8,10.0,4.4,,6.917,7.8,8.1,,NAO,NAO,K,MASCULINO,2022,ESCOLA PUBLICA,2013,-1.0,9,1.0
754,2023,0.0,2.0,-2,6.0537,AGATA,5.0,5.6,6.1,9.5,2.52,6.875,6.67,5.7,5.4,,,,ALFA M G0G1,MASCULINO,2022,PUBLICA,2013,-2.0,10,1.0
754,2024,0.0,2.0,-2,5.6127,QUARTZO,5.0,6.25,6.25,8.502,5.625,2.5,4.75,6.0,6.5,,,,ALFA L G2G3,MASCULINO,2022,PUBLICA,2013,-2.0,11,
755,2022,0.0,0.0,0,8.566,TOPAZIO,10.0,9.5,9.2,9.5,6.9,,8.083,9.8,9.3,,SIM,NAO,K,MASCULINO,2022,ESCOLA PUBLICA,2014,0.0,8,1.0
755,2023,0.0,1.0,-1,8.7442,TOPAZIO,5.0,9.2,9.5,10.0,7.52,7.5,10.01,9.2,9.2,,,,ALFA O G2G3,MASCULINO,2022,PUBLICA,2014,-1.0,9,1.0
755,2024,1.0,2.0,-1,8.925450000000001,TOPAZIO,5.0,9.75,10.0,10.002,7.51,9.0625,9.09,10.0,9.5,,,,1M,MASCULINO,2022,PUBLICA,2014,-1.0,10,
756,2022,0.0,1.0,-1,6.976,AGATA,5.0,5.7,7.9,10.0,7.5,,7.25,5.6,5.8,,NAO,NAO,K,MASCULINO,2022,ESCOLA PUBLICA,2013,-1.0,9,1.0
756,2023,0.0,2.0,-2,7.0927,AMETISTA,5.0,6.1,8.7,10.0,7.52,5.625,6.59,5.4,6.8,,,,ALFA K G0G1,MASCULINO,2022,PUBLICA,2013,-2.0,10,1.0
756,2024,0.0,2.0,-2,7.361700000000001,AMETISTA,5.0,5.5,8.75,10.002,7.51,8.125,7.24,10.0,1.0,,,,ALFA L G2G3,MASCULINO,2022,PUBLICA,2013,-2.0,11,
757,2022,0.0,1.0,-1,8.26,TOPAZIO,5.0,9.7,9.3,9.5,7.5,,8.5,9.9,9.6,,SIM,SIM,K,FEMININO,2022,ESCOLA PUBLICA,2013,-1.0,9,1.0
757,2023,0.0,2.0,-2,8.6742,TOPAZIO,5.0,9.3,9.6,9.0,7.52,7.5,10.01,9.5,9.0,,,,ALFA O G2G3,FEMININO,2022,PUBLICA,2013,-2.0,10,1.0
757,2024,1.0,2.0,-1,7.938842857200001,AMETISTA,5.0,7.0,9.285714286000001,9.502,7.51,8.125,8.34,6.5,7.5,,,,1K,FEMININO,2022,PUBLICA,2013,-1.0,11,
758,2022,0.0,1.0,-1,7.911,AMETISTA,5.0,8.1,9.1,9.0,7.5,,8.333,8.0,8.2,,NAO,NAO,L,MASCULINO,2022,ESCOLA PUBLICA,2013,-1.0,9,
759,2022,0.0,2.0,-2,7.563,AMETISTA,5.0,7.5,8.6,9.0,7.5,,7.833,8.3,6.7,,NAO,NAO,L,FEMININO,2021,ESCOLA PUBLICA,2012,-2.0,10,
760,2022,0.0,2.0,-2,8.172,TOPAZIO,5.0,8.8,9.2,9.0,7.5,,8.917,9.3,8.2,,NAO,SIM,L,MASCULINO,2021,ESCOLA PUBLICA,2011,-2.0,11,1.0
760,2023,2.0,3.0,-1,6.548333333,AGATA,5.0,6.3,8.8,0.0,7.52,7.083333333,7.84,5.8,6.8,,,,2L,MASCULINO,2021,PUBLICA,2011,-1.0,12,0.0
760,2024,3.0,3.0,0,6.942581818200001,AGATA,10.0,5.0,7.090909091,9.168,7.51,6.25,6.158,2.5,3.5,9.0,,,3M,MASCULINO,2021,PUBLICA,2011,0.0,13,
761,2022,0.0,1.0,-1,8.06,TOPAZIO,5.0,8.2,9.4,10.0,7.5,,8.25,8.8,7.5,,NAO,NAO,L,MASCULINO,2022,ESCOLA PUBLICA,2013,-1.0,9,1.0
761,2023,1.0,2.0,-1,8.219533333,TOPAZIO,5.0,8.4,9.7,9.0,7.52,8.333333333,8.12,8.7,8.0,,,,1L,MASCULINO,2022,PUBLICA,2013,-1.0,10,0.0
761,2024,2.0,2.0,0,8.174593939300001,TOPAZIO,10.0,7.25,8.8636363635,8.502,6.26,8.75,8.003333333,8.0,6.5,,,,2M,MASCULINO,2022,PUBLICA,2013,0.0,11,
762,2022,0.0,3.0,-3,7.28,AMETISTA,2.5,6.7,9.7,10.0,7.5,,7.083,7.3,6.0,,NAO,NAO,L,MASCULINO,2022,ESCOLA PUBLICA,2010,-3.0,12,1.0
762,2023,1.0,3.0,-2,7.09945,AMETISTA,5.0,5.8,9.1,10.0,3.14,7.8125,7.67,6.2,5.3,,,,1K,MASCULINO,2022,PUBLICA,2010,-2.0,13,1.0
762,2024,2.0,4.0,-2,5.9677326087,QUARTZO,5.0,3.75,6.4239130435,10.002,6.26,6.5625,5.7525,4.0,3.5,,,,2K,MASCULINO,2022,PUBLICA,2010,-2.0,14,
763,2022,0.0,2.0,-2,7.402,AMETISTA,5.0,6.5,9.7,9.5,7.5,,7.167,6.3,6.7,,NAO,NAO,L,FEMININO,2021,ESCOLA PUBLICA,2012,-2.0,10,1.0
763,2023,0.0,2.0,-2,6.7215,AGATA,5.0,7.9,9.2,0.0,3.14,6.875,9.0,7.8,8.0,,,,ALFA O G2G3,FEMININO,2021,PUBLICA,2012,-2.0,11,1.0
763,2024,1.0,2.0,-1,6.984760606,AGATA,5.0,5.25,8.8636363635,9.002,6.26,7.708333333,6.825,6.5,4.0,,,,1N,FEMININO,2021,PUBLICA,2012,-1.0,12,
764,2022,0.0,0.0,0,8.004,AMETISTA,10.0,7.5,8.8,9.0,7.5,,7.667,7.2,7.8,,NAO,NAO,L,MASCULINO,2022,ESCOLA PUBLICA,2014,0.0,8,0.0
764,2023,1.0,1.0,0,7.682125,AMETISTA,10.0,7.8,9.2,0.0,7.52,8.28125,8.56,6.0,9.5,,,,1N,MASCULINO,2022,PUBLICA,2014,0.0,9,0.0
764,2024,2.0,2.0,0,7.838370289900001,AMETISTA,10.0,6.0,7.8804347825,8.002,7.51,8.4375,8.336666667,3.0,9.0,,,,2N,MASCULINO,2022,PRIVADA,2014,0.0,10,
765,2022,0.0,1.0,-1,6.902,AGATA,5.0,4.3,9.3,8.5,7.5,,7.417,5.0,3.7,,NAO,NAO,L,MASCULINO,2022,ESCOLA PUBLICA,2013,-1.0,9,
766,2022,0.0,2.0,-2,8.185,TOPAZIO,5.0,8.7,9.5,10.0,7.5,,8.333,8.5,8.8,,NAO,NAO,L,FEMININO,2020,ESCOLA PUBLICA,2011,-2.0,11,1.0
766,2023,1.0,2.0,-1,8.008408333,TOPAZIO,5.0,8.7,8.7,10.0,4.39,9.21875,8.336666667,9.2,8.2,,,,1K,FEMININO,2020,PUBLICA,2012,-1.0,11,
767,2022,0.0,2.0,-2,7.511,AMETISTA,5.0,7.0,9.0,9.5,7.5,,7.583,7.3,6.7,,NAO,NAO,L,MASCULINO,2021,ESCOLA PUBLICA,2012,-2.0,10,1.0
767,2023,1.0,2.0,-1,7.3807,AMETISTA,5.0,6.3,8.3,10.0,7.52,7.291666667,7.446666667,6.5,6.0,,,,1L,MASCULINO,2021,PUBLICA,2012,-1.0,11,1.0
767,2024,1.0,3.0,-2,8.131890476200002,TOPAZIO,5.0,8.25,9.0476190475,9.502,7.51,8.541666667,8.085,8.5,8.0,,,,1L,MASCULINO,2021,PUBLICA,2012,-2.0,12,
768,2022,0.0,2.0,-2,7.646,AMETISTA,5.0,7.1,10.0,9.0,7.5,,7.583,7.0,7.2,,NAO,NAO,L,FEMININO,2021,ESCOLA PUBLICA,2012,-2.0,10,1.0
768,2023,0.0,2.0,-2,8.4042,TOPAZIO,5.0,7.9,9.1,10.0,7.52,7.5,10.01,8.0,7.8,,,,ALFA L G2G3,FEMININO,2021,PUBLICA,2012,-2.0,11,1.0
768,2024,1.0,2.0,-1,7.0345379447,AMETISTA,5.0,5.5,7.9841897235,9.002,6.26,8.125,7.495,6.0,5.0,,,,1N,FEMININO,2021,PUBLICA,2012,-1.0,12,
769,2022,0.0,1.0,-1,7.598,AMETISTA,5.0,7.9,7.5,10.0,7.5,,8.5,9.6,6.2,,SIM,SIM,M,FEMININO,2022,ESCOLA PUBLICA,2013,-1.0,9,1.0
769,2023,0.0,2.0,-2,7.85345,AMETISTA,5.0,8.0,9.3,10.0,3.77,7.8125,8.675,8.2,7.8,,,,ALFA N G2G3,FEMININO,2022,PUBLICA,2013,-2.0,10,1.0
769,2024,1.0,2.0,-1,7.099342857200002,AMETISTA,5.0,6.0,5.9523809525,10.002,7.51,7.916666667,8.33,6.0,6.0,,,,1K,FEMININO,2022,PUBLICA,2013,-1.0,11,
770,2022,0.0,0.0,0,8.143,TOPAZIO,10.0,8.3,8.9,9.5,7.5,,7.333,8.5,8.1,,NAO,NAO,M,MASCULINO,2022,ESCOLA PUBLICA,2015,0.0,7,0.0
770,2023,0.0,0.0,0,6.6785,AGATA,10.0,5.9,8.3,0.0,3.77,6.875,8.92,6.0,5.7,,,,ALFA U G2G3,MASCULINO,2022,PUBLICA,2015,0.0,8,1.0
770,2024,0.0,1.0,-1,7.3057112782,AMETISTA,5.0,5.0,9.022556391,10.002,7.51,7.5,7.5,4.0,6.0,,,,ALFA U G2G3,MASCULINO,2022,PUBLICA,2015,-1.0,9,
771,2022,0.0,0.0,0,7.873,AMETISTA,10.0,7.0,8.3,10.0,7.5,,7.5,7.2,6.9,,NAO,NAO,M,FEMININO,2022,ESCOLA PUBLICA,2015,0.0,7,0.0
771,2023,0.0,0.0,0,7.056,AMETISTA,10.0,8.2,8.8,0.0,3.14,6.25,8.585,8.2,8.2,,,,ALFA U G2G3,FEMININO,2022,PUBLICA,2015,0.0,8,1.0
771,2024,0.0,1.0,-1,6.066009523800001,AGATA,5.0,6.5,6.619047619,8.502,3.135,5.625,6.08,6.5,6.5,,,,ALFA N G2G3,FEMININO,2022,PUBLICA,2015,-1.0,9,
772,2022,0.0,2.0,-2,6.994,AGATA,5.0,9.2,5.4,9.0,7.5,,7.25,9.3,9.2,,NAO,NAO,M,MASCULINO,2021,ESCOLA PUBLICA,2011,-2.0,11,1.0
772,2023,1.0,3.0,-2,5.930166667,QUARTZO,5.0,4.8,7.2,0.0,7.52,6.875,8.003333333,5.2,4.3,,,,1N,MASCULINO,2021,PUBLICA,2011,-2.0,12,
773,2022,0.0,1.0,-1,6.922,AGATA,5.0,8.1,6.8,10.0,5.0,,7.083,9.3,6.8,,NAO,NAO,M,FEMININO,2022,ESCOLA PUBLICA,2013,-1.0,9,1.0
773,2023,0.0,1.0,-1,6.9287,AGATA,5.0,7.9,7.5,10.0,2.52,5.625,7.67,8.0,7.8,,,,ALFA M G0G1,FEMININO,2022,PUBLICA,2013,-1.0,10,1.0
773,2024,0.0,2.0,-2,6.566200000000001,AGATA,5.0,5.0,8.75,10.002,2.51,7.5,6.575,8.0,2.0,,,,ALFA L G2G3,FEMININO,2022,PUBLICA,2013,-2.0,11,
774,2022,0.0,0.0,0,7.587,AMETISTA,10.0,6.1,7.8,10.0,7.5,,7.417,7.8,4.4,,NAO,NAO,M,FEMININO,2022,ESCOLA PUBLICA,2014,0.0,8,1.0
774,2023,0.0,1.0,-1,5.852,QUARTZO,5.0,6.9,9.5,0.0,3.14,5.0,6.34,7.7,6.0,,,,ALFA N G2G3,FEMININO,2022,PUBLICA,2014,-1.0,9,1.0
774,2024,0.0,1.0,-1,5.685771428600001,QUARTZO,5.0,3.75,6.3928571430000005,10.002,2.51,6.25,6.405,2.0,5.5,,,,ALFA N G2G3,FEMININO,2022,PUBLICA,2014,-1.0,10,
775,2022,0.0,2.0,-2,5.79,QUARTZO,5.0,5.7,5.7,7.9,4.4,,6.417,5.5,5.8,,NAO,NAO,N,MASCULINO,2021,ESCOLA PUBLICA,2012,-2.0,10,
776,2022,0.0,1.0,-1,3.898,QUARTZO,5.0,1.7,4.3,0.0,4.4,,6.333,0.0,3.3,,NAO,NAO,N,FEMININO,2022,ESCOLA PUBLICA,2013,-1.0,9,1.0
776,2023,1.0,2.0,-1,5.567916667,QUARTZO,5.0,3.5,7.0,0.0,7.52,7.8125,7.223333333,4.2,2.7,,,,1K,FEMININO,2022,PRIVADA PROGRAMA DE APADRINHAMENTO,2013,-1.0,10,1.0
776,2024,1.0,2.0,-1,5.178509523800001,QUARTZO,5.0,0.0,5.9523809525,7.917,5.63,8.333333333,6.5,0.0,0.0,,,,1K,FEMININO,2022,PUBLICA,2013,-1.0,11,
777,2022,0.0,0.0,0,7.096,AMETISTA,10.0,5.3,7.7,8.0,7.5,,7.0,6.5,4.0,,NAO,NAO,N,MASCULINO,2022,ESCOLA PUBLICA,2014,0.0,8,0.0
777,2023,1.0,1.0,0,7.468125,AMETISTA,10.0,6.3,9.3,0.0,7.52,8.28125,8.84,5.3,7.3,,,,1N,FEMININO,2022,PUBLICA,2014,0.0,9,0.0
777,2024,2.0,2.0,0,7.563515408100001,AMETISTA,10.0,4.5,8.7757437075,8.002,7.51,8.125,7.723333333,3.5,5.5,,,,2N,FEMININO,2022,PUBLICA,2014,0.0,10,
778,2022,0.0,1.0,-1,7.432,AMETISTA,5.0,7.1,6.7,10.0,7.5,,8.833,6.0,8.2,,NAO,SIM,N,FEMININO,2021,ESCOLA PUBLICA,2013,-1.0,9,1.0
778,2023,1.0,2.0,-1,7.926825,AMETISTA,5.0,8.2,7.9,8.5,7.52,8.90625,8.62,7.3,9.0,,,,1K,FEMININO,2021,PUBLICA,2013,-1.0,10,0.0
778,2024,2.0,2.0,0,8.0754139589,TOPAZIO,10.0,7.0,8.1235697945,10.002,7.51,7.5,7.7475,5.0,9.0,,,,2K,FEMININO,2021,PUBLICA,2013,0.0,11,
779,2022,0.0,2.0,-2,5.702,QUARTZO,5.0,2.6,5.0,9.5,7.5,,7.083,2.2,3.0,,NAO,NAO,N,MASCULINO,2022,ESCOLA PUBLICA,2012,-2.0,10,
780,2022,0.0,1.0,-1,6.955,AGATA,5.0,6.9,7.6,8.0,7.5,,7.167,6.3,7.5,,NAO,NAO,N,FEMININO,2022,ESCOLA PUBLICA,2013,-1.0,9,1.0
780,2023,0.0,2.0,-2,7.7842,AMETISTA,5.0,8.3,8.8,9.5,3.14,8.75,8.675,8.0,8.5,,,,ALFA N G2G3,FEMININO,2022,PUBLICA,2013,-2.0,10,1.0
780,2024,1.0,2.0,-1,7.7430333333,AMETISTA,5.0,6.0,10.0,9.502,5.63,8.958333333,8.17,6.0,6.0,,,,1L,FEMININO,2022,PUBLICA,2013,-1.0,11,
781,2022,0.0,1.0,-1,7.786,AMETISTA,5.0,8.3,8.9,10.0,7.5,,7.75,8.0,8.5,,NAO,NAO,N,FEMININO,2021,ESCOLA PUBLICA,2013,-1.0,9,1.0
781,2023,1.0,2.0,-1,8.209283333,TOPAZIO,5.0,7.9,9.8,7.5,7.52,8.4375,9.116666667,7.0,8.8,,,,1N,FEMININO,2021,PUBLICA,2013,-1.0,10,0.0
781,2024,2.0,2.0,0,8.496283333400001,TOPAZIO,10.0,7.25,9.75,8.002,7.51,8.4375,8.506666667,5.0,9.5,,,,2N,FEMININO,2021,PUBLICA,2013,0.0,11,
782,2022,0.0,0.0,0,7.485,AMETISTA,10.0,6.0,8.4,9.5,7.5,,7.0,5.7,6.3,,NAO,NAO,N,MASCULINO,2022,ESCOLA PUBLICA,2014,0.0,8,1.0
782,2023,0.0,1.0,-1,7.6812,AMETISTA,5.0,7.5,9.8,8.5,2.52,7.5,9.345,8.3,6.7,,,,ALFA L G2G3,MASCULINO,2022,PUBLICA,2014,-1.0,9,0.0
782,2024,1.0,1.0,0,8.1896285714,TOPAZIO,10.0,7.75,7.8571428569999995,9.502,7.51,7.5,8.085,7.5,8.0,,,,1L,MASCULINO,2022,PUBLICA,2014,0.0,10,
783,2022,0.0,0.0,0,6.996,AGATA,10.0,6.0,5.8,9.5,7.5,,6.917,4.7,7.3,,NAO,NAO,N,MASCULINO,2021,ESCOLA PUBLICA,2014,0.0,8,1.0
783,2023,0.0,1.0,-1,7.2922,AMETISTA,5.0,8.9,6.8,9.5,3.77,7.5,7.925,9.0,8.7,,,,ALFA N G2G3,MASCULINO,2021,PUBLICA,2014,-1.0,9,
784,2022,0.0,1.0,-1,8.34,TOPAZIO,5.0,8.2,10.0,9.5,7.5,,9.25,7.8,8.5,,NAO,SIM,O,MASCULINO,2022,ESCOLA PUBLICA,2013,-1.0,9,1.0
784,2023,1.0,2.0,-1,8.171366667,TOPAZIO,5.0,7.3,9.5,10.0,7.52,8.125,8.783333333,6.5,8.0,,,,1L,FEMININO,2022,PUBLICA,2013,-1.0,10,0.0
784,2024,2.0,2.0,0,8.8857454545,TOPAZIO,10.0,8.75,9.7727272725,8.002,5.635,9.375,9.4,8.0,9.5,,,,2M,FEMININO,2022,PRIVADA PROGRAMA DE APADRINHAMENTO,2013,0.0,11,
785,2022,0.0,1.0,-1,7.642,AMETISTA,5.0,8.4,8.6,9.0,7.5,,7.667,8.8,8.0,,NAO,NAO,O,FEMININO,2022,ESCOLA PUBLICA,2013,-1.0,9,1.0
785,2023,1.0,2.0,-1,8.137866667,TOPAZIO,5.0,8.8,8.5,9.0,7.52,7.916666667,8.67,8.2,9.4,,,,1L,FEMININO,2022,PUBLICA,2013,-1.0,10,0.0
785,2024,2.0,2.0,0,9.1548666666,TOPAZIO,10.0,9.0,10.0,9.502,7.51,8.75,8.893333333,8.0,10.0,,,,2U,FEMININO,2022,PUBLICA,2013,0.0,11,
786,2022,0.0,2.0,-2,7.004,AGATA,5.0,6.1,9.5,9.0,5.6,,7.167,6.3,5.8,,NAO,NAO,O,MASCULINO,2019,ESCOLA PUBLICA,2011,-2.0,11,
787,2022,0.0,0.0,0,7.205,AMETISTA,10.0,3.4,9.5,8.5,7.5,,7.25,4.2,2.7,,NAO,NAO,O,MASCULINO,2022,ESCOLA PUBLICA,2014,0.0,8,1.0
787,2023,0.0,1.0,-1,7.5227,AMETISTA,5.0,5.9,9.8,9.0,7.52,5.625,8.34,6.0,5.8,,,,ALFA O G2G3,MASCULINO,2022,PUBLICA,2014,-1.0,9,1.0
787,2024,0.0,1.0,-1,7.73495,AMETISTA,5.0,7.25,9.75,9.002,7.51,7.1875,7.325,10.0,4.5,,,,ALFA O G2G3,MASCULINO,2022,PUBLICA,2014,-1.0,10,
788,2022,0.0,0.0,0,8.264,TOPAZIO,10.0,8.0,9.3,10.0,5.6,,8.667,7.8,8.2,,NAO,SIM,O,MASCULINO,2021,REDE DECISAO,2014,0.0,8,0.0
788,2023,1.0,1.0,0,7.806091667,AMETISTA,10.0,6.9,9.8,7.9,2.52,7.65625,8.283333333,6.0,7.8,,,,1K,MASCULINO,2021,PUBLICA,2014,0.0,9,0.0
788,2024,2.0,2.0,0,7.9221068268,AMETISTA,10.0,5.75,9.519450801,8.418,6.26,8.4375,7.783333333,4.0,7.5,,,,2N,MASCULINO,2021,PRIVADA PROGRAMA DE APADRINHAMENTO,2014,0.0,10,
789,2022,0.0,0.0,0,7.405,AMETISTA,10.0,4.2,9.4,9.0,7.5,,7.417,3.7,4.7,,NAO,NAO,O,FEMININO,2022,ESCOLA PUBLICA,2015,0.0,7,0.0
789,2023,0.0,0.0,0,7.974,AMETISTA,10.0,7.9,9.5,0.0,7.52,7.5,10.01,8.5,7.2,,,,ALFA L G2G3,FEMININO,2022,PUBLICA,2015,0.0,8,0.0
789,2024,1.0,1.0,0,8.0443904763,TOPAZIO,10.0,5.25,9.047619048,9.002,7.51,9.166666667,8.085,5.5,5.0,,,,1L,FEMININO,2022,PUBLICA,2015,0.0,9,
790,2022,0.0,2.0,-2,7.504,AMETISTA,5.0,7.8,8.9,9.0,7.5,,7.417,8.5,7.2,,NAO,NAO,O,FEMININO,2022,ESCOLA PUBLICA,2011,-2.0,11,1.0
790,2023,1.0,3.0,-2,6.707666667,AGATA,5.0,7.4,8.1,0.0,7.52,7.083333333,8.286666667,7.2,7.5,,,,1L,MASCULINO,2022,PUBLICA,2011,-2.0,12,1.0
790,2024,2.0,3.0,-1,6.8089355072,AGATA,5.0,6.75,6.811594203,7.502,7.51,7.1875,6.883333333,4.0,9.5,,,,2U,MASCULINO,2022,PUBLICA,2011,-1.0,13,
791,2022,0.0,2.0,-2,7.507,AMETISTA,5.0,6.5,8.7,9.5,7.5,,8.5,6.3,6.7,,NAO,SIM,O,FEMININO,2022,ESCOLA PUBLICA,2011,-2.0,11,1.0
791,2023,1.0,3.0,-2,6.247916667,AGATA,5.0,5.3,8.1,0.0,7.52,7.8125,7.723333333,6.0,4.5,,,,1K,FEMININO,2022,PUBLICA,2011,-2.0,12,
792,2022,0.0,1.0,-1,7.025,AGATA,5.0,6.2,8.0,9.5,7.5,,7.167,6.5,5.8,,NAO,NAO,O,FEMININO,2022,ESCOLA PUBLICA,2013,-1.0,9,1.0
792,2023,0.0,2.0,-2,7.6267,AMETISTA,5.0,7.2,7.7,9.0,7.52,6.875,9.085,6.8,7.5,,,,ALFA L G2G3,FEMININO,2022,PUBLICA,2013,-2.0,10,1.0
792,2024,1.0,2.0,-1,6.036012253,AGATA,5.0,3.25,5.2865612650000005,8.502,7.51,8.125,7.075,6.5,0.0,,,,1N,FEMININO,2022,PUBLICA,2013,-1.0,11,
793,2022,0.0,2.0,-2,6.894,AGATA,5.0,6.0,7.6,9.5,7.5,,7.333,6.0,6.0,,NAO,NAO,O,MASCULINO,2022,ESCOLA PUBLICA,2012,-2.0,10,
794,2022,0.0,0.0,0,7.335,AMETISTA,10.0,4.1,8.9,9.5,7.5,,7.333,3.7,4.5,,NAO,NAO,O,FEMININO,2022,ESCOLA PUBLICA,2014,0.0,8,1.0
794,2023,0.0,1.0,-1,7.9842,AMETISTA,5.0,6.2,9.2,9.0,7.52,7.5,10.01,5.2,7.2,,,,ALFA L G2G3,FEMININO,2022,PUBLICA,2014,-1.0,9,0.0
794,2024,1.0,1.0,0,7.145652380900001,AMETISTA,10.0,3.0,6.9047619045,9.502,7.51,8.125,8.255,6.0,0.0,,,,1K,FEMININO,2022,PUBLICA,2014,0.0,10,
795,2022,0.0,0.0,0,8.064,TOPAZIO,10.0,7.3,9.7,9.0,7.5,,7.333,8.0,6.5,,NAO,NAO,O,FEMININO,2022,ESCOLA PUBLICA,2014,0.0,8,1.0
795,2023,0.0,1.0,-1,8.4642,TOPAZIO,5.0,8.2,9.6,9.0,7.52,7.5,10.01,8.7,7.7,,,,ALFA L G2G3,FEMININO,2022,PUBLICA,2014,-1.0,9,1.0
795,2024,1.0,2.0,-1,8.441414285700002,TOPAZIO,5.0,9.5,9.761904762,9.502,6.26,8.958333333,8.085,10.0,9.0,,,,1L,FEMININO,2022,PUBLICA,2014,-1.0,10,
796,2022,0.0,2.0,-2,7.232,AMETISTA,5.0,5.4,9.3,9.5,7.5,,7.667,5.8,5.0,,NAO,NAO,Q,FEMININO,2022,ESCOLA PUBLICA,2012,-2.0,10,1.0
796,2023,1.0,2.0,-1,7.462866667,AMETISTA,5.0,5.5,9.8,9.0,6.27,7.083333333,8.336666667,5.0,6.0,,,,1P,FEMININO,2022,PUBLICA,2012,-1.0,11,1.0
796,2024,2.0,3.0,-1,7.052457703200001,AMETISTA,5.0,5.25,8.2212885155,8.502,7.51,7.916666667,7.326666667,3.0,7.5,,,,2P,FEMININO,2022,PUBLICA,2012,-1.0,12,
797,2022,0.0,2.0,-2,7.217,AMETISTA,5.0,7.3,8.5,9.0,7.5,,7.5,8.2,6.5,,NAO,NAO,Q,MASCULINO,2021,ESCOLA PUBLICA,2012,-2.0,10,1.0
797,2023,1.0,2.0,-1,7.373033333,AMETISTA,5.0,7.5,8.6,8.5,7.52,6.041666667,7.233333333,7.0,8.0,,,,1P,MASCULINO,2021,PUBLICA,2012,-1.0,11,1.0
797,2024,2.0,3.0,-1,6.597315151500001,AGATA,5.0,7.25,4.840909091,9.168,7.51,6.666666667,6.723333333,8.0,6.5,,,,2P,MASCULINO,2021,PUBLICA,2012,-1.0,12,
798,2022,0.0,2.0,-2,7.049,AMETISTA,5.0,6.3,8.3,8.0,7.5,,7.667,7.0,5.7,,NAO,NAO,Q,MASCULINO,2022,ESCOLA PUBLICA,2012,-2.0,10,1.0
798,2023,1.0,2.0,-1,7.018033333,AMETISTA,5.0,6.1,8.1,9.0,7.52,6.458333333,6.95,4.3,7.8,,,,1R,MASCULINO,2022,PRIVADA PROGRAMA DE APADRINHAMENTO,2012,-1.0,11,1.0
798,2024,2.0,3.0,-1,4.6743653679,QUARTZO,5.0,4.75,3.5064935065,6.834,7.51,5.0,2.943333333,4.0,5.5,,,,2R,MASCULINO,2022,PUBLICA,2012,-1.0,12,
799,2022,0.0,2.0,-2,7.676,AMETISTA,5.0,7.8,9.6,8.0,7.5,,7.917,8.5,7.2,,NAO,NAO,Q,FEMININO,2022,ESCOLA PUBLICA,2012,-2.0,10,1.0
799,2023,1.0,2.0,-1,8.061533333,TOPAZIO,5.0,8.3,9.6,9.5,5.64,8.333333333,8.17,7.8,8.8,,,,1R,FEMININO,2022,PUBLICA,2012,-1.0,11,0.0
799,2024,2.0,2.0,0,7.702648484900001,AMETISTA,10.0,5.25,9.090909091,7.918,7.51,7.916666667,7.5,5.0,5.5,,,,2R,FEMININO,2022,PUBLICA,2012,0.0,12,
800,2022,0.0,0.0,0,6.818,AGATA,10.0,6.1,5.4,8.0,7.5,,7.5,6.3,5.8,,NAO,NAO,Q,MASCULINO,2022,ESCOLA PUBLICA,2014,0.0,8,
801,2022,0.0,1.0,-1,6.644,AGATA,5.0,6.8,6.6,7.0,7.5,,7.5,7.2,6.3,,NAO,NAO,Q,MASCULINO,2022,ESCOLA PUBLICA,2013,-1.0,9,0.0
801,2023,1.0,1.0,0,6.8735,AGATA,10.0,7.6,7.5,0.0,7.52,6.875,7.12,6.8,8.3,,,,1R,MASCULINO,2022,PUBLICA,2013,0.0,10,1.0
801,2024,1.0,2.0,-1,6.6752,AGATA,5.0,8.0,5.75,9.002,7.51,6.25,5.745,7.0,9.0,,,,1R,MASCULINO,2022,PUBLICA,2013,-1.0,11,
802,2022,0.0,1.0,-1,7.831,AMETISTA,5.0,8.3,9.0,9.0,7.5,,8.333,9.0,7.5,,NAO,NAO,Q,MASCULINO,2021,ESCOLA PUBLICA,2013,-1.0,9,1.0
802,2023,1.0,2.0,-1,8.126866667,TOPAZIO,5.0,9.4,9.3,8.0,7.52,8.333333333,7.506666667,9.3,9.5,,,,1R,MASCULINO,2021,PUBLICA,2013,-1.0,10,0.0
802,2024,2.0,2.0,0,7.8317974024999994,AMETISTA,10.0,8.75,7.012987013,7.502,7.51,8.333333333,6.723333333,9.0,8.5,,,,2R,MASCULINO,2021,PUBLICA,2013,0.0,11,
803,2022,0.0,2.0,-2,6.98,AGATA,5.0,6.3,7.2,10.0,7.5,,7.417,6.5,6.0,,NAO,NAO,Q,FEMININO,2022,ESCOLA PUBLICA,2012,-2.0,10,
804,2022,0.0,2.0,-2,6.848,AGATA,5.0,4.8,8.4,10.0,6.3,,7.667,5.5,4.0,,NAO,NAO,Q,MASCULINO,2022,ESCOLA PUBLICA,2012,-2.0,10,1.0
804,2023,1.0,2.0,-1,7.2352,AMETISTA,5.0,6.9,8.6,10.0,6.27,5.833333333,7.173333333,6.2,7.5,,,,1R,MASCULINO,2022,PUBLICA,2012,-1.0,11,
805,2022,0.0,0.0,0,8.279,TOPAZIO,10.0,8.8,9.0,9.5,7.5,,7.333,8.7,8.9,,NAO,NAO,R,MASCULINO,2021,ESCOLA PUBLICA,2014,0.0,8,1.0
805,2023,0.0,1.0,-1,6.492,AGATA,5.0,6.8,9.1,0.0,7.52,6.25,7.175,6.8,6.8,,,,ALFA Q G2G3,MASCULINO,2021,PUBLICA,2014,-1.0,9,1.0
805,2024,1.0,2.0,-1,6.9375869048,AGATA,5.0,6.0,9.523809524,8.502,4.38,7.03125,6.7075,7.0,5.0,,,,1R,MASCULINO,2021,PUBLICA,2014,-1.0,10,
806,2022,0.0,0.0,0,7.561,AMETISTA,10.0,6.6,7.3,9.5,7.5,,7.917,5.0,8.2,,NAO,NAO,R,MASCULINO,2022,ESCOLA PUBLICA,2014,0.0,8,1.0
806,2023,0.0,1.0,-1,7.2937,AMETISTA,5.0,7.8,8.3,8.5,6.27,6.875,7.095,7.8,7.7,,,,ALFA Q G2G3,MASCULINO,2022,PUBLICA,2014,-1.0,9,1.0
806,2024,1.0,2.0,-1,6.972777380900001,AGATA,5.0,6.75,6.9047619045,8.502,7.51,7.65625,6.875,6.5,7.0,,,,1R,MASCULINO,2022,PUBLICA,2014,-1.0,10,
807,2022,0.0,0.0,0,8.121,TOPAZIO,10.0,9.0,8.7,9.5,6.3,,7.5,9.5,8.6,,NAO,NAO,R,MASCULINO,2022,ESCOLA PUBLICA,2014,0.0,8,1.0
807,2023,0.0,1.0,-1,7.8632,AMETISTA,5.0,8.0,9.1,9.5,7.52,6.25,8.08,8.3,7.7,,,,ALFA Q G2G3,MASCULINO,2022,PUBLICA,2014,-1.0,9,0.0
807,2024,1.0,1.0,0,7.797628571400001,AMETISTA,10.0,7.0,7.8571428569999995,9.002,7.51,7.5,7.125,6.0,8.0,,,,1R,MASCULINO,2022,PUBLICA,2014,0.0,10,
808,2022,0.0,0.0,0,8.361,TOPAZIO,10.0,9.3,9.1,10.0,6.3,,8.0,9.7,8.8,,NAO,NAO,R,MASCULINO,2022,ESCOLA PUBLICA,2014,0.0,8,1.0
808,2023,0.0,1.0,-1,8.1932,TOPAZIO,5.0,8.7,10.0,10.0,2.52,7.5,9.755,8.7,8.7,,,,ALFA S G2G3,MASCULINO,2022,PUBLICA,2014,-1.0,9,0.0
808,2024,1.0,1.0,0,8.7897,TOPAZIO,10.0,8.75,10.0,9.002,7.51,8.125,7.88,7.5,10.0,,,,1R,MASCULINO,2022,PUBLICA,2014,0.0,10,
809,2022,0.0,0.0,0,7.259,AMETISTA,10.0,6.3,6.6,10.0,6.3,,7.417,5.5,7.1,,NAO,NAO,R,MASCULINO,2022,ESCOLA PUBLICA,2015,0.0,7,
810,2022,0.0,0.0,0,7.887,AMETISTA,10.0,9.6,9.1,8.5,5.0,,7.25,9.7,9.5,,NAO,NAO,R,MASCULINO,2021,ESCOLA PUBLICA,2014,0.0,8,0.0
810,2023,1.0,1.0,0,7.782866667,AMETISTA,10.0,6.9,8.5,8.0,7.52,5.833333333,7.836666667,6.3,7.5,,,,1P,MASCULINO,2021,PUBLICA,2014,0.0,9,1.0
810,2024,1.0,2.0,-1,7.704770175400001,AMETISTA,5.0,9.0,9.4736842105,7.502,5.635,6.458333333,7.7525,8.0,10.0,,,,1P,MASCULINO,2021,PUBLICA,2014,-1.0,10,
811,2022,0.0,1.0,-1,6.575,AGATA,5.0,7.3,5.7,8.9,5.6,,7.667,8.9,5.7,,NAO,NAO,R,FEMININO,2021,ESCOLA PUBLICA,2013,-1.0,9,
812,2022,0.0,0.0,0,7.497,AMETISTA,10.0,7.4,8.1,9.0,5.6,,7.333,8.3,6.6,,NAO,NAO,R,MASCULINO,2022,ESCOLA PUBLICA,2014,0.0,8,0.0
812,2023,0.0,0.0,0,8.0357,TOPAZIO,10.0,5.8,9.1,9.5,7.52,6.875,8.33,6.3,5.3,,,,ALFA Q G2G3,MASCULINO,2022,PUBLICA,2014,0.0,9,
813,2022,0.0,0.0,0,7.093,AMETISTA,10.0,6.0,6.5,9.5,6.9,,7.417,6.7,5.3,,NAO,NAO,S,MASCULINO,2022,ESCOLA PUBLICA,2014,0.0,8,0.0
813,2023,1.0,1.0,0,7.5867,AMETISTA,10.0,3.9,8.4,9.5,7.52,8.125,8.06,2.3,5.5,,,,1R,MASCULINO,2022,PUBLICA,2014,0.0,9,
814,2022,0.0,1.0,-1,7.592,AMETISTA,5.0,7.5,9.0,8.9,6.9,,8.417,7.8,7.2,,NAO,SIM,S,MASCULINO,2022,ESCOLA PUBLICA,2013,-1.0,9,1.0
814,2023,1.0,2.0,-1,8.367866667,TOPAZIO,5.0,8.2,9.6,9.5,6.89,8.333333333,9.226666667,7.8,8.5,,,,1P,MASCULINO,2022,PUBLICA,2013,-1.0,10,0.0
814,2024,2.0,2.0,0,7.971648484800001,AMETISTA,10.0,7.5,9.090909091,7.418,7.51,7.5,7.053333333,8.0,7.0,,,,2P,MASCULINO,2022,PUBLICA,2013,0.0,11,
815,2022,0.0,1.0,-1,6.81,AGATA,5.0,6.5,7.9,10.0,5.6,,7.0,7.7,5.3,,NAO,NAO,S,MASCULINO,2022,ESCOLA PUBLICA,2013,-1.0,9,1.0
815,2023,1.0,2.0,-1,6.122166667,AGATA,5.0,6.5,8.6,0.0,5.02,6.875,7.063333333,7.0,6.0,,,,1R,MASCULINO,2022,PUBLICA,2013,-1.0,10,
816,2022,0.0,1.0,-1,8.513,TOPAZIO,5.0,9.6,9.3,10.0,7.5,,9.417,9.5,9.7,,SIM,SIM,S,FEMININO,2022,ESCOLA PUBLICA,2013,-1.0,9,1.0
816,2023,1.0,2.0,-1,8.5572,TOPAZIO,5.0,8.9,9.8,7.5,7.52,9.583333333,9.283333333,7.8,10.0,,,,1P,FEMININO,2022,PUBLICA,2013,-1.0,10,0.0
816,2024,2.0,2.0,0,8.929745454599999,TOPAZIO,10.0,9.25,9.7727272725,7.002,7.51,9.166666667,8.786666667,8.5,10.0,,,,2P,FEMININO,2022,PRIVADA PROGRAMA DE APADRINHAMENTO,2013,0.0,11,
817,2022,0.0,0.0,0,7.819,AMETISTA,10.0,7.1,8.7,10.0,6.3,,7.417,7.7,6.5,,NAO,NAO,S,FEMININO,2022,ESCOLA PUBLICA,2014,0.0,8,0.0
817,2023,1.0,1.0,0,7.8597,AMETISTA,10.0,5.4,8.8,9.5,6.89,8.125,7.89,5.0,5.7,,,,1R,FEMININO,2022,PUBLICA,2014,0.0,9,
818,2022,0.0,0.0,0,7.483,AMETISTA,10.0,6.2,7.3,9.5,7.5,,7.5,6.5,5.8,,NAO,NAO,S,MASCULINO,2022,ESCOLA PUBLICA,2015,0.0,7,0.0
818,2023,1.0,0.0,1,7.997366667,AMETISTA,10.0,6.2,8.4,10.0,7.52,8.125,7.613333333,5.5,6.8,,,,1R,MASCULINO,2022,PUBLICA,2015,1.0,8,
819,2022,0.0,0.0,0,7.741,AMETISTA,10.0,7.3,7.9,10.0,7.5,,7.333,8.0,6.5,,NAO,NAO,S,MASCULINO,2022,ESCOLA PUBLICA,2014,0.0,8,0.0
819,2023,1.0,1.0,0,7.944833333,AMETISTA,10.0,9.5,8.3,0.0,7.52,8.541666667,8.893333333,9.7,9.3,,,,1P,MASCULINO,2022,PUBLICA,2014,0.0,9,0.0
819,2024,2.0,1.0,1,8.652552484400001,TOPAZIO,10.0,9.0,7.784679089,10.002,7.51,8.4375,8.503333333,8.0,10.0,,,,2U,MASCULINO,2022,PUBLICA,2014,1.0,10,
820,2022,0.0,1.0,-1,7.417,AMETISTA,5.0,6.0,10.0,9.5,6.9,,7.583,7.7,4.3,,NAO,NAO,T,MASCULINO,2022,ESCOLA PUBLICA,2013,-1.0,9,1.0
820,2023,1.0,2.0,-1,7.85605,AMETISTA,5.0,8.9,7.4,7.9,7.52,9.0625,8.28,9.2,8.5,,,,1F,MASCULINO,2022,PUBLICA,2013,-1.0,10,0.0
820,2024,2.0,2.0,0,7.426572549100001,AMETISTA,10.0,6.25,6.573529412,10.002,7.51,8.333333333,6.386666667,6.0,6.5,,,,2I,MASCULINO,2022,PUBLICA,2013,0.0,11,
821,2022,0.0,2.0,-2,6.342,AGATA,5.0,4.6,7.0,9.0,7.5,,6.917,5.2,4.0,,NAO,NAO,T,MASCULINO,2022,ESCOLA PUBLICA,2012,-2.0,10,
821,2024,2.0,2.0,0,6.643866666600001,AGATA,10.0,4.25,5.9166666665,8.502,7.51,6.666666667,6.713333333,4.5,4.0,,,,2A,MASCULINO,2022,PUBLICA,2012,0.0,12,
822,2022,0.0,2.0,-2,6.922,AGATA,5.0,6.1,8.4,8.0,7.5,,7.083,6.5,5.7,,NAO,NAO,T,MASCULINO,2022,ESCOLA PUBLICA,2012,-2.0,10,1.0
822,2023,0.0,2.0,-2,6.4497,AGATA,5.0,7.1,8.4,8.5,2.52,5.625,5.925,8.0,6.2,,,,ALFA I G2G3,MASCULINO,2022,PUBLICA,2012,-2.0,11,1.0
822,2024,1.0,3.0,-2,5.2645678524,QUARTZO,5.0,6.75,4.6245059285,0.0,5.01,6.666666667,6.61,7.5,6.0,,,,1H,MASCULINO,2022,PUBLICA,2012,-2.0,12,
823,2022,0.0,2.0,-2,5.989,QUARTZO,5.0,2.8,6.0,10.0,7.5,,7.167,4.0,1.7,,NAO,NAO,T,FEMININO,2021,ESCOLA PUBLICA,2012,-2.0,10,
824,2022,0.0,0.0,0,6.799,AGATA,10.0,6.0,4.4,10.0,6.9,,7.333,7.0,5.0,,NAO,NAO,T,MASCULINO,2022,ESCOLA PUBLICA,2014,0.0,8,
825,2022,0.0,1.0,-1,7.25,AMETISTA,5.0,7.6,8.2,7.5,6.9,,7.917,8.3,6.8,,NAO,NAO,T,FEMININO,2021,ESCOLA PUBLICA,2013,-1.0,9,
826,2022,0.0,0.0,0,7.776,AMETISTA,10.0,5.4,9.6,9.5,7.5,,7.5,4.3,6.5,,NAO,NAO,U,MASCULINO,2022,ESCOLA PUBLICA,2014,0.0,8,1.0
826,2023,0.0,1.0,-1,7.77645,AMETISTA,5.0,7.3,10.0,10.0,3.77,7.8125,8.34,7.0,7.5,,,,ALFA N G2G3,MASCULINO,2022,PUBLICA,2014,-1.0,9,1.0
826,2024,1.0,2.0,-1,7.9442,AMETISTA,5.0,6.75,10.0,10.002,6.26,7.5,8.59,5.5,8.0,,,,1L,MASCULINO,2022,PUBLICA,2014,-1.0,10,
827,2022,0.0,2.0,-2,7.412,AMETISTA,5.0,7.6,7.0,9.5,7.5,,8.667,7.7,7.5,,NAO,SIM,U,FEMININO,2022,ESCOLA PUBLICA,2012,-2.0,10,1.0
827,2023,1.0,2.0,-1,7.419925,AMETISTA,5.0,8.1,8.1,7.9,3.14,8.28125,8.73,7.7,8.5,,,,1M,FEMININO,2022,PUBLICA,2012,-1.0,11,0.0
827,2024,2.0,2.0,0,8.2483467391,TOPAZIO,10.0,7.25,9.782608695499999,10.002,5.01,7.65625,7.875,6.0,8.5,,,,2K,FEMININO,2022,PUBLICA,2012,0.0,12,
828,2022,0.0,1.0,-1,7.139,AMETISTA,5.0,6.9,7.1,9.5,7.5,,7.833,7.3,6.5,,NAO,NAO,U,FEMININO,2022,ESCOLA PUBLICA,2013,-1.0,9,
829,2022,0.0,0.0,0,8.003,AMETISTA,10.0,7.8,8.6,9.0,7.5,,7.5,8.2,7.5,,NAO,NAO,U,FEMININO,2022,ESCOLA PUBLICA,2014,0.0,8,0.0
829,2023,1.0,1.0,0,8.532075,TOPAZIO,10.0,8.4,9.4,9.0,3.14,9.21875,9.23,7.5,9.2,,,,1M,FEMININO,2022,PUBLICA,2014,0.0,9,0.0
829,2024,2.0,1.0,1,9.171825000000002,TOPAZIO,10.0,8.0,9.75,9.502,9.38,8.90625,9.215,6.0,10.0,,,,2K,FEMININO,2022,PRIVADA PROGRAMA DE APADRINHAMENTO,2014,1.0,10,
830,2022,0.0,1.0,-1,7.234,AMETISTA,5.0,6.0,8.6,10.0,7.5,,7.5,5.8,6.2,,NAO,NAO,U,FEMININO,2022,ESCOLA PUBLICA,2013,-1.0,9,1.0
830,2023,0.0,1.0,-1,6.78,AGATA,5.0,8.3,8.9,0.0,3.14,6.25,9.505,8.3,8.3,,,,ALFA U G2G3,FEMININO,2022,PUBLICA,2013,-1.0,10,1.0
830,2024,1.0,2.0,-1,7.1373428571,AMETISTA,5.0,6.75,7.619047619,9.002,5.63,8.333333333,7.335,6.5,7.0,,,,1L,FEMININO,2022,PUBLICA,2013,-1.0,11,
831,2022,0.0,1.0,-1,7.41,AMETISTA,5.0,7.2,9.2,9.5,7.5,,7.167,7.3,7.0,,NAO,NAO,U,MASCULINO,2022,ESCOLA PUBLICA,2013,-1.0,9,1.0
831,2023,0.0,1.0,-1,7.71645,AMETISTA,5.0,8.3,9.4,8.0,3.77,7.8125,8.59,8.8,7.8,,,,ALFA N G2G3,MASCULINO,2022,PUBLICA,2013,-1.0,10,1.0
831,2024,1.0,2.0,-1,8.0066285715,TOPAZIO,5.0,7.75,9.523809524,10.002,6.26,7.916666667,8.17,6.5,9.0,,,,1K,MASCULINO,2022,PUBLICA,2013,-1.0,11,
832,2022,0.0,1.0,-1,8.179,TOPAZIO,5.0,8.8,9.2,10.0,7.5,,8.833,8.8,8.8,,NAO,SIM,U,MASCULINO,2022,ESCOLA PUBLICA,2013,-1.0,9,1.0
832,2023,1.0,2.0,-1,8.2697,TOPAZIO,5.0,8.5,9.5,10.0,7.52,7.708333333,8.283333333,9.2,7.7,,,,1L,MASCULINO,2022,PUBLICA,2013,-1.0,10,0.0
832,2024,2.0,2.0,0,8.2403304348,TOPAZIO,10.0,8.0,8.695652174,9.002,7.51,7.5,7.5,7.0,9.0,,,,2U,MASCULINO,2022,PUBLICA,2013,0.0,11,
833,2022,0.0,1.0,-1,7.791,AMETISTA,5.0,7.8,9.5,10.0,7.5,,7.583,8.2,7.5,,NAO,NAO,U,MASCULINO,2022,ESCOLA PUBLICA,2013,-1.0,9,1.0
833,2023,1.0,2.0,-1,7.81295,AMETISTA,5.0,7.4,9.5,10.0,3.77,8.4375,8.56,7.3,7.5,,,,1M,MASCULINO,2022,PUBLICA,2013,-1.0,10,0.0
833,2024,2.0,2.0,0,8.5184577641,TOPAZIO,10.0,8.0,9.3271221535,9.002,7.51,8.125,7.946666667,9.0,7.0,,,,2U,MASCULINO,2022,PUBLICA,2013,0.0,11,
834,2022,0.0,1.0,-1,8.136,TOPAZIO,5.0,9.0,9.0,9.0,7.5,,9.083,9.2,8.8,,NAO,SIM,U,MASCULINO,2022,ESCOLA PUBLICA,2013,-1.0,9,1.0
834,2023,1.0,2.0,-1,8.662616667,TOPAZIO,5.0,9.2,9.9,9.0,6.27,9.6875,9.283333333,9.0,9.3,,,,1N,MASCULINO,2022,PUBLICA,2013,-1.0,10,0.0
834,2024,2.0,2.0,0,8.513646169700001,TOPAZIO,10.0,8.75,9.109730849,8.002,6.26,7.708333333,8.723333333,9.0,8.5,,,,2L,MASCULINO,2022,PUBLICA,2013,0.0,11,
835,2022,0.0,0.0,0,7.263,AMETISTA,10.0,7.5,7.3,6.9,7.5,,6.667,7.6,7.3,,NAO,NAO,V,MASCULINO,2022,ESCOLA PUBLICA,2014,0.0,8,0.0
835,2023,0.0,0.0,0,8.2467,TOPAZIO,10.0,8.7,8.5,8.0,7.52,6.875,7.835,8.5,8.9,,,,ALFA V G0G1,MASCULINO,2022,PUBLICA,2014,0.0,9,
836,2022,0.0,1.0,-1,7.665,AMETISTA,5.0,9.2,8.3,8.5,7.5,,7.583,9.0,9.3,,NAO,NAO,V,MASCULINO,2022,ESCOLA PUBLICA,2013,-1.0,9,1.0
836,2023,0.0,2.0,-2,7.6417,AMETISTA,5.0,6.7,9.6,9.5,6.27,6.875,8.085,6.7,6.7,,,,ALFA G G2G3,MASCULINO,2022,PUBLICA,2013,-2.0,10,1.0
836,2024,1.0,2.0,-1,6.0234537878,AGATA,5.0,2.75,6.439393939,9.502,7.51,7.34375,6.25,5.5,0.0,,,,1J,MASCULINO,2022,PUBLICA,2013,-1.0,11,
837,2022,0.0,0.0,0,8.207,TOPAZIO,10.0,8.8,9.0,8.5,7.5,,7.5,9.2,8.3,,NAO,NAO,V,MASCULINO,2022,ESCOLA PUBLICA,2014,0.0,8,0.0
837,2023,1.0,1.0,0,8.2712,TOPAZIO,10.0,7.0,9.3,9.0,7.52,7.916666667,7.836666667,6.3,7.7,,,,1G,MASCULINO,2022,PUBLICA,2014,0.0,9,0.0
837,2024,2.0,2.0,0,7.9648467391,AMETISTA,10.0,6.75,9.782608695499999,7.502,6.885,7.03125,7.5825,6.0,7.5,,,,2G,MASCULINO,2022,PUBLICA,2014,0.0,10,
838,2022,0.0,1.0,-1,7.461,AMETISTA,5.0,6.3,7.4,10.0,7.5,,9.417,6.6,5.9,,SIM,SIM,V,MASCULINO,2022,ESCOLA PUBLICA,2013,-1.0,9,
839,2022,0.0,1.0,-1,5.198,QUARTZO,5.0,5.4,5.1,0.0,7.5,,6.583,5.8,5.0,,NAO,NAO,V,FEMININO,2022,ESCOLA PUBLICA,2013,-1.0,9,
840,2022,0.0,0.0,0,7.875,AMETISTA,10.0,7.8,8.2,9.0,7.5,,7.5,9.6,5.9,,NAO,NAO,V,MASCULINO,2022,ESCOLA PUBLICA,2014,0.0,8,1.0
840,2023,0.0,1.0,-1,7.7862,AMETISTA,5.0,8.2,9.0,9.5,4.38,7.5,8.59,8.3,8.0,,,,ALFA G G2G3,MASCULINO,2022,PUBLICA,2014,-1.0,9,0.0
840,2024,1.0,1.0,0,8.5912909091,TOPAZIO,10.0,8.0,9.337121212,9.502,7.51,8.333333333,7.946666667,7.0,9.0,,,,1G,MASCULINO,2022,PUBLICA,2014,0.0,10,
841,2022,0.0,2.0,-2,7.3,AMETISTA,5.0,7.2,8.5,8.5,7.5,,7.5,8.6,5.8,,NAO,NAO,V,MASCULINO,2022,ESCOLA PUBLICA,2011,-2.0,11,1.0
841,2023,0.0,2.0,-2,6.78,AGATA,5.0,6.9,7.2,0.0,7.52,7.5,9.84,6.7,7.0,,,,ALFA G G2G3,MASCULINO,2022,PUBLICA,2011,-2.0,12,1.0
841,2024,2.0,3.0,-1,6.035771224300001,AGATA,5.0,3.25,6.3272311215000006,10.002,7.51,7.03125,5.83,4.0,2.5,,,,2H,MASCULINO,2022,PUBLICA,2011,-1.0,13,
842,2022,0.0,0.0,0,7.952,AMETISTA,10.0,9.1,8.3,7.5,7.5,,8.25,9.1,9.1,,NAO,NAO,Y,FEMININO,2022,ESCOLA PUBLICA,2014,0.0,8,1.0
842,2023,0.0,1.0,-1,7.2117,AMETISTA,5.0,7.9,8.5,9.0,3.77,5.625,8.01,8.2,7.5,,,,ALFA E G2G3,FEMININO,2022,PUBLICA,2014,-1.0,9,1.0
842,2024,1.0,2.0,-1,7.072914756400001,AMETISTA,5.0,7.5,7.549407115,8.502,6.26,6.875,6.996666667,6.0,9.0,,,,1G,FEMININO,2022,PUBLICA,2014,-1.0,10,
843,2022,0.0,0.0,0,8.538,TOPAZIO,10.0,9.2,9.0,8.5,7.5,,8.417,9.8,8.5,,SIM,SIM,Y,FEMININO,2022,ESCOLA PUBLICA,2014,0.0,8,
844,2022,0.0,0.0,0,6.253,AGATA,10.0,5.9,5.0,0.0,8.1,,8.333,6.0,5.8,,SIM,NAO,Y,MASCULINO,2022,ESCOLA PUBLICA,2014,0.0,8,
845,2022,0.0,0.0,0,8.491,TOPAZIO,10.0,8.7,8.8,10.0,7.5,,8.417,9.1,8.3,,NAO,SIM,Y,FEMININO,2022,ESCOLA PUBLICA,2014,0.0,8,
846,2022,0.0,0.0,0,7.412,AMETISTA,10.0,5.9,7.2,9.0,7.5,,7.917,7.7,4.0,,NAO,NAO,Y,FEMININO,2022,ESCOLA PUBLICA,2015,0.0,7,0.0
846,2023,0.0,0.0,0,7.4637,AMETISTA,10.0,6.0,8.2,9.5,3.77,5.625,8.67,6.3,5.7,,,,ALFA E G2G3,FEMININO,2022,PUBLICA,2015,0.0,8,
847,2022,0.0,1.0,-1,6.839,AGATA,5.0,7.7,8.2,7.9,4.4,,7.417,7.8,7.6,,NAO,NAO,Y,MASCULINO,2022,ESCOLA PUBLICA,2013,-1.0,9,1.0
847,2023,0.0,2.0,-2,6.5418,AGATA,5.0,7.6,9.1,7.9,2.52,5.0,5.84,7.5,7.6,,,,ALFA E G2G3,MASCULINO,2022,PUBLICA,2013,-2.0,10,1.0
847,2024,1.0,2.0,-1,5.009290909100001,QUARTZO,5.0,1.0,4.5454545455,9.002,5.01,7.5,6.245,0.0,2.0,,,,1D,MASCULINO,2022,PUBLICA,2013,-1.0,11,
848,2022,0.0,1.0,-1,7.488,AMETISTA,5.0,9.0,7.0,9.5,7.5,,7.833,9.8,8.1,,NAO,NAO,Y,MASCULINO,2022,ESCOLA PUBLICA,2013,-1.0,9,
849,2022,0.0,1.0,-1,7.369,AMETISTA,5.0,9.1,8.3,8.5,7.5,,7.417,9.8,8.3,,NAO,NAO,Y,MASCULINO,2022,ESCOLA PUBLICA,2013,-1.0,9,
850,2022,0.0,0.0,0,7.641,AMETISTA,10.0,8.5,7.3,10.0,7.5,,7.167,8.1,8.8,,NAO,NAO,Y,MASCULINO,2022,ESCOLA PUBLICA,2014,0.0,8,1.0
850,2023,0.0,1.0,-1,6.06525,AGATA,5.0,7.3,7.9,0.0,6.26,6.5625,6.265,6.8,7.7,,,,ALFA D G2G3,MASCULINO,2022,PUBLICA,2014,-1.0,9,1.0
850,2024,1.0,2.0,-1,7.864245454500001,AMETISTA,5.0,7.75,9.2727272725,10.002,6.255,7.5,7.92,6.0,9.5,,,,1C,MASCULINO,2022,PUBLICA,2014,-1.0,10,
851,2022,0.0,0.0,0,7.515,AMETISTA,10.0,8.3,7.9,9.0,7.5,,6.583,7.9,8.7,,NAO,NAO,Y,MASCULINO,2022,ESCOLA PUBLICA,2014,0.0,8,1.0
851,2023,0.0,1.0,-1,6.1683,AGATA,5.0,6.6,7.5,8.4,2.52,5.625,6.01,6.8,6.3,,,,ALFA E G2G3,MASCULINO,2022,PUBLICA,2014,-1.0,9,1.0
851,2024,1.0,2.0,-1,6.2114602109,AGATA,5.0,6.0,7.3221343875,9.002,5.63,5.625,5.106666667,5.0,7.0,,,,1B,MASCULINO,2022,PUBLICA,2014,-1.0,10,
852,2022,0.0,0.0,0,5.666,QUARTZO,10.0,2.1,6.8,9.0,5.0,,5.5,2.5,1.8,,NAO,NAO,Z,FEMININO,2022,ESCOLA PUBLICA,2015,0.0,7,
853,2022,0.0,0.0,0,8.616,TOPAZIO,10.0,8.5,9.6,10.0,7.5,,8.5,8.8,8.2,,NAO,SIM,Z,FEMININO,2022,ESCOLA PUBLICA,2014,0.0,8,1.0
853,2023,0.0,1.0,-1,7.8402,AMETISTA,5.0,7.4,9.5,10.0,3.77,6.25,9.84,7.2,7.5,,,,ALFA J G2G3,FEMININO,2022,PUBLICA,2014,-1.0,9,0.0
853,2024,1.0,1.0,0,7.986866666600001,AMETISTA,10.0,6.25,9.5833333335,8.502,6.26,8.333333333,7.553333333,6.5,6.0,,,,1G,FEMININO,2022,PUBLICA,2014,0.0,10,
854,2022,0.0,0.0,0,8.098,TOPAZIO,10.0,9.3,9.0,8.0,7.5,,7.167,9.5,9.0,,NAO,NAO,Z,FEMININO,2022,ESCOLA PUBLICA,2014,0.0,8,0.0
854,2023,0.0,0.0,0,6.6415,AGATA,10.0,6.0,9.5,0.0,3.77,5.625,8.01,7.5,4.5,,,,ALFA J G2G3,FEMININO,2022,PUBLICA,2014,0.0,9,0.0
854,2024,1.0,1.0,0,7.826199999900001,AMETISTA,10.0,7.0,10.0,9.502,6.26,5.833333333,6.333333333,7.0,7.0,,,,1G,FEMININO,2022,PUBLICA,2014,0.0,10,
855,2022,0.0,1.0,-1,8.453,TOPAZIO,5.0,9.7,9.6,10.0,7.5,,9.0,9.7,9.6,,NAO,SIM,Z,FEMININO,2022,ESCOLA PUBLICA,2013,-1.0,9,0.0
855,2023,1.0,1.0,0,8.62995,TOPAZIO,10.0,6.8,10.0,9.5,7.52,8.4375,8.67,5.2,8.3,,,,1F,FEMININO,2022,PUBLICA,2013,0.0,10,0.0
855,2024,2.0,2.0,0,8.578533333400001,TOPAZIO,10.0,8.5,10.0,9.002,7.51,7.5,7.386666667,9.0,8.0,,,,2I,FEMININO,2022,PUBLICA,2013,0.0,11,
856,2022,0.0,0.0,0,8.398,TOPAZIO,10.0,8.4,9.1,10.0,7.5,,8.0,8.5,8.2,,NAO,NAO,Z,MASCULINO,2022,ESCOLA PUBLICA,2015,0.0,7,0.0
856,2023,0.0,0.0,0,7.3355,AMETISTA,10.0,7.3,9.6,0.0,7.52,5.625,8.255,7.5,7.0,,,,ALFA J G2G3,MASCULINO,2022,PUBLICA,2015,0.0,8,
857,2022,0.0,1.0,-1,8.154,TOPAZIO,5.0,9.5,8.9,8.5,7.5,,9.083,9.6,9.3,,NAO,SIM,Z,FEMININO,2022,ESCOLA PUBLICA,2013,-1.0,9,1.0
857,2023,0.0,1.0,-1,8.1442,TOPAZIO,5.0,8.5,9.0,8.5,7.52,7.5,9.01,8.7,8.2,,,,ALFA D G2G3,FEMININO,2022,PUBLICA,2013,-1.0,10,
858,2022,0.0,0.0,0,7.523,AMETISTA,10.0,7.7,7.1,10.0,5.6,,7.333,8.4,6.9,,NAO,NAO,Z,MASCULINO,2022,ESCOLA PUBLICA,2015,0.0,7,0.0
858,2023,0.0,0.0,0,7.248833333,AMETISTA,10.0,9.3,8.1,0.0,3.77,8.125,7.946666667,9.3,9.2,,,,ALFA F G0G1,MASCULINO,2022,PUBLICA,2015,0.0,8,1.0
858,2024,0.0,1.0,-1,6.917866666700001,AGATA,5.0,8.25,6.833333333500001,9.002,2.51,7.5,7.5,10.0,6.5,,,,ALFA J G2G3,MASCULINO,2022,PUBLICA,2015,-1.0,9,
859,2022,0.0,0.0,0,8.325,TOPAZIO,10.0,8.9,8.7,8.5,7.5,,8.25,9.4,8.4,,NAO,NAO,Z,FEMININO,2022,ESCOLA PUBLICA,2015,0.0,7,0.0
859,2023,0.0,0.0,0,8.6042,TOPAZIO,10.0,7.3,9.2,8.0,7.52,7.5,10.01,6.8,7.8,,,,ALFA J G2G3,FEMININO,2022,PUBLICA,2015,0.0,8,0.0
859,2024,1.0,1.0,0,8.5817909091,TOPAZIO,10.0,8.0,9.337121212,8.002,7.51,8.958333333,8.336666667,8.0,8.0,,,,1G,FEMININO,2022,PUBLICA,2015,0.0,9,
860,2022,0.0,0.0,0,8.136,TOPAZIO,10.0,8.1,8.5,9.5,7.5,,7.75,8.9,7.2,,NAO,NAO,Z,MASCULINO,2022,ESCOLA PUBLICA,2015,0.0,7,0.0
860,2023,0.0,0.0,0,8.2372,TOPAZIO,10.0,7.4,9.8,7.0,6.89,7.5,8.34,7.2,7.5,,,,ALFA G G2G3,MASCULINO,2022,PUBLICA,2015,0.0,8,0.0
860,2024,1.0,1.0,0,8.7738666667,TOPAZIO,10.0,8.5,9.7916666665,9.002,7.51,8.75,7.946666667,8.0,9.0,,,,1G,MASCULINO,2022,PUBLICA,2015,0.0,9,
861,2023,0.0,0.0,0,9.31095,TOPAZIO,10.0,9.6,10.0,9.5,8.13,8.4375,8.92,9.8,9.4,,,,ALFA A G0G1,FEMININO,2023,PUBLICA,2015,0.0,8,1.0
861,2024,0.0,1.0,-1,8.959700000000002,TOPAZIO,5.0,10.0,10.0,9.502,7.51,8.125,9.73,10.0,10.0,,,,ALFA B G2G3,FEMININO,2023,PUBLICA,2015,-1.0,9,
862,2023,0.0,1.0,-1,8.2212,TOPAZIO,5.0,8.9,9.1,8.5,8.14,7.5,8.585,8.5,9.2,,,,ALFA A G0G1,MASCULINO,2023,PUBLICA,2014,-1.0,9,1.0
862,2024,0.0,2.0,-2,7.346677272700001,AMETISTA,5.0,7.5,8.6136363635,9.002,7.51,7.1875,6.27,10.0,5.0,,,,ALFA B G2G3,MASCULINO,2023,PUBLICA,2014,-2.0,10,
863,2023,0.0,0.0,0,5.92975,QUARTZO,10.0,6.3,7.6,0.0,3.14,5.9375,6.26,7.0,5.5,,,,ALFA A G0G1,MASCULINO,2023,PUBLICA,2016,0.0,7,1.0
863,2024,0.0,1.0,-1,4.6684348484000004,QUARTZO,5.0,5.5,3.159090909,8.502,2.51,4.6875,4.333333333,10.0,1.0,,,,ALFA E G2G3,MASCULINO,2023,PUBLICA,2016,-1.0,8,
864,2023,0.0,0.0,0,7.034,AMETISTA,10.0,6.3,7.6,0.0,8.14,7.5,8.5,7.0,5.5,,,,ALFA A G0G1,FEMININO,2023,PUBLICA,2015,0.0,8,
865,2023,0.0,0.0,0,8.1552,TOPAZIO,10.0,7.4,8.7,8.5,7.52,7.5,7.915,7.3,7.5,,,,ALFA A G0G1,MASCULINO,2023,PUBLICA,2014,0.0,9,
866,2023,0.0,0.0,0,7.679,AMETISTA,10.0,8.6,8.3,0.0,8.76,7.5,8.415,8.2,8.9,,,,ALFA A G0G1,FEMININO,2023,PUBLICA,2016,0.0,7,
867,2023,0.0,0.0,0,8.6992,TOPAZIO,10.0,8.9,8.6,9.0,8.76,7.5,8.415,8.7,9.0,,,,ALFA A G0G1,MASCULINO,2023,PUBLICA,2015,0.0,8,1.0
867,2024,0.0,1.0,-1,7.583018181800001,AMETISTA,5.0,8.5,7.409090909,9.002,7.51,7.5,7.5,10.0,7.0,,,,ALFA B G2G3,MASCULINO,2023,PUBLICA,2015,-1.0,9,
868,2023,0.0,0.0,0,8.63895,TOPAZIO,10.0,7.1,9.5,10.0,8.76,7.1875,8.67,7.8,6.3,,,,ALFA A G0G1,MASCULINO,2023,PUBLICA,2015,0.0,8,1.0
868,2024,0.0,1.0,-1,7.156366666600001,AMETISTA,5.0,7.0,9.75,8.002,3.76,6.875,7.213333333,8.0,6.0,,,,ALFA A G0G1,MASCULINO,2023,PUBLICA,2015,-1.0,9,
869,2023,0.0,0.0,0,9.2587,TOPAZIO,10.0,9.6,10.0,9.0,8.76,8.125,8.75,9.8,9.4,,,,ALFA A G0G1,FEMININO,2023,PUBLICA,2015,0.0,8,
870,2023,0.0,1.0,-1,4.909,QUARTZO,5.0,1.5,8.5,0.0,8.76,5.0,5.165,2.0,1.0,,,,ALFA A G0G1,FEMININO,2023,PUBLICA,2014,-1.0,9,
871,2023,0.0,1.0,-1,6.8617,AGATA,5.0,6.9,9.5,9.0,3.76,4.375,6.84,6.8,7.0,,,,ALFA B G2G3,MASCULINO,2023,PUBLICA,2014,-1.0,9,0.0
871,2024,1.0,1.0,0,7.2917293147999995,AMETISTA,10.0,7.25,9.328063240999999,8.502,4.38,5.3125,5.783333333,6.0,8.5,,,,1B,MASCULINO,2023,PUBLICA,2014,0.0,10,
872,2023,0.0,2.0,-2,5.267,QUARTZO,5.0,4.3,6.7,0.0,2.52,6.25,8.5,5.5,3.0,,,,ALFA B G2G3,FEMININO,2023,PUBLICA,2013,-2.0,10,
873,2023,0.0,2.0,-2,7.8012,AMETISTA,5.0,7.0,9.7,8.5,7.52,6.25,8.67,7.2,6.8,,,,ALFA B G2G3,FEMININO,2023,PUBLICA,2012,-2.0,11,1.0
873,2024,1.0,3.0,-2,7.61095,AMETISTA,5.0,6.75,10.0,8.002,6.88,7.1875,7.77,7.0,6.5,,,,1B,FEMININO,2023,PUBLICA,2012,-2.0,12,
874,2023,0.0,1.0,-1,5.811,QUARTZO,5.0,4.8,8.2,0.0,7.52,6.25,6.67,6.3,3.3,,,,ALFA B G2G3,MASCULINO,2023,PUBLICA,2013,-1.0,10,1.0
874,2024,1.0,2.0,-1,7.0235939394,AMETISTA,5.0,7.75,4.696969697,9.502,6.26,8.75,7.915,6.0,9.5,,,,1E,MASCULINO,2023,PUBLICA,2013,-1.0,11,
875,2023,0.0,1.0,-1,8.2712,TOPAZIO,5.0,7.3,9.5,9.5,7.52,7.5,9.845,7.0,7.5,,,,ALFA B G2G3,MASCULINO,2023,PUBLICA,2014,-1.0,9,
876,2023,0.0,0.0,0,8.6492,TOPAZIO,10.0,7.5,9.4,10.0,7.52,7.5,8.835,7.3,7.7,,,,ALFA B G2G3,MASCULINO,2023,PUBLICA,2015,0.0,8,0.0
876,2024,1.0,1.0,0,7.612057142800001,AMETISTA,10.0,3.75,9.0476190475,8.502,7.51,8.333333333,8.09,7.5,0.0,,,,1K,MASCULINO,2023,PUBLICA,2015,0.0,9,
877,2023,0.0,1.0,-1,7.4722,AMETISTA,5.0,6.9,9.5,9.5,7.52,5.0,7.5,7.5,6.2,,,,ALFA B G2G3,MASCULINO,2023,PUBLICA,2014,-1.0,9,
878,2023,0.0,2.0,-2,6.24,AGATA,5.0,8.1,9.5,0.0,2.52,5.0,7.34,8.0,8.2,,,,ALFA B G2G3,MASCULINO,2023,PUBLICA,2013,-2.0,10,1.0
878,2024,1.0,2.0,-1,6.5335560606000005,AGATA,5.0,6.75,6.1363636360000005,9.002,4.38,7.1875,6.996666667,6.0,7.5,,,,1B,MASCULINO,2023,PUBLICA,2013,-1.0,11,
879,2023,0.0,1.0,-1,6.8225,AGATA,5.0,8.2,9.8,0.0,2.52,6.875,8.915,8.2,8.2,,,,ALFA B G2G3,FEMININO,2023,PUBLICA,2014,-1.0,9,1.0
879,2024,1.0,2.0,-1,8.1096318182,TOPAZIO,5.0,8.5,9.090909091,9.502,6.26,7.8125,8.67,8.0,9.0,,,,1A,FEMININO,2023,PUBLICA,2014,-1.0,10,
880,2023,0.0,0.0,0,6.724,AGATA,10.0,6.3,9.4,0.0,2.52,6.25,8.585,6.3,6.2,,,,ALFA B G2G3,FEMININO,2023,PUBLICA,2015,0.0,8,1.0
880,2024,0.0,1.0,-1,6.853080434800001,AGATA,5.0,6.5,8.445652174,9.502,2.51,7.1875,7.22,7.5,5.5,,,,ALFA E G2G3,FEMININO,2023,PUBLICA,2015,-1.0,9,
881,2023,0.0,0.0,0,7.7322,AMETISTA,10.0,7.3,8.9,10.0,7.52,5.0,6.25,7.5,7.0,,,,ALFA B G2G3,MASCULINO,2023,PUBLICA,2015,0.0,8,
882,2023,0.0,0.0,0,6.0092,AGATA,10.0,4.7,8.6,9.0,2.52,3.75,4.16,4.8,4.5,,,,ALFA C G0G1,FEMININO,2023,PUBLICA,2015,0.0,8,
883,2023,0.0,0.0,0,8.5082,TOPAZIO,10.0,8.4,9.7,9.5,6.89,6.25,8.17,8.0,8.7,,,,ALFA C G0G1,FEMININO,2023,PUBLICA,2015,0.0,8,
884,2023,0.0,0.0,0,8.4587,TOPAZIO,10.0,8.8,9.7,9.0,4.39,6.875,8.66,8.4,9.2,,,,ALFA C G0G1,FEMININO,2023,PUBLICA,2015,0.0,8,1.0
884,2024,0.0,1.0,-1,8.0345030302,TOPAZIO,5.0,8.75,8.818181818,10.002,6.26,7.5,8.223333333,10.0,7.5,,,,ALFA B G2G3,FEMININO,2023,PUBLICA,2015,-1.0,9,
885,2023,0.0,0.0,0,8.8252,TOPAZIO,10.0,8.7,9.8,9.0,7.52,7.5,8.665,8.5,8.8,,,,ALFA C G0G1,MASCULINO,2023,PUBLICA,2015,0.0,8,1.0
885,2024,0.0,1.0,-1,8.2072,TOPAZIO,5.0,8.5,10.0,8.502,7.51,7.5,8.28,10.0,7.0,,,,ALFA D G2G3,MASCULINO,2023,PUBLICA,2015,-1.0,9,
886,2023,0.0,0.0,0,8.6422,TOPAZIO,10.0,8.1,9.4,8.5,7.52,7.5,9.0,7.6,8.5,,,,ALFA C G0G1,FEMININO,2023,PUBLICA,2016,0.0,7,1.0
886,2024,0.0,1.0,-1,8.419200000000002,TOPAZIO,5.0,8.75,10.0,9.502,8.13,7.5,8.28,9.0,8.5,,,,ALFA E G2G3,FEMININO,2023,PUBLICA,2016,-1.0,8,
887,2023,0.0,0.0,0,8.6718,TOPAZIO,10.0,8.4,8.9,8.9,7.52,7.5,9.09,7.8,9.0,,,,ALFA C G0G1,MASCULINO,2023,PUBLICA,2015,0.0,8,
888,2023,0.0,0.0,0,8.9182,TOPAZIO,10.0,8.8,10.0,9.0,7.52,7.5,8.83,8.2,9.3,,,,ALFA C G0G1,MASCULINO,2023,PUBLICA,2016,0.0,7,1.0
888,2024,0.0,1.0,-1,8.1942,TOPAZIO,5.0,8.5,10.0,9.002,6.88,7.5,8.28,9.0,8.0,,,,ALFA D G2G3,MASCULINO,2023,PUBLICA,2016,-1.0,8,
889,2023,0.0,0.0,0,8.8092,TOPAZIO,10.0,9.1,9.5,8.5,6.89,7.5,9.0,8.7,9.5,,,,ALFA C G0G1,MASCULINO,2023,PUBLICA,2015,0.0,8,1.0
889,2024,0.0,1.0,-1,8.191290909100001,TOPAZIO,5.0,9.75,9.2954545455,8.502,6.26,7.5,8.28,10.0,9.5,,,,ALFA B G2G3,MASCULINO,2023,PUBLICA,2015,-1.0,9,
890,2023,0.0,0.0,0,6.989,AGATA,10.0,8.3,9.1,0.0,2.52,6.25,8.16,8.0,8.6,,,,ALFA C G0G1,MASCULINO,2023,PUBLICA,2015,0.0,8,
891,2023,0.0,1.0,-1,7.8882,AMETISTA,5.0,7.5,9.5,9.5,6.89,7.5,7.995,6.2,8.8,,,,ALFA C G0G1,FEMININO,2023,PUBLICA,2014,-1.0,9,1.0
891,2024,0.0,1.0,-1,8.035957575700001,TOPAZIO,5.0,8.75,9.0454545455,10.002,6.26,7.5,8.003333333,10.0,7.5,,,,ALFA B G2G3,FEMININO,2023,PUBLICA,2014,-1.0,10,
892,2023,0.0,0.0,0,8.8112,TOPAZIO,10.0,8.3,9.6,8.0,6.89,7.5,10.01,8.5,8.0,,,,ALFA D G2G3,MASCULINO,2023,PUBLICA,2015,0.0,8,0.0
892,2024,1.0,1.0,0,8.697700000000001,TOPAZIO,10.0,8.75,10.0,8.002,7.51,8.125,7.92,10.0,7.5,,,,1C,MASCULINO,2023,PUBLICA,2015,0.0,9,
893,2023,0.0,1.0,-1,8.8042,TOPAZIO,5.0,9.3,10.0,9.5,7.52,7.5,10.01,9.5,9.0,,,,ALFA D G2G3,MASCULINO,2023,PUBLICA,2014,-1.0,9,0.0
893,2024,1.0,1.0,0,8.8910333334,TOPAZIO,10.0,9.25,10.0,9.002,7.51,8.125,7.886666667,10.0,8.5,,,,1B,MASCULINO,2023,PUBLICA,2014,0.0,10,
894,2023,0.0,1.0,-1,8.8142,TOPAZIO,5.0,9.4,9.9,9.5,7.52,7.5,10.01,9.3,9.5,,,,ALFA D G2G3,FEMININO,2023,PUBLICA,2014,-1.0,9,1.0
894,2024,1.0,2.0,-1,8.67895,TOPAZIO,5.0,9.5,10.0,10.002,7.51,8.4375,8.42,9.0,10.0,,,,1C,FEMININO,2023,PUBLICA,2014,-1.0,10,
895,2023,0.0,0.0,0,8.5397,TOPAZIO,10.0,6.8,9.5,9.5,7.52,6.875,9.5,6.8,6.7,,,,ALFA D G2G3,FEMININO,2023,PUBLICA,2015,0.0,8,1.0
895,2024,0.0,1.0,-1,8.2579575757,TOPAZIO,5.0,9.5,9.5454545455,9.502,6.26,7.5,8.113333333,10.0,9.0,,,,ALFA B G2G3,FEMININO,2023,PUBLICA,2015,-1.0,9,
896,2023,0.0,0.0,0,9.0912,TOPAZIO,10.0,8.5,10.0,9.5,6.89,7.5,10.01,9.0,8.0,,,,ALFA D G2G3,MASCULINO,2023,PUBLICA,2015,0.0,8,0.0
896,2024,1.0,1.0,0,8.2852454545,TOPAZIO,10.0,6.5,9.7727272725,8.502,7.51,8.125,8.085,6.5,6.5,,,,1C,MASCULINO,2023,PUBLICA,2015,0.0,9,
897,2023,0.0,1.0,-1,5.48225,QUARTZO,5.0,6.5,8.1,0.0,7.52,6.5625,3.32,7.2,5.7,,,,ALFA D G2G3,MASCULINO,2023,PUBLICA,2014,-1.0,9,1.0
897,2024,0.0,1.0,-1,5.2212050505,QUARTZO,5.0,6.0,2.7525252525,7.002,2.51,6.875,6.66,5.5,6.5,,,,ALFA I G2G3,MASCULINO,2023,PUBLICA,2014,-1.0,10,
898,2023,0.0,1.0,-1,8.4217,TOPAZIO,5.0,9.4,9.8,9.0,3.77,8.125,10.01,9.7,9.0,,,,ALFA E G2G3,MASCULINO,2023,PUBLICA,2014,-1.0,9,1.0
898,2024,1.0,2.0,-1,7.8661333334000005,AMETISTA,5.0,7.5,10.0,6.418,7.51,7.5,8.616666667,9.0,6.0,,,,1B,MASCULINO,2023,PUBLICA,2014,-1.0,10,
899,2023,0.0,0.0,0,8.8452,TOPAZIO,10.0,9.5,9.8,10.0,3.77,7.5,9.34,9.3,9.6,,,,ALFA E G2G3,MASCULINO,2023,PUBLICA,2015,0.0,8,0.0
899,2024,1.0,1.0,0,8.425024769300002,TOPAZIO,10.0,8.25,9.1007905135,10.002,5.635,8.125,7.893333333,8.0,8.5,,,,1B,MASCULINO,2023,PUBLICA,2015,0.0,9,
900,2023,0.0,0.0,0,8.8947,TOPAZIO,10.0,7.8,9.8,9.0,9.38,8.125,8.67,8.0,7.5,,,,ALFA E G2G3,FEMININO,2023,PUBLICA,2015,0.0,8,0.0
900,2024,1.0,1.0,0,8.802003030200002,TOPAZIO,10.0,8.5,9.318181818,9.002,8.13,8.125,8.563333333,8.0,9.0,,,,1B,FEMININO,2023,PUBLICA,2015,0.0,9,
901,2023,0.0,2.0,-2,7.3112,AMETISTA,5.0,7.5,8.7,8.5,3.77,6.25,8.595,7.7,7.3,,,,ALFA E G2G3,MASCULINO,2023,PUBLICA,2012,-2.0,11,
902,2023,0.0,3.0,-3,5.97345,QUARTZO,2.5,3.9,9.3,10.0,2.52,5.3125,6.5,4.5,3.3,,,,ALFA E G2G3,MASCULINO,2023,PUBLICA,2011,-3.0,12,
903,2023,0.0,0.0,0,8.5242,TOPAZIO,10.0,7.8,9.6,10.0,5.02,7.5,9.01,7.7,7.8,,,,ALFA E G2G3,FEMININO,2023,PUBLICA,2015,0.0,8,0.0
903,2024,1.0,1.0,0,8.0758287879,TOPAZIO,10.0,5.0,9.7727272725,10.002,7.505,7.8125,7.946666667,6.0,4.0,,,,1B,FEMININO,2023,PUBLICA,2015,0.0,9,
904,2023,0.0,0.0,0,8.140783333,TOPAZIO,10.0,6.4,9.3,9.0,7.52,7.8125,7.836666667,6.0,6.8,,,,ALFA F G0G1,FEMININO,2023,PUBLICA,2016,0.0,7,1.0
904,2024,0.0,1.0,-1,7.6352,AMETISTA,5.0,6.0,8.75,9.502,7.51,7.5,8.67,6.0,6.0,,,,ALFA F G0G1,FEMININO,2023,PUBLICA,2016,-1.0,8,
905,2023,0.0,1.0,-1,7.831033333,AMETISTA,5.0,8.3,9.4,9.5,7.52,6.875,7.056666667,7.5,9.0,,,,ALFA F G0G1,MASCULINO,2023,PUBLICA,2013,-1.0,10,1.0
905,2024,0.0,2.0,-2,6.3925823529,AGATA,5.0,3.0,7.7794117645,9.002,7.51,6.875,6.99,2.0,4.0,,,,ALFA J G2G3,MASCULINO,2023,PUBLICA,2013,-2.0,11,
906,2023,0.0,0.0,0,8.1922,TOPAZIO,10.0,8.6,9.2,7.5,7.52,7.5,6.95,7.7,9.4,,,,ALFA F G0G1,MASCULINO,2023,PUBLICA,2015,0.0,8,
907,2023,0.0,0.0,0,8.962033333,TOPAZIO,10.0,9.3,9.6,9.5,7.52,8.125,8.336666667,9.2,9.4,,,,ALFA F G0G1,FEMININO,2023,PRIVADA,2015,0.0,8,1.0
907,2024,0.0,1.0,-1,7.9400888889,AMETISTA,5.0,8.75,8.9444444445,9.002,7.51,7.5,7.5,10.0,7.5,,,,ALFA J G2G3,FEMININO,2023,PRIVADA,2015,-1.0,9,
908,2023,0.0,0.0,0,8.479366667,TOPAZIO,10.0,7.9,9.0,9.0,7.52,8.125,8.223333333,6.7,9.0,,,,ALFA F G0G1,FEMININO,2023,PUBLICA,2015,0.0,8,1.0
908,2024,0.0,1.0,-1,6.764292246,AGATA,5.0,4.75,8.14171123,8.502,7.51,7.1875,6.83,3.0,6.5,,,,ALFA I G2G3,FEMININO,2023,PUBLICA,2015,-1.0,9,
909,2023,0.0,2.0,-2,8.486033333,TOPAZIO,5.0,9.2,9.9,10.0,7.52,8.125,8.056666667,9.1,9.2,,,,ALFA F G0G1,FEMININO,2023,PUBLICA,2013,-2.0,10,1.0
909,2024,0.0,2.0,-2,7.722033333300001,AMETISTA,5.0,8.25,8.1666666665,10.002,7.51,6.875,7.5,10.0,6.5,,,,ALFA J G2G3,FEMININO,2023,PUBLICA,2013,-2.0,11,
910,2023,0.0,0.0,0,7.801,AMETISTA,10.0,8.9,8.8,0.0,7.52,8.75,8.17,8.8,9.0,,,,ALFA F G0G1,MASCULINO,2023,PUBLICA,2015,0.0,8,0.0
910,2024,1.0,1.0,0,8.1163818182,TOPAZIO,10.0,7.5,8.674242424500001,8.502,7.51,7.916666667,7.443333333,9.0,6.0,,,,1G,MASCULINO,2023,PUBLICA,2015,0.0,9,
911,2023,0.0,2.0,-2,5.59545,QUARTZO,5.0,3.4,6.7,9.0,2.52,5.3125,7.01,3.7,3.0,,,,ALFA G G2G3,MASCULINO,2023,PUBLICA,2012,-2.0,11,1.0
911,2024,1.0,3.0,-2,5.4552454547,QUARTZO,5.0,4.5,4.772727273,8.002,7.51,6.041666667,4.726666667,5.0,4.0,,,,1G,MASCULINO,2023,PUBLICA,2012,-2.0,12,
912,2023,0.0,1.0,-1,7.0797,AMETISTA,5.0,6.3,9.4,7.0,7.52,5.625,7.175,6.2,6.3,,,,ALFA G G2G3,FEMININO,2023,PUBLICA,2014,-1.0,9,1.0
912,2024,0.0,2.0,-2,7.697103508700001,AMETISTA,5.0,7.25,9.4736842105,9.002,7.51,8.125,6.943333333,7.0,7.5,,,,ALFA G G2G3,FEMININO,2023,PUBLICA,2014,-2.0,10,
913,2023,0.0,2.0,-2,7.7432,AMETISTA,5.0,7.9,8.5,8.0,6.89,6.25,9.245,9.5,6.3,,,,ALFA H G0G1,FEMININO,2023,PUBLICA,2013,-2.0,10,
914,2023,0.0,0.0,0,8.6912,TOPAZIO,10.0,8.7,9.2,10.0,7.52,6.25,8.67,9.0,8.4,,,,ALFA H G0G1,FEMININO,2023,PUBLICA,2015,0.0,8,
915,2023,0.0,0.0,0,8.5962,TOPAZIO,10.0,8.4,8.4,10.0,7.52,7.5,8.67,8.1,8.7,,,,ALFA H G0G1,FEMININO,2023,PUBLICA,2015,0.0,8,
916,2023,0.0,1.0,-1,7.3882,AMETISTA,5.0,6.6,9.7,9.5,2.52,6.25,9.005,7.7,5.5,,,,ALFA H G0G1,FEMININO,2023,PUBLICA,2014,-1.0,9,1.0
916,2024,0.0,2.0,-2,5.5058531621,QUARTZO,5.0,2.75,7.3320158105,8.502,2.51,6.5625,6.16,3.5,2.0,,,,ALFA I G2G3,FEMININO,2023,PUBLICA,2014,-2.0,10,
917,2023,0.0,0.0,0,5.987,QUARTZO,10.0,7.0,7.2,0.0,2.52,6.25,6.35,5.3,8.7,,,,ALFA H G0G1,FEMININO,2023,PUBLICA,2015,0.0,8,
918,2023,0.0,0.0,0,7.4967,AMETISTA,10.0,7.7,8.7,10.0,2.52,5.625,7.01,7.1,8.3,,,,ALFA H G0G1,FEMININO,2023,PUBLICA,2016,0.0,7,1.0
918,2024,0.0,1.0,-1,5.657357017600001,QUARTZO,5.0,2.75,8.697368421,7.918,2.51,5.9375,6.156666667,1.0,4.5,,,,ALFA G G2G3,FEMININO,2023,PUBLICA,2016,-1.0,8,
919,2023,0.0,1.0,-1,6.225,AGATA,5.0,5.3,8.4,0.0,7.52,6.25,8.09,5.5,5.0,,,,ALFA H G0G1,MASCULINO,2023,PUBLICA,2014,-1.0,9,1.0
919,2024,0.0,2.0,-2,5.799702673800001,QUARTZO,5.0,5.25,4.692513369,7.002,6.255,6.875,6.49,6.5,4.0,,,,ALFA I G2G3,MASCULINO,2023,PUBLICA,2014,-2.0,10,
920,2023,0.0,0.0,0,6.9647,AGATA,10.0,6.1,6.3,9.0,7.52,5.625,6.35,6.0,6.2,,,,ALFA H G0G1,FEMININO,2023,PUBLICA,2015,0.0,8,1.0
920,2024,0.0,1.0,-1,7.7494938597,AMETISTA,5.0,8.25,7.6710526315,9.502,7.51,7.1875,8.226666667,9.0,7.5,,,,ALFA G G2G3,FEMININO,2023,PUBLICA,2015,-1.0,9,
921,2023,0.0,0.0,0,7.7407,AMETISTA,10.0,6.3,9.7,9.0,7.52,5.625,6.68,6.5,6.0,,,,ALFA I G2G3,FEMININO,2023,PUBLICA,2016,0.0,7,1.0
921,2024,0.0,1.0,-1,7.2838203209,AMETISTA,5.0,6.0,8.6631016045,8.502,7.51,7.5,7.5,5.0,7.0,,,,ALFA I G2G3,FEMININO,2023,PUBLICA,2016,-1.0,8,
922,2023,0.0,0.0,0,8.5262,TOPAZIO,10.0,8.4,9.7,8.5,3.14,7.5,10.01,8.5,8.2,,,,ALFA I G2G3,FEMININO,2023,PUBLICA,2014,0.0,9,0.0
922,2024,1.0,1.0,0,8.5209954545,TOPAZIO,10.0,7.75,9.5227272725,9.002,7.51,7.8125,8.17,7.5,8.0,,,,1C,FEMININO,2023,PUBLICA,2014,0.0,10,
923,2023,0.0,0.0,0,8.8842,TOPAZIO,10.0,7.3,9.9,9.5,7.52,7.5,10.01,7.5,7.0,,,,ALFA I G2G3,FEMININO,2023,PUBLICA,2015,0.0,8,0.0
923,2024,1.0,1.0,0,7.688609090900001,AMETISTA,10.0,5.5,7.9545454545,8.002,7.51,8.125,8.17,5.0,6.0,,,,1D,FEMININO,2023,PUBLICA,2015,0.0,9,
924,2023,0.0,0.0,0,6.5207,AGATA,10.0,5.0,5.6,9.0,7.52,5.625,5.93,5.0,5.0,,,,ALFA I G2G3,MASCULINO,2023,PUBLICA,2015,0.0,8,1.0
924,2024,0.0,1.0,-1,6.4727360962,AGATA,5.0,7.0,4.598930481,7.002,7.51,7.1875,7.415,7.5,6.5,,,,ALFA I G2G3,MASCULINO,2023,PUBLICA,2015,-1.0,9,
925,2023,0.0,0.0,0,7.1837,AMETISTA,10.0,5.4,8.9,9.0,7.52,5.625,5.595,5.2,5.5,,,,ALFA I G2G3,MASCULINO,2023,PUBLICA,2015,0.0,8,1.0
925,2024,0.0,1.0,-1,6.587019518800001,AGATA,5.0,4.75,7.005347594,8.002,7.51,7.1875,7.33,3.0,6.5,,,,ALFA I G2G3,MASCULINO,2023,PUBLICA,2015,-1.0,9,
926,2023,0.0,1.0,-1,7.7792,AMETISTA,5.0,6.8,10.0,9.0,3.77,7.5,9.51,6.5,7.0,,,,ALFA J G2G3,FEMININO,2023,PUBLICA,2014,-1.0,9,1.0
926,2024,1.0,2.0,-1,7.7830787878,AMETISTA,5.0,7.0,9.7727272725,9.002,7.51,8.333333333,7.22,7.0,7.0,,,,1G,FEMININO,2023,PUBLICA,2014,-1.0,10,
927,2023,0.0,1.0,-1,7.5982,AMETISTA,5.0,6.4,9.7,9.0,3.77,7.5,9.255,7.0,5.8,,,,ALFA J G2G3,FEMININO,2023,PUBLICA,2014,-1.0,9,0.0
927,2024,1.0,1.0,0,7.9921696969000005,AMETISTA,10.0,6.5,9.318181818,8.002,7.51,8.333333333,7.22,7.0,6.0,,,,1G,FEMININO,2023,PUBLICA,2014,0.0,10,
928,2023,0.0,0.0,0,9.3712,TOPAZIO,10.0,9.8,10.0,8.5,7.52,8.75,9.67,9.8,9.8,,,,ALFA K G0G1,FEMININO,2023,PUBLICA,2015,0.0,8,0.0
928,2024,1.0,1.0,0,8.8733666667,TOPAZIO,10.0,8.75,10.0,8.002,7.51,8.541666667,8.59,8.5,9.0,,,,1K,FEMININO,2023,PUBLICA,2015,0.0,9,
929,2023,0.0,0.0,0,9.1312,TOPAZIO,10.0,8.8,9.8,8.5,7.52,8.75,9.67,8.7,8.9,,,,ALFA K G0G1,FEMININO,2023,PUBLICA,2015,0.0,8,1.0
929,2024,0.0,1.0,-1,7.7244368421,AMETISTA,5.0,6.75,9.4736842105,9.002,7.51,8.125,7.58,7.0,6.5,,,,ALFA O G2G3,FEMININO,2023,PUBLICA,2015,-1.0,9,
930,2023,0.0,0.0,0,8.8872,TOPAZIO,10.0,9.0,8.8,9.0,7.52,8.75,9.0,8.7,9.3,,,,ALFA K G0G1,MASCULINO,2023,PUBLICA,2015,0.0,8,1.0
930,2024,0.0,1.0,-1,7.9298184211,AMETISTA,5.0,8.0,9.7368421055,8.502,7.51,7.8125,7.5,8.0,8.0,,,,ALFA O G2G3,MASCULINO,2023,PUBLICA,2015,-1.0,9,
931,2023,0.0,0.0,0,7.3747,AMETISTA,10.0,7.8,8.2,8.5,2.52,5.625,7.6,7.0,8.5,,,,ALFA K G0G1,MASCULINO,2023,PUBLICA,2015,0.0,8,1.0
931,2024,0.0,1.0,-1,7.075466666700001,AMETISTA,5.0,8.5,8.5833333335,7.918,2.51,7.5,6.83,8.0,9.0,,,,ALFA K G0G1,MASCULINO,2023,PUBLICA,2015,-1.0,9,
932,2023,0.0,0.0,0,8.3847,TOPAZIO,10.0,7.5,7.9,9.5,7.52,8.125,9.0,6.5,8.4,,,,ALFA K G0G1,FEMININO,2023,PUBLICA,2015,0.0,8,
933,2023,0.0,0.0,0,8.6712,TOPAZIO,10.0,7.7,8.4,9.0,7.52,8.75,9.67,8.0,7.3,,,,ALFA K G0G1,FEMININO,2023,PUBLICA,2015,0.0,8,
934,2023,0.0,0.0,0,9.1737,TOPAZIO,10.0,8.7,9.6,9.0,7.52,9.375,9.67,8.3,9.0,,,,ALFA K G0G1,FEMININO,2023,PUBLICA,2015,0.0,8,1.0
934,2024,0.0,1.0,-1,8.338700000000001,TOPAZIO,5.0,8.5,9.75,9.502,7.51,9.375,7.75,10.0,7.0,,,,ALFA L G2G3,FEMININO,2023,PUBLICA,2015,-1.0,9,
935,2023,0.0,1.0,-1,7.9535,AMETISTA,5.0,9.4,9.8,0.0,7.52,9.375,9.67,9.2,9.5,,,,ALFA K G0G1,MASCULINO,2023,PUBLICA,2014,-1.0,9,1.0
935,2024,0.0,1.0,-1,8.3422,TOPAZIO,5.0,8.5,10.0,9.502,7.51,8.75,7.83,10.0,7.0,,,,ALFA O G2G3,MASCULINO,2023,PUBLICA,2014,-1.0,10,
936,2023,0.0,0.0,0,8.5477,TOPAZIO,10.0,6.5,10.0,9.0,7.52,8.125,8.915,5.0,8.0,,,,ALFA K G0G1,FEMININO,2023,PUBLICA,2015,0.0,8,
937,2023,0.0,0.0,0,9.3237,TOPAZIO,10.0,9.2,9.6,9.5,7.52,9.375,9.67,9.0,9.3,,,,ALFA K G0G1,FEMININO,2023,PUBLICA,2015,0.0,8,1.0
937,2024,0.0,1.0,-1,8.3792,TOPAZIO,5.0,7.5,10.0,10.002,9.38,8.75,7.83,8.0,7.0,,,,ALFA O G2G3,FEMININO,2023,PUBLICA,2015,-1.0,9,
938,2023,0.0,1.0,-1,6.7372,AGATA,5.0,4.2,8.4,8.5,7.52,6.25,7.5,0.0,8.3,,,,ALFA K G0G1,MASCULINO,2023,PUBLICA,2014,-1.0,9,1.0
938,2024,0.0,1.0,-1,8.0056026915,TOPAZIO,5.0,7.75,9.544513457499999,9.502,7.51,8.125,7.665,10.0,5.5,,,,ALFA L G2G3,MASCULINO,2023,PUBLICA,2014,-1.0,10,
939,2023,0.0,2.0,-2,7.9742,AMETISTA,5.0,5.4,10.0,9.0,7.52,7.5,10.01,5.0,5.7,,,,ALFA L G2G3,FEMININO,2023,PUBLICA,2012,-2.0,11,1.0
939,2024,1.0,2.0,-1,7.051379841899999,AMETISTA,5.0,5.0,8.8833992095,9.002,5.63,8.125,7.495,6.0,4.0,,,,1N,FEMININO,2023,PUBLICA,2012,-1.0,12,
940,2023,0.0,2.0,-2,6.6112,AGATA,5.0,6.3,8.4,9.0,2.52,6.25,7.02,6.8,5.7,,,,ALFA L G2G3,MASCULINO,2023,PUBLICA,2012,-2.0,11,
941,2023,0.0,0.0,0,7.6872,AMETISTA,10.0,5.0,10.0,8.0,7.52,5.0,8.175,5.0,5.0,,,,ALFA L G2G3,FEMININO,2023,PUBLICA,2015,0.0,8,1.0
941,2024,0.0,1.0,-1,7.746700000000001,AMETISTA,5.0,8.75,9.25,8.002,5.01,8.125,7.665,10.0,7.5,,,,ALFA L G2G3,FEMININO,2023,PUBLICA,2015,-1.0,9,
942,2023,0.0,2.0,-2,6.8547,AGATA,5.0,7.1,8.9,9.5,2.52,5.625,7.0,7.3,6.8,,,,ALFA L G2G3,FEMININO,2023,PUBLICA,2013,-2.0,10,
943,2023,0.0,0.0,0,8.9172,TOPAZIO,10.0,8.0,9.4,9.5,7.52,7.5,9.925,8.0,8.0,,,,ALFA L G2G3,FEMININO,2023,PUBLICA,2015,0.0,8,0.0
943,2024,1.0,1.0,0,8.965033333300001,TOPAZIO,10.0,8.0,10.0,10.002,7.51,8.958333333,8.59,7.0,9.0,,,,1L,FEMININO,2023,PUBLICA,2015,0.0,9,
944,2023,0.0,1.0,-1,7.0687,AMETISTA,5.0,7.5,7.6,9.0,7.52,5.625,6.67,9.2,5.8,,,,ALFA M G0G1,FEMININO,2023,PUBLICA,2014,-1.0,9,1.0
944,2024,0.0,2.0,-2,7.8262,AMETISTA,5.0,9.0,7.25,9.002,7.51,8.75,7.75,10.0,8.0,,,,ALFA L G2G3,FEMININO,2023,PUBLICA,2014,-2.0,10,
945,2023,0.0,0.0,0,8.0777,TOPAZIO,10.0,7.9,9.2,8.5,7.52,6.875,6.84,8.0,7.8,,,,ALFA M G0G1,MASCULINO,2023,PUBLICA,2015,0.0,8,1.0
945,2024,0.0,1.0,-1,7.4195809524000005,AMETISTA,5.0,8.75,9.511904762,9.002,2.51,7.5,6.83,10.0,7.5,,,,ALFA N G2G3,MASCULINO,2023,PUBLICA,2015,-1.0,9,
946,2023,0.0,0.0,0,8.5822,TOPAZIO,10.0,9.3,9.4,9.5,7.52,7.5,7.0,9.0,9.5,,,,ALFA M G0G1,MASCULINO,2023,PUBLICA,2016,0.0,7,1.0
946,2024,0.0,1.0,-1,6.677723809500001,AGATA,5.0,4.5,8.7976190475,9.502,2.51,7.5,7.835,3.0,6.0,,,,ALFA N G2G3,MASCULINO,2023,PUBLICA,2016,-1.0,8,
947,2023,0.0,0.0,0,6.3457,AGATA,10.0,3.3,7.9,9.0,7.52,4.375,5.08,1.7,4.9,,,,ALFA M G0G1,MASCULINO,2023,PUBLICA,2015,0.0,8,1.0
947,2024,0.0,1.0,-1,6.053509523800001,AGATA,5.0,4.5,7.619047619,9.002,7.51,5.625,4.58,4.0,5.0,,,,ALFA M G0G1,MASCULINO,2023,PUBLICA,2015,-1.0,9,
948,2023,0.0,0.0,0,6.5277,AGATA,10.0,0.0,7.6,9.0,7.52,6.875,8.34,0.0,0.0,,,,ALFA M G0G1,FEMININO,2023,PUBLICA,2015,0.0,8,
949,2023,0.0,0.0,0,8.0172,TOPAZIO,10.0,8.9,8.1,9.5,7.52,6.25,6.5,9.1,8.6,,,,ALFA M G0G1,FEMININO,2023,PUBLICA,2015,0.0,8,1.0
949,2024,0.0,1.0,-1,7.1323428571,AMETISTA,5.0,6.5,8.7857142855,9.002,7.51,6.25,6.495,6.0,7.0,,,,ALFA N G2G3,FEMININO,2023,PUBLICA,2015,-1.0,9,
950,2023,0.0,0.0,0,8.8862,TOPAZIO,10.0,9.3,10.0,9.0,7.52,7.5,8.17,9.5,9.0,,,,ALFA M G0G1,FEMININO,2023,PUBLICA,2014,0.0,9,1.0
950,2024,0.0,1.0,-1,7.693461904800001,AMETISTA,5.0,7.0,9.023809524,9.502,7.51,6.875,8.0,7.5,6.5,,,,ALFA N G2G3,FEMININO,2023,PUBLICA,2014,-1.0,10,
951,2023,0.0,0.0,0,8.8902,TOPAZIO,10.0,8.4,9.7,9.5,7.52,7.5,9.09,8.5,8.3,,,,ALFA M G0G1,FEMININO,2023,PUBLICA,2016,0.0,7,1.0
951,2024,0.0,1.0,-1,6.4483428571,AGATA,5.0,4.0,9.0357142855,10.002,2.51,6.25,7.325,5.0,3.0,,,,ALFA N G2G3,FEMININO,2023,PRIVADA,2016,-1.0,8,
952,2023,0.0,0.0,0,8.37095,TOPAZIO,10.0,9.0,9.2,9.5,3.77,7.1875,8.425,8.8,9.2,,,,ALFA N G2G3,MASCULINO,2023,PUBLICA,2015,0.0,8,0.0
952,2024,1.0,1.0,0,8.853624242300002,TOPAZIO,10.0,8.5,9.545454545,9.502,6.26,8.333333333,9.175,8.0,9.0,,,,1N,MASCULINO,2023,PUBLICA,2015,0.0,9,
953,2023,0.0,0.0,0,7.54005,AMETISTA,10.0,8.3,8.8,7.4,3.14,6.5625,7.09,8.5,8.0,,,,ALFA N G2G3,FEMININO,2023,PUBLICA,2015,0.0,8,0.0
953,2024,1.0,1.0,0,7.961241502000001,AMETISTA,10.0,8.5,6.85770751,9.002,6.26,8.125,7.755,8.0,9.0,,,,1N,FEMININO,2023,PUBLICA,2015,0.0,9,
954,2023,0.0,0.0,0,6.82375,AGATA,10.0,7.7,8.3,0.0,3.14,7.1875,8.005,7.8,7.5,,,,ALFA N G2G3,FEMININO,2023,PUBLICA,2015,0.0,8,0.0
954,2024,1.0,1.0,0,8.2823798419,TOPAZIO,10.0,7.75,8.8833992095,9.502,6.26,8.125,7.835,6.5,9.0,,,,1N,FEMININO,2023,PUBLICA,2015,0.0,9,
955,2023,0.0,2.0,-2,7.1297,AMETISTA,5.0,7.8,8.8,9.0,3.14,6.875,7.09,8.0,7.5,,,,ALFA N G2G3,FEMININO,2023,PUBLICA,2013,-2.0,10,1.0
955,2024,1.0,2.0,-1,6.245452381,AGATA,5.0,5.75,6.904761905,0.0,7.51,8.125,8.255,6.5,5.0,,,,1K,FEMININO,2023,PUBLICA,2013,-1.0,11,
956,2023,0.0,2.0,-2,7.7312,AMETISTA,5.0,7.8,7.5,8.0,7.52,7.5,9.345,7.8,7.8,,,,ALFA O G2G3,MASCULINO,2023,PUBLICA,2012,-2.0,11,1.0
956,2024,1.0,2.0,-1,6.1175906455,AGATA,5.0,3.25,6.017786561,9.502,6.885,7.083333333,7.085,6.5,0.0,,,,1N,MASCULINO,2023,PUBLICA,2012,-1.0,12,
957,2023,0.0,0.0,0,9.1672,TOPAZIO,10.0,9.1,9.3,10.0,7.52,7.5,9.925,9.0,9.2,,,,ALFA O G2G3,FEMININO,2023,PUBLICA,2014,0.0,9,
958,2023,0.0,0.0,0,9.2902,TOPAZIO,10.0,9.3,9.8,10.0,7.52,7.5,9.84,9.3,9.3,,,,ALFA O G2G3,FEMININO,2023,PUBLICA,2015,0.0,8,0.0
958,2024,1.0,1.0,0,9.531325,TOPAZIO,10.0,10.0,10.0,10.002,6.26,9.53125,9.76,10.0,10.0,,,,1M,FEMININO,2023,PUBLICA,2015,0.0,9,
959,2023,0.0,0.0,0,8.6677,TOPAZIO,10.0,7.7,9.6,10.0,7.52,6.875,8.84,7.7,7.7,,,,ALFA O G2G3,MASCULINO,2023,PUBLICA,2015,0.0,8,1.0
959,2024,0.0,1.0,-1,8.379818421100001,TOPAZIO,5.0,9.5,9.7368421055,10.002,7.51,7.8125,7.5,10.0,9.0,,,,ALFA O G2G3,MASCULINO,2023,PUBLICA,2015,-1.0,9,
960,2023,0.0,2.0,-2,7.0847,AMETISTA,5.0,6.3,10.0,8.5,7.52,5.625,5.85,6.5,6.0,,,,ALFA O G2G3,MASCULINO,2023,PUBLICA,2013,-2.0,10,1.0
960,2024,1.0,2.0,-1,5.286047619,QUARTZO,5.0,3.0,8.095238095,0.0,7.51,7.5,5.33,6.0,0.0,,,,1K,MASCULINO,2023,PUBLICA,2013,-1.0,11,
961,2023,0.0,1.0,-1,5.99625,QUARTZO,5.0,6.2,8.7,0.0,2.52,5.3125,8.665,6.2,6.2,,,,ALFA O G2G3,MASCULINO,2023,PUBLICA,2014,-1.0,9,1.0
961,2024,1.0,2.0,-1,6.529417908900001,AGATA,5.0,5.5,8.8923395445,9.002,6.26,5.9375,5.155,6.0,5.0,,,,1M,MASCULINO,2023,PUBLICA,2014,-1.0,10,
962,2023,0.0,1.0,-1,8.4742,TOPAZIO,5.0,8.7,9.2,9.0,7.52,7.5,10.01,9.5,7.8,,,,ALFA Q G2G3,FEMININO,2023,PUBLICA,2014,-1.0,9,
963,2023,0.0,1.0,-1,8.6142,TOPAZIO,5.0,8.5,9.8,9.5,7.52,7.5,10.01,8.3,8.7,,,,ALFA Q G2G3,FEMININO,2023,PUBLICA,2014,-1.0,9,0.0
963,2024,1.0,1.0,0,8.375080952400001,TOPAZIO,10.0,7.5,9.761904762,7.502,7.51,8.125,8.045,5.0,10.0,,,,1R,FEMININO,2023,PUBLICA,2014,0.0,10,
964,2023,0.0,1.0,-1,7.7997,AMETISTA,5.0,7.2,9.4,8.5,7.52,6.875,8.5,7.3,7.0,,,,ALFA Q G2G3,MASCULINO,2023,PUBLICA,2014,-1.0,9,1.0
964,2024,1.0,2.0,-1,7.548241666600001,AMETISTA,5.0,7.25,8.333333332999999,9.502,7.51,7.96875,7.1675,7.5,7.0,,,,1R,MASCULINO,2023,PUBLICA,2014,-1.0,10,
965,2023,0.0,1.0,-1,6.4832,AGATA,5.0,4.7,8.2,8.5,6.27,5.0,7.18,5.3,4.0,,,,ALFA Q G2G3,FEMININO,2023,PUBLICA,2014,-1.0,9,1.0
965,2024,0.0,2.0,-2,6.1376545455,AGATA,5.0,2.25,6.4772727275,9.002,7.51,8.75,6.83,2.0,2.5,,,,ALFA Q G2G3,FEMININO,2023,PUBLICA,2014,-2.0,10,
966,2023,0.0,1.0,-1,7.44345,AMETISTA,5.0,5.0,10.0,10.0,7.52,6.5625,7.675,5.0,5.0,,,,ALFA Q G2G3,MASCULINO,2023,PUBLICA,2014,-1.0,9,1.0
966,2024,0.0,2.0,-2,7.9943363636,AMETISTA,5.0,9.0,8.568181818,9.502,7.51,8.125,7.335,9.5,8.5,,,,ALFA Q G2G3,MASCULINO,2023,PUBLICA,2014,-2.0,10,
967,2023,0.0,2.0,-2,7.1347,AMETISTA,5.0,6.5,8.0,9.5,7.52,5.625,7.35,6.5,6.5,,,,ALFA Q G2G3,MASCULINO,2023,PUBLICA,2013,-2.0,10,1.0
967,2024,1.0,2.0,-1,5.442610714300001,QUARTZO,5.0,4.75,3.5714285715,9.502,7.51,5.78125,4.995,3.5,6.0,,,,1R,MASCULINO,2023,PUBLICA,2013,-1.0,11,
968,2023,0.0,1.0,-1,8.4942,TOPAZIO,5.0,8.3,9.7,9.0,7.52,7.5,10.01,8.0,8.5,,,,ALFA Q G2G3,FEMININO,2023,PUBLICA,2014,-1.0,9,1.0
968,2024,1.0,2.0,-1,7.8403547619000005,AMETISTA,5.0,7.75,8.8095238095,9.002,7.51,8.4375,7.6675,8.5,7.0,,,,1R,FEMININO,2023,PUBLICA,2014,-1.0,10,
969,2023,0.0,0.0,0,7.7692,AMETISTA,10.0,5.5,9.7,8.5,7.52,6.25,7.51,6.0,5.0,,,,ALFA Q G2G3,MASCULINO,2023,PUBLICA,2015,0.0,8,1.0
969,2024,0.0,1.0,-1,7.453427272700001,AMETISTA,5.0,7.25,7.8636363634999995,9.002,7.51,8.125,7.335,9.0,5.5,,,,ALFA Q G2G3,MASCULINO,2023,PUBLICA,2015,-1.0,9,
970,2023,0.0,0.0,0,8.9977,TOPAZIO,10.0,9.4,8.1,8.5,7.52,9.375,9.84,9.2,9.5,,,,ALFA R G0G1,FEMININO,2023,PUBLICA,2015,0.0,8,
971,2023,0.0,0.0,0,7.0169,AMETISTA,10.0,6.9,6.4,7.8,3.77,5.625,8.17,5.5,8.3,,,,ALFA R G0G1,MASCULINO,2023,PUBLICA,2015,0.0,8,1.0
971,2024,0.0,1.0,-1,6.8916181818,AGATA,5.0,6.75,7.909090909,7.418,7.51,7.5,6.085,8.5,5.0,,,,ALFA Q G2G3,MASCULINO,2023,PUBLICA,2015,-1.0,9,
972,2023,0.0,0.0,0,7.5427,AMETISTA,10.0,6.0,9.1,9.0,3.77,6.875,7.84,6.2,5.7,,,,ALFA R G0G1,MASCULINO,2023,PUBLICA,2015,0.0,8,1.0
972,2024,0.0,1.0,-1,7.537472727300001,AMETISTA,5.0,6.75,8.3863636365,9.502,7.51,8.75,7.17,8.0,5.5,,,,ALFA Q G2G3,MASCULINO,2023,PUBLICA,2015,-1.0,9,
973,2023,0.0,1.0,-1,5.82875,QUARTZO,5.0,5.2,8.6,0.0,3.77,7.1875,7.415,6.2,4.1,,,,ALFA R G0G1,MASCULINO,2023,PUBLICA,2014,-1.0,9,1.0
973,2024,0.0,2.0,-2,6.9318363636,AGATA,5.0,3.75,9.318181818,10.002,7.51,7.5,6.585,6.5,1.0,,,,ALFA Q G2G3,MASCULINO,2023,PUBLICA,2014,-2.0,10,
974,2023,0.0,0.0,0,8.4752,TOPAZIO,10.0,8.8,9.1,9.0,3.77,7.5,9.34,8.8,8.8,,,,ALFA R G0G1,MASCULINO,2023,PUBLICA,2015,0.0,8,1.0
974,2024,0.0,1.0,-1,7.6077217391,AMETISTA,5.0,6.5,9.282608695499999,9.502,7.51,7.5,7.5,6.0,7.0,,,,ALFA S G2G3,MASCULINO,2023,PUBLICA,2015,-1.0,9,
975,2023,0.0,0.0,0,7.7803,AMETISTA,10.0,6.5,9.2,7.9,7.52,5.625,7.67,7.2,5.8,,,,ALFA R G0G1,FEMININO,2023,PUBLICA,2015,0.0,8,1.0
975,2024,0.0,1.0,-1,7.1463666667000005,AMETISTA,5.0,8.0,7.708333333500001,8.502,5.01,6.875,7.33,8.0,8.0,,,,ALFA R G0G1,FEMININO,2023,PUBLICA,2015,-1.0,9,
976,2023,0.0,0.0,0,8.39895,TOPAZIO,10.0,8.6,9.2,9.5,6.27,5.9375,8.34,9.0,8.2,,,,ALFA R G0G1,MASCULINO,2023,PUBLICA,2015,0.0,8,
977,2023,0.0,0.0,0,7.1717,AMETISTA,10.0,5.8,7.4,8.5,5.02,5.625,8.085,5.7,5.9,,,,ALFA R G0G1,FEMININO,2023,PUBLICA,2015,0.0,8,1.0
977,2024,0.0,1.0,-1,7.188033333300001,AMETISTA,5.0,7.0,7.291666666499999,10.002,6.26,6.875,7.58,5.0,9.0,,,,ALFA R G0G1,FEMININO,2023,PUBLICA,2015,-1.0,9,
978,2023,0.0,0.0,0,8.3877,TOPAZIO,10.0,8.6,9.8,9.0,3.77,5.625,9.34,8.7,8.5,,,,ALFA R G0G1,FEMININO,2023,PUBLICA,2015,0.0,8,1.0
978,2024,0.0,1.0,-1,7.4637,AMETISTA,5.0,6.5,9.5,9.502,6.26,6.875,7.5,6.0,7.0,,,,ALFA S G2G3,FEMININO,2023,PUBLICA,2015,-1.0,9,
979,2023,0.0,0.0,0,8.1617,TOPAZIO,10.0,6.0,9.6,9.5,6.27,5.625,9.51,6.0,6.0,,,,ALFA S G2G3,MASCULINO,2023,PUBLICA,2015,0.0,8,1.0
979,2024,0.0,1.0,-1,8.0352454545,TOPAZIO,5.0,8.25,9.5227272725,9.502,7.51,8.125,7.335,9.5,7.0,,,,ALFA Q G2G3,MASCULINO,2023,PUBLICA,2015,-1.0,9,
980,2023,0.0,0.0,0,7.1425,AMETISTA,10.0,6.3,9.8,0.0,5.02,5.625,9.34,6.5,6.0,,,,ALFA S G2G3,FEMININO,2023,PUBLICA,2015,0.0,8,0.0
980,2024,1.0,1.0,0,7.946388311600001,AMETISTA,10.0,6.25,9.058441558,9.002,7.51,7.5,7.4175,6.5,6.0,,,,1P,FEMININO,2023,PUBLICA,2015,0.0,9,
981,2023,0.0,0.0,0,7.5367,AMETISTA,10.0,5.8,9.1,9.5,2.52,5.625,9.01,5.7,5.8,,,,ALFA S G2G3,FEMININO,2023,PUBLICA,2016,0.0,7,1.0
981,2024,0.0,1.0,-1,6.6513739130000005,AGATA,5.0,6.0,7.010869565,9.002,6.26,6.25,6.99,6.0,6.0,,,,ALFA S G2G3,FEMININO,2023,PUBLICA,2016,-1.0,8,
982,2023,0.0,0.0,0,7.1215,AMETISTA,10.0,8.6,9.1,0.0,2.52,5.625,8.835,8.7,8.5,,,,ALFA S G2G3,MASCULINO,2023,PUBLICA,2015,0.0,8,0.0
982,2024,1.0,1.0,0,8.119860173100001,TOPAZIO,10.0,8.25,8.365800865499999,10.002,7.51,6.875,6.79,6.5,10.0,,,,1P,MASCULINO,2023,PUBLICA,2015,0.0,9,
983,2023,0.0,0.0,0,8.3502,TOPAZIO,10.0,8.8,9.9,8.5,2.52,6.25,9.415,8.8,8.8,,,,ALFA S G2G3,MASCULINO,2023,PUBLICA,2014,0.0,9,
984,2023,0.0,0.0,0,8.8177,TOPAZIO,10.0,8.3,9.8,8.0,7.52,6.875,9.84,8.3,8.2,,,,ALFA S G2G3,FEMININO,2023,PUBLICA,2014,0.0,9,0.0
984,2024,1.0,1.0,0,8.475080952400003,TOPAZIO,10.0,7.0,9.761904762,9.502,7.51,8.125,8.045,7.5,6.5,,,,1R,FEMININO,2023,PUBLICA,2014,0.0,10,
985,2023,0.0,0.0,0,7.6247,AMETISTA,10.0,6.8,9.3,9.0,2.52,5.625,8.5,7.3,6.2,,,,ALFA S G2G3,MASCULINO,2023,PUBLICA,2015,0.0,8,0.0
985,2024,1.0,1.0,0,8.2432,TOPAZIO,10.0,7.5,10.0,8.502,6.26,7.5,7.585,8.0,7.0,,,,1P,MASCULINO,2023,PUBLICA,2015,0.0,9,
986,2023,0.0,0.0,0,8.0107,TOPAZIO,10.0,8.3,9.1,9.5,2.52,5.625,8.83,8.3,8.3,,,,ALFA S G2G3,FEMININO,2023,PUBLICA,2015,0.0,8,0.0
986,2024,1.0,1.0,0,8.2603406926,TOPAZIO,10.0,8.5,9.2965367965,10.002,6.26,7.083333333,6.8325,7.5,9.5,,,,1P,FEMININO,2023,PUBLICA,2015,0.0,9,
987,2023,0.0,0.0,0,7.6765,AMETISTA,10.0,7.3,9.8,0.0,6.27,6.875,9.76,7.5,7.0,,,,ALFA S G2G3,MASCULINO,2023,PUBLICA,2015,0.0,8,0.0
987,2024,1.0,1.0,0,8.3028861472,TOPAZIO,10.0,7.5,9.0692640695,9.002,7.51,7.708333333,7.835,8.0,7.0,,,,1P,MASCULINO,2023,PUBLICA,2015,0.0,9,
988,2023,0.0,1.0,-1,7.9568,AMETISTA,5.0,8.5,8.1,7.9,7.52,6.25,9.84,8.5,8.5,,,,ALFA S G2G3,FEMININO,2023,PUBLICA,2014,-1.0,9,1.0
988,2024,1.0,2.0,-1,8.1765333333,TOPAZIO,5.0,7.75,10.0,9.502,7.51,8.333333333,7.96,6.5,9.0,,,,1P,FEMININO,2023,PUBLICA,2014,-1.0,10,
989,2023,0.0,1.0,-1,7.7242,AMETISTA,5.0,8.3,8.1,9.5,2.52,7.5,10.01,8.7,7.8,,,,ALFA S G2G3,MASCULINO,2023,PUBLICA,2014,-1.0,9,0.0
989,2024,1.0,1.0,0,7.3743785714,AMETISTA,10.0,6.0,7.8571428569999995,9.502,6.26,7.1875,6.54,6.0,6.0,,,,1R,MASCULINO,2023,PUBLICA,2014,0.0,10,
990,2023,0.0,1.0,-1,7.254,AMETISTA,5.0,7.8,8.5,0.0,7.52,7.5,10.01,8.3,7.2,,,,ALFA T G2G3,MASCULINO,2023,PUBLICA,2014,-1.0,9,1.0
990,2024,1.0,2.0,-1,7.812283333400001,AMETISTA,5.0,8.0,7.5,9.502,7.51,8.4375,8.336666667,9.5,6.5,,,,1A,MASCULINO,2023,PUBLICA,2014,-1.0,10,
991,2023,0.0,1.0,-1,7.7687,AMETISTA,5.0,7.7,9.1,10.0,3.14,6.875,9.585,8.0,7.3,,,,ALFA T G2G3,FEMININO,2023,PUBLICA,2014,-1.0,9,1.0
991,2024,1.0,2.0,-1,7.057230303000001,AMETISTA,5.0,6.5,8.181818182,9.002,6.26,7.5,6.723333333,7.0,6.0,,,,1A,FEMININO,2023,PUBLICA,2014,-1.0,10,
992,2023,0.0,2.0,-2,7.2722,AMETISTA,5.0,8.0,8.2,9.5,3.14,5.0,8.84,8.2,7.8,,,,ALFA T G2G3,MASCULINO,2023,PUBLICA,2012,-2.0,11,
993,2023,0.0,0.0,0,8.7592,TOPAZIO,10.0,8.6,9.8,9.5,3.77,7.5,10.01,8.5,8.7,,,,ALFA T G2G3,FEMININO,2023,PUBLICA,2015,0.0,8,
994,2023,0.0,0.0,0,7.4127,AMETISTA,10.0,6.0,9.4,9.5,3.77,5.625,7.265,6.2,5.7,,,,ALFA T G2G3,FEMININO,2023,PUBLICA,2014,0.0,9,1.0
994,2024,0.0,1.0,-1,7.7982217391,AMETISTA,5.0,8.25,9.532608695499999,9.002,6.88,6.875,7.33,10.0,6.5,,,,ALFA T G2G3,FEMININO,2023,PUBLICA,2014,-1.0,10,
995,2023,0.0,2.0,-2,6.4782,AGATA,5.0,5.1,7.9,9.5,3.77,6.25,7.18,5.3,4.8,,,,ALFA T G2G3,FEMININO,2023,PUBLICA,2012,-2.0,11,1.0
995,2024,1.0,3.0,-2,5.110372077899999,QUARTZO,5.0,2.0,5.3896103895,10.002,5.635,7.1875,4.25,0.0,4.0,,,,1E,FEMININO,2023,PUBLICA,2012,-2.0,12,
996,2023,0.0,1.0,-1,8.1892,TOPAZIO,5.0,8.6,9.2,10.0,3.77,7.5,10.01,8.7,8.5,,,,ALFA T G2G3,MASCULINO,2023,PUBLICA,2014,-1.0,9,
997,2023,0.0,0.0,0,7.5687,AMETISTA,10.0,7.1,8.7,7.5,3.77,5.625,8.595,7.2,7.0,,,,ALFA T G2G3,MASCULINO,2023,PUBLICA,2015,0.0,8,
998,2023,0.0,2.0,-2,7.9752,AMETISTA,5.0,7.9,9.3,9.5,3.77,7.5,9.84,8.0,7.7,,,,ALFA U G2G3,FEMININO,2023,PUBLICA,2012,-2.0,11,
999,2023,0.0,1.0,-1,8.0352,TOPAZIO,5.0,8.3,9.4,9.0,3.77,7.5,9.84,8.3,8.3,,,,ALFA U G2G3,MASCULINO,2023,PUBLICA,2014,-1.0,9,
1000,2023,0.0,0.0,0,7.9162,AMETISTA,10.0,7.0,9.4,8.5,3.77,6.25,8.92,7.0,7.0,,,,ALFA U G2G3,FEMININO,2023,PUBLICA,2015,0.0,8,0.0
1000,2024,1.0,1.0,0,8.364790909100002,TOPAZIO,10.0,7.75,9.5454545455,9.002,6.26,8.125,7.835,7.5,8.0,,,,1N,FEMININO,2023,PUBLICA,2015,0.0,9,
1001,2023,0.0,1.0,-1,8.1162,TOPAZIO,5.0,7.8,9.1,9.0,7.52,7.5,9.17,8.3,7.3,,,,ALFA U G2G3,FEMININO,2023,PUBLICA,2014,-1.0,9,1.0
1001,2024,1.0,2.0,-1,7.7964318841,AMETISTA,5.0,7.75,9.347826087,7.502,7.51,7.916666667,7.92,6.5,9.0,,,,1N,FEMININO,2023,PUBLICA,2014,-1.0,10,
1002,2023,0.0,1.0,-1,7.9012,AMETISTA,5.0,7.0,9.7,9.0,7.52,6.25,8.92,7.0,7.0,,,,ALFA U G2G3,FEMININO,2023,PUBLICA,2014,-1.0,9,1.0
1002,2024,0.0,1.0,-1,7.967866666700001,AMETISTA,5.0,9.25,7.833333333500001,9.002,7.51,7.5,8.25,10.0,8.5,,,,ALFA N G2G3,FEMININO,2023,PUBLICA,2014,-1.0,10,
1003,2023,0.0,0.0,0,7.6522,AMETISTA,10.0,4.0,8.5,9.0,7.52,7.5,8.75,8.0,0.0,,,,ALFA V G0G1,MASCULINO,2023,PUBLICA,2015,0.0,8,1.0
1003,2024,0.0,1.0,-1,7.627588888900001,AMETISTA,5.0,8.25,8.6944444445,8.002,7.51,6.875,7.5,10.0,6.5,,,,ALFA J G2G3,MASCULINO,2023,PUBLICA,2015,-1.0,9,
1004,2023,0.0,0.0,0,8.3137,TOPAZIO,10.0,7.9,9.6,9.0,7.52,6.875,7.42,6.5,9.2,,,,ALFA V G0G1,FEMININO,2023,PUBLICA,2014,0.0,9,1.0
1004,2024,0.0,1.0,-1,7.801200000000001,AMETISTA,5.0,7.5,9.25,9.502,7.51,7.5,7.5,7.5,7.5,,,,ALFA J G2G3,FEMININO,2023,PUBLICA,2014,-1.0,10,
1005,2023,0.0,0.0,0,8.4252,TOPAZIO,10.0,8.8,7.9,9.5,7.52,7.5,8.165,8.4,9.2,,,,ALFA V G0G1,MASCULINO,2023,PUBLICA,2015,0.0,8,
1006,2023,0.0,0.0,0,8.5922,TOPAZIO,10.0,8.7,9.3,9.0,7.52,7.5,8.0,8.7,8.6,,,,ALFA V G0G1,FEMININO,2023,PUBLICA,2015,0.0,8,1.0
1006,2024,0.0,1.0,-1,7.040088888900001,AMETISTA,5.0,5.0,8.4444444445,8.502,7.51,7.5,7.5,5.0,5.0,,,,ALFA J G2G3,FEMININO,2023,PUBLICA,2015,-1.0,9,
1007,2023,0.0,0.0,0,8.0782,TOPAZIO,10.0,8.3,7.4,9.0,7.52,7.5,7.68,8.1,8.5,,,,ALFA V G0G1,MASCULINO,2023,PUBLICA,2015,0.0,8,
1008,2023,0.0,0.0,0,8.13595,TOPAZIO,10.0,8.4,8.6,9.0,7.52,5.9375,7.5,7.5,9.2,,,,ALFA V G0G1,MASCULINO,2023,PUBLICA,2015,0.0,8,1.0
1008,2024,0.0,1.0,-1,6.8667414438000005,AGATA,5.0,7.0,6.483957219,7.002,7.51,7.1875,7.5,6.5,7.5,,,,ALFA I G2G3,MASCULINO,2023,PUBLICA,2015,-1.0,9,
1009,2023,0.0,0.0,0,7.245,AMETISTA,10.0,8.8,9.0,0.0,3.77,7.5,7.84,8.3,9.2,,,,ALFA Y G0G1,MASCULINO,2023,PUBLICA,2015,0.0,8,1.0
1009,2024,0.0,1.0,-1,6.395389393900001,AGATA,5.0,7.5,6.8863636365000005,8.002,2.51,6.5625,6.553333333,10.0,5.0,,,,ALFA E G2G3,MASCULINO,2023,PUBLICA,2015,-1.0,9,
1010,2023,0.0,0.0,0,8.70645,TOPAZIO,10.0,9.4,10.0,9.5,3.77,7.8125,8.59,9.0,9.8,,,,ALFA Y G0G1,MASCULINO,2023,PUBLICA,2015,0.0,8,
1011,2023,0.0,0.0,0,7.33095,AMETISTA,10.0,5.2,8.6,9.5,3.77,7.1875,7.675,5.5,4.8,,,,ALFA Y G0G1,MASCULINO,2023,PUBLICA,2015,0.0,8,
1012,2023,0.0,0.0,0,7.96495,AMETISTA,10.0,6.6,9.9,10.0,3.77,7.1875,7.845,7.0,6.2,,,,ALFA Y G0G1,FEMININO,2023,PUBLICA,2015,0.0,8,1.0
1012,2024,0.0,1.0,-1,8.057128571400002,TOPAZIO,5.0,9.75,9.523809524,9.502,2.51,8.125,8.443333333,10.0,9.5,,,,ALFA C G0G1,FEMININO,2023,PUBLICA,2015,-1.0,9,
1013,2023,0.0,0.0,0,7.6237,AMETISTA,10.0,8.3,9.6,9.0,4.39,5.625,5.76,7.0,9.5,,,,ALFA Y G0G1,MASCULINO,2023,PUBLICA,2015,0.0,8,1.0
1013,2024,0.0,1.0,-1,5.7839559808,QUARTZO,5.0,7.75,5.6937799039999994,9.002,2.51,5.0,4.72,8.0,7.5,,,,ALFA E G2G3,MASCULINO,2023,PUBLICA,2015,-1.0,9,
1014,2023,0.0,0.0,0,8.2582,TOPAZIO,10.0,8.2,9.7,9.0,3.77,7.5,8.255,7.7,8.7,,,,ALFA Y G0G1,FEMININO,2023,PUBLICA,2016,0.0,7,1.0
1014,2024,0.0,1.0,-1,6.315972727300001,AGATA,5.0,5.25,7.8863636365000005,8.502,2.51,6.875,7.0,6.5,4.0,,,,ALFA E G2G3,FEMININO,2023,PUBLICA,2016,-1.0,8,
1015,2023,1.0,2.0,-1,7.538908333,AMETISTA,5.0,6.3,9.3,10.0,6.27,7.34375,7.786666667,5.0,7.6,,,,1A,FEMININO,2023,PUBLICA,2013,-1.0,10,0.0
1015,2024,2.0,2.0,0,6.643252381000002,AGATA,10.0,4.0,7.8214285715,7.918,7.51,6.041666667,5.66,2.0,6.0,,,,2B,FEMININO,2023,PUBLICA,2013,0.0,11,
1016,2023,1.0,2.0,-1,7.762575,AMETISTA,5.0,6.7,9.5,10.0,7.52,7.34375,7.73,5.8,7.5,,,,1A,FEMININO,2023,PUBLICA,2013,-1.0,10,
1017,2023,1.0,2.0,-1,6.505333333,AGATA,5.0,7.7,8.0,0.0,5.02,7.5,8.116666667,7.0,8.3,,,,1A,MASCULINO,2023,PUBLICA,2012,-1.0,11,0.0
1017,2024,2.0,2.0,0,7.345521428500001,AMETISTA,10.0,5.0,7.8095238095,9.502,6.26,7.1875,7.443333333,2.5,7.5,,,,2C,MASCULINO,2023,PUBLICA,2012,0.0,12,
1018,2023,1.0,1.0,0,6.824,AGATA,10.0,6.3,8.5,0.0,5.02,7.5,8.06,5.8,6.8,,,,1A,MASCULINO,2023,PUBLICA,2013,0.0,10,1.0
1018,2024,1.0,2.0,-1,7.7054045454,AMETISTA,5.0,8.25,7.727272727,8.502,6.26,8.4375,8.45,8.5,8.0,,,,1A,MASCULINO,2023,PUBLICA,2013,-1.0,11,
1019,2023,1.0,0.0,1,7.177033333,AMETISTA,10.0,4.3,9.1,7.5,5.02,6.875,7.836666667,0.5,8.0,,,,1A,FEMININO,2023,PUBLICA,2015,1.0,8,0.0
1019,2024,1.0,1.0,0,8.692255194900001,TOPAZIO,10.0,8.75,9.3073593075,9.502,6.26,7.8125,8.616666667,9.5,8.0,,,,1A,FEMININO,2023,PUBLICA,2015,0.0,9,
1020,2023,1.0,1.0,0,7.612283333,AMETISTA,10.0,6.1,9.1,10.0,2.52,7.1875,8.056666667,4.3,7.8,,,,1A,FEMININO,2023,PUBLICA,2014,0.0,9,0.0
1020,2024,1.0,1.0,0,8.9544954545,TOPAZIO,10.0,9.0,9.7727272725,9.002,6.88,8.4375,8.84,10.0,8.0,,,,1A,FEMININO,2023,PUBLICA,2014,0.0,10,
1021,2023,1.0,1.0,0,6.964616667,AGATA,10.0,3.3,9.2,8.0,3.77,7.1875,7.893333333,2.5,4.0,,,,1A,MASCULINO,2023,PUBLICA,2014,0.0,9,1.0
1021,2024,1.0,2.0,-1,8.0985863636,TOPAZIO,5.0,8.0,9.318181818,9.502,7.51,8.4375,7.95,9.0,7.0,,,,1A,MASCULINO,2023,PUBLICA,2014,-1.0,10,
1022,2023,1.0,1.0,0,7.164616667,AMETISTA,10.0,4.7,8.5,8.5,3.77,7.1875,7.893333333,4.7,4.7,,,,1A,MASCULINO,2023,PUBLICA,2014,0.0,9,1.0
1022,2024,1.0,2.0,-1,7.613169697000002,AMETISTA,5.0,6.5,9.318181818,9.502,6.26,7.5,8.116666667,5.5,7.5,,,,1A,MASCULINO,2023,PUBLICA,2014,-1.0,10,
1023,2023,1.0,1.0,0,9.1342,TOPAZIO,10.0,9.1,10.0,10.0,6.27,8.75,9.06,8.5,9.7,,,,1A,FEMININO,2023,PUBLICA,2014,0.0,9,0.0
1023,2024,2.0,2.0,0,9.498580952300001,TOPAZIO,10.0,9.5,9.511904762,9.502,9.375,8.958333333,9.563333333,9.0,10.0,,,,2B,FEMININO,2023,PUBLICA,2014,0.0,10,
1024,2023,1.0,2.0,-1,7.788875,AMETISTA,5.0,9.8,10.0,0.0,6.27,9.21875,8.95,10.0,9.5,,,,1B,FEMININO,2023,PUBLICA,2013,-1.0,10,1.0
1024,2024,1.0,2.0,-1,8.6516166666,TOPAZIO,5.0,10.0,10.0,8.002,7.51,8.4375,8.783333333,10.0,10.0,,,,1B,FEMININO,2023,PUBLICA,2013,-1.0,11,
1025,2023,1.0,1.0,0,8.215158333,TOPAZIO,10.0,7.5,8.9,8.5,7.52,7.65625,7.836666667,7.5,7.5,,,,1B,MASCULINO,2023,PUBLICA,2013,0.0,10,1.0
1025,2024,1.0,2.0,-1,7.897071212,AMETISTA,5.0,9.0,7.727272727,9.002,7.51,8.4375,7.783333333,10.0,8.0,,,,1A,MASCULINO,2023,PUBLICA,2013,-1.0,11,
1026,2023,1.0,4.0,-3,6.494825,AGATA,2.5,3.2,9.8,8.5,7.52,6.40625,7.06,2.3,4.0,,,,1B,FEMININO,2023,PUBLICA,2009,-3.0,14,
1027,2023,1.0,2.0,-1,7.748866667,AMETISTA,5.0,6.0,9.7,9.5,7.52,7.5,8.333333333,4.2,7.7,,,,1B,FEMININO,2023,PUBLICA,2013,-1.0,10,0.0
1027,2024,2.0,2.0,0,8.220866666700001,TOPAZIO,10.0,5.25,10.0,9.502,7.51,7.916666667,8.39,6.0,4.5,,,,2B,FEMININO,2023,PUBLICA,2013,0.0,11,
1028,2023,1.0,2.0,-1,6.415708333,AGATA,5.0,5.0,9.2,0.0,7.52,7.34375,7.946666667,5.0,5.0,,,,1B,MASCULINO,2023,PUBLICA,2012,-1.0,11,1.0
1028,2024,1.0,3.0,-2,7.1404338602,AMETISTA,5.0,7.5,7.055335968,8.002,5.63,6.875,8.393333333,6.0,9.0,,,,1B,MASCULINO,2023,PUBLICA,2012,-2.0,12,
1029,2023,1.0,1.0,0,7.058533333,AMETISTA,10.0,5.4,6.3,10.0,3.77,7.5,8.006666667,3.5,7.2,,,,1C,FEMININO,2023,PUBLICA,2014,0.0,9,1.0
1029,2024,1.0,2.0,-1,7.797790909100001,AMETISTA,5.0,8.75,8.7954545455,9.002,6.885,7.5,7.25,8.0,9.5,,,,1C,FEMININO,2023,PUBLICA,2014,-1.0,10,
1030,2023,1.0,2.0,-1,7.4027,AMETISTA,5.0,6.9,9.7,8.5,3.77,6.875,8.39,6.2,7.5,,,,1C,MASCULINO,2023,PUBLICA,2012,-1.0,11,0.0
1030,2024,2.0,2.0,0,7.7401916040000005,AMETISTA,10.0,8.0,8.28320802,7.418,4.385,7.8125,7.61,10.0,6.0,,,,2D,MASCULINO,2023,PUBLICA,2012,0.0,12,
1031,2023,1.0,2.0,-1,7.0602,AMETISTA,5.0,5.9,8.8,8.0,7.52,6.666666667,7.006666667,4.8,7.0,,,,1D,MASCULINO,2023,PUBLICA,2013,-1.0,10,1.0
1031,2024,1.0,2.0,-1,6.8757227273,AGATA,5.0,6.25,8.6363636365,9.502,7.51,5.3125,5.83,5.5,7.0,,,,1C,MASCULINO,2023,PUBLICA,2013,-1.0,11,
1032,2023,1.0,2.0,-1,7.434033333,AMETISTA,5.0,6.0,9.5,8.5,7.52,7.291666667,7.563333333,5.7,6.2,,,,1D,MASCULINO,2023,PUBLICA,2013,-1.0,10,1.0
1032,2024,1.0,2.0,-1,8.01645,TOPAZIO,5.0,8.0,9.75,8.502,7.51,7.8125,7.92,9.0,7.0,,,,1C,MASCULINO,2023,PUBLICA,2013,-1.0,11,
1033,2023,1.0,2.0,-1,8.126033333,TOPAZIO,5.0,7.9,8.9,9.0,7.52,8.125,9.006666667,7.0,8.8,,,,1D,FEMININO,2023,PUBLICA,2012,-1.0,11,
1034,2023,1.0,2.0,-1,7.9642,AMETISTA,5.0,8.3,9.0,7.5,7.52,8.333333333,8.393333333,7.8,8.7,,,,1D,MASCULINO,2023,PUBLICA,2013,-1.0,10,0.0
1034,2024,2.0,2.0,0,8.0333666666,TOPAZIO,10.0,7.5,8.0833333335,7.502,7.51,7.708333333,8.223333333,7.5,7.5,,,,2B,MASCULINO,2023,PUBLICA,2013,0.0,11,
1035,2023,1.0,1.0,0,6.888833333,AGATA,10.0,5.8,8.3,0.0,7.52,7.708333333,7.78,4.0,7.5,,,,1D,MASCULINO,2023,PUBLICA,2014,0.0,9,1.0
1035,2024,1.0,2.0,-1,7.833495454500001,AMETISTA,5.0,7.0,9.0227272725,9.502,7.51,8.4375,7.92,6.5,7.5,,,,1C,MASCULINO,2023,PUBLICA,2014,-1.0,10,
1036,2023,1.0,2.0,-1,6.970583333,AGATA,5.0,8.0,9.6,0.0,3.77,9.0625,8.336666667,9.0,7.0,,,,1F,FEMININO,2023,PUBLICA,2012,-1.0,11,0.0
1036,2024,2.0,2.0,0,8.2841303831,TOPAZIO,10.0,7.0,9.0890269155,10.002,7.51,7.65625,7.7475,7.0,7.0,,,,2H,FEMININO,2023,PUBLICA,2012,0.0,12,
1037,2023,1.0,2.0,-1,7.655575,AMETISTA,5.0,6.7,8.4,9.0,7.52,8.59375,8.17,5.0,8.3,,,,1F,MASCULINO,2023,PUBLICA,2012,-1.0,11,
1038,2023,1.0,2.0,-1,7.736825,AMETISTA,5.0,6.5,9.3,8.0,7.52,8.90625,8.17,7.5,5.5,,,,1F,FEMININO,2023,PRIVADA,2013,-1.0,10,0.0
1038,2024,2.0,2.0,0,7.9646385965,AMETISTA,10.0,8.5,7.5438596495,8.002,7.51,7.5,7.273333333,10.0,7.0,,,,2I,FEMININO,2023,PUBLICA,2013,0.0,11,
1039,2023,1.0,3.0,-2,7.686033333,AMETISTA,5.0,6.2,9.9,8.0,7.52,8.125,8.056666667,6.0,6.3,,,,1F,MASCULINO,2023,PUBLICA,2011,-2.0,12,1.0
1039,2024,2.0,3.0,-1,7.549644444400001,AMETISTA,5.0,7.25,9.722222222,8.002,7.51,7.5,6.77,8.0,6.5,,,,2I,MASCULINO,2023,PUBLICA,2011,-1.0,13,
1040,2023,1.0,2.0,-1,7.81545,AMETISTA,5.0,6.6,9.3,10.0,7.52,7.8125,8.06,5.8,7.3,,,,1F,MASCULINO,2023,PUBLICA,2011,-1.0,12,1.0
1040,2024,2.0,3.0,-1,7.764199999900001,AMETISTA,5.0,8.25,8.5416666665,9.502,7.51,7.5,7.273333333,8.0,8.5,,,,2I,MASCULINO,2023,PUBLICA,2011,-1.0,13,
1041,2023,1.0,2.0,-1,6.724116667,AGATA,5.0,3.3,7.2,10.0,7.52,7.8125,8.003333333,1.8,4.7,,,,1F,FEMININO,2023,PUBLICA,2013,-1.0,10,
1042,2023,1.0,2.0,-1,5.331166667,QUARTZO,5.0,4.3,6.5,0.0,3.77,7.708333333,7.666666667,4.0,4.5,,,,1G,MASCULINO,2023,PUBLICA,2013,-1.0,10,
1043,2023,1.0,2.0,-1,6.5447,AGATA,5.0,2.5,7.9,10.0,6.27,7.708333333,7.833333333,2.0,3.0,,,,1G,MASCULINO,2023,PUBLICA,2013,-1.0,10,1.0
1043,2024,1.0,2.0,-1,7.539847562500002,AMETISTA,5.0,8.25,7.994071146,10.002,7.51,7.291666667,6.553333333,8.5,8.0,,,,1H,MASCULINO,2023,PUBLICA,2013,-1.0,11,
1044,2023,1.0,2.0,-1,7.629533333,AMETISTA,5.0,6.1,9.7,8.0,7.52,7.5,8.336666667,4.5,7.7,,,,1G,FEMININO,2023,PUBLICA,2013,-1.0,10,0.0
1044,2024,2.0,2.0,0,7.966711904800001,AMETISTA,10.0,7.0,9.523809524,7.502,7.51,7.1875,7.21,7.0,7.0,,,,2G,FEMININO,2023,PUBLICA,2013,0.0,11,
1045,2023,1.0,2.0,-1,8.089033333,TOPAZIO,5.0,7.9,9.4,9.5,7.52,7.708333333,8.28,6.8,9.0,,,,1H,FEMININO,2023,PUBLICA,2012,-1.0,11,
1046,2023,1.0,1.0,0,6.835833333,AGATA,10.0,6.3,8.5,0.0,3.77,8.541666667,8.223333333,6.3,6.3,,,,1H,MASCULINO,2023,PUBLICA,2014,0.0,9,
1047,2023,1.0,1.0,0,7.848366667,AMETISTA,10.0,6.9,8.5,10.0,3.77,8.125,7.893333333,5.8,8.0,,,,1H,MASCULINO,2023,PUBLICA,2014,0.0,9,
1048,2023,1.0,2.0,-1,7.811366667,AMETISTA,5.0,8.2,9.5,8.5,3.77,8.541666667,8.5,7.5,8.8,,,,1H,FEMININO,2023,PRIVADA,2013,-1.0,10,0.0
1048,2024,2.0,1.0,1,7.5198666666000005,AMETISTA,10.0,6.25,6.833333333500001,8.502,6.255,7.708333333,8.283333333,6.5,6.0,,,,2A,FEMININO,2023,PRIVADA,2013,1.0,11,
1049,2023,1.0,2.0,-1,7.443366667,AMETISTA,5.0,6.3,7.7,10.0,7.52,8.125,7.943333333,5.5,7.0,,,,1H,MASCULINO,2023,PUBLICA,2013,-1.0,10,1.0
1049,2024,1.0,2.0,-1,6.821885606,AGATA,5.0,4.5,8.03030303,9.502,7.51,7.65625,6.745,4.0,5.0,,,,1J,MASCULINO,2023,PUBLICA,2013,-1.0,11,
1050,2023,1.0,2.0,-1,7.764366667,AMETISTA,5.0,7.2,9.2,9.0,6.27,8.125,8.223333333,6.2,8.2,,,,1H,MASCULINO,2023,PUBLICA,2012,-1.0,11,
1051,2023,1.0,1.0,0,8.534866667,TOPAZIO,10.0,8.4,8.9,8.5,6.27,8.75,8.613333333,7.0,9.8,,,,1H,FEMININO,2023,PUBLICA,2014,0.0,9,
1052,2023,1.0,1.0,0,6.960333333,AGATA,10.0,5.3,9.0,0.0,7.52,7.916666667,7.833333333,5.0,5.5,,,,1H,MASCULINO,2023,PUBLICA,2014,0.0,9,1.0
1052,2024,1.0,2.0,-1,7.744032575800001,AMETISTA,5.0,8.25,9.128787879,5.834,6.26,8.59375,8.4975,8.5,8.0,,,,1J,MASCULINO,2023,PUBLICA,2014,-1.0,10,
1053,2023,1.0,1.0,0,7.776166667,AMETISTA,10.0,8.6,9.1,0.0,6.27,8.958333333,8.616666667,7.8,9.3,,,,1J,MASCULINO,2023,PUBLICA,2014,0.0,9,
1054,2023,1.0,3.0,-2,7.459533333,AMETISTA,5.0,6.6,8.6,8.5,7.52,7.5,7.836666667,5.0,8.2,,,,1J,MASCULINO,2023,PUBLICA,2010,-2.0,13,1.0
1054,2024,2.0,3.0,-1,6.985788509300001,AGATA,5.0,6.25,7.3291925465,9.502,7.51,7.1875,6.75,6.0,6.5,,,,2G,MASCULINO,2023,PUBLICA,2010,-1.0,14,
1055,2023,1.0,2.0,-1,5.9765,QUARTZO,5.0,5.5,7.2,0.0,7.52,7.291666667,7.276666667,6.0,5.0,,,,1J,MASCULINO,2023,PUBLICA,2012,-1.0,11,1.0
1055,2024,1.0,3.0,-2,6.403040909100001,AGATA,5.0,5.5,5.7954545455,10.002,7.51,7.1875,5.87,4.0,7.0,,,,1J,MASCULINO,2023,PUBLICA,2012,-2.0,12,
1056,2023,1.0,1.0,0,8.551741667,TOPAZIO,10.0,8.1,9.6,8.5,7.52,7.96875,8.113333333,7.8,8.3,,,,1K,MASCULINO,2023,PUBLICA,2014,0.0,9,1.0
1056,2024,1.0,2.0,-1,8.192009523800001,TOPAZIO,5.0,8.25,9.2857142855,8.502,7.51,9.166666667,8.335,8.5,8.0,,,,1L,MASCULINO,2023,PUBLICA,2014,-1.0,10,
1057,2023,1.0,1.0,0,8.4827,TOPAZIO,10.0,6.3,10.0,10.0,7.52,8.125,8.34,6.5,6.0,,,,1L,FEMININO,2023,PUBLICA,2014,0.0,9,1.0
1057,2024,1.0,2.0,-1,8.2352,TOPAZIO,5.0,8.0,10.0,10.002,6.26,8.75,8.17,8.0,8.0,,,,1L,FEMININO,2023,PUBLICA,2014,-1.0,10,
1058,2023,1.0,1.0,0,7.356533333,AMETISTA,10.0,5.4,8.7,10.0,3.14,7.083333333,7.62,4.0,6.7,,,,1L,FEMININO,2023,PUBLICA,2014,0.0,9,1.0
1058,2024,1.0,2.0,-1,7.703347619,AMETISTA,5.0,7.75,8.095238095,9.168,6.88,8.125,8.085,7.5,8.0,,,,1K,FEMININO,2023,PUBLICA,2014,-1.0,10,
1059,2023,1.0,2.0,-1,7.763741667,AMETISTA,5.0,7.6,9.8,10.0,2.52,7.96875,8.673333333,6.2,9.0,,,,1M,MASCULINO,2023,PUBLICA,2013,-1.0,10,0.0
1059,2024,2.0,2.0,0,8.678450000000002,TOPAZIO,10.0,7.5,10.0,8.002,6.26,9.0625,9.23,7.5,7.5,,,,2M,MASCULINO,2023,PUBLICA,2013,0.0,11,
1060,2023,1.0,2.0,-1,7.095741667,AMETISTA,5.0,5.7,8.6,9.0,3.14,7.96875,8.673333333,4.3,7.0,,,,1M,MASCULINO,2023,PUBLICA,2012,-1.0,11,0.0
1060,2024,2.0,2.0,0,6.448416666600001,AGATA,10.0,3.25,6.0,9.585,6.26,7.8125,6.163333333,3.5,3.0,,,,2M,MASCULINO,2023,PUBLICA,2012,0.0,12,
1061,2023,1.0,2.0,-1,8.196533333,TOPAZIO,5.0,9.3,9.7,9.5,3.14,8.75,8.836666667,8.8,9.7,,,,1M,MASCULINO,2023,PUBLICA,2013,-1.0,10,0.0
1061,2024,2.0,2.0,0,8.76595,TOPAZIO,10.0,8.5,10.0,8.502,6.26,8.4375,8.73,7.0,10.0,,,,2M,MASCULINO,2023,PUBLICA,2013,0.0,11,
1062,2023,1.0,1.0,0,7.448841667,AMETISTA,10.0,6.2,7.7,7.4,3.77,8.59375,8.503333333,4.8,7.5,,,,1M,MASCULINO,2023,PUBLICA,2014,0.0,9,1.0
1062,2024,1.0,2.0,-1,7.6147238096,AMETISTA,5.0,7.25,9.047619048,8.002,5.63,8.75,8.085,6.5,8.0,,,,1L,MASCULINO,2023,PUBLICA,2014,-1.0,10,
1063,2023,1.0,2.0,-1,7.490825,AMETISTA,5.0,5.9,9.5,9.5,7.52,6.40625,7.89,4.7,7.0,,,,1N,MASCULINO,2023,PRIVADA PROGRAMA DE APADRINHAMENTO,2012,-1.0,11,1.0
1063,2024,2.0,3.0,-1,7.279250000000001,AMETISTA,5.0,7.75,9.75,5.25,7.51,7.8125,6.11,9.0,6.5,,,,2N,MASCULINO,2023,PUBLICA,2012,-1.0,12,
1064,2023,1.0,2.0,-1,8.4777,TOPAZIO,5.0,8.6,9.8,8.5,7.52,9.375,8.84,8.3,8.8,,,,1N,MASCULINO,2023,PUBLICA,2013,-1.0,10,0.0
1064,2024,2.0,2.0,0,8.9802350877,TOPAZIO,10.0,8.5,9.7368421055,9.502,7.51,8.75,8.783333333,8.0,9.0,,,,2N,MASCULINO,2023,PUBLICA,2013,0.0,11,
1065,2023,1.0,2.0,-1,8.03395,TOPAZIO,5.0,7.0,9.6,8.5,7.52,8.4375,8.84,7.7,6.3,,,,1N,FEMININO,2023,PUBLICA,2013,-1.0,10,0.0
1065,2024,2.0,2.0,0,8.8634934783,TOPAZIO,10.0,9.25,8.8152173915,9.502,6.26,9.0625,8.84,9.0,9.5,,,,2N,FEMININO,2023,PUBLICA,2013,0.0,11,
1066,2023,1.0,2.0,-1,7.262616667,AMETISTA,5.0,6.2,6.6,8.5,7.52,8.4375,8.783333333,4.2,8.2,,,,1N,FEMININO,2023,PUBLICA,2013,-1.0,10,0.0
1066,2024,2.0,2.0,0,7.9326223603,AMETISTA,10.0,7.25,8.3954451345,9.502,6.26,7.5,7.386666667,7.0,7.5,,,,2L,FEMININO,2023,PUBLICA,2013,0.0,11,
1067,2023,1.0,2.0,-1,6.541458333,AGATA,5.0,5.4,7.9,0.0,7.52,8.28125,9.006666667,4.5,6.3,,,,1N,MASCULINO,2023,PUBLICA,2013,-1.0,10,1.0
1067,2024,1.0,2.0,-1,7.840033333300001,AMETISTA,5.0,6.75,8.333333332999999,10.002,7.51,8.541666667,8.59,6.5,7.0,,,,1K,MASCULINO,2023,PUBLICA,2013,-1.0,11,
1068,2023,1.0,2.0,-1,8.472533333,TOPAZIO,5.0,9.0,9.3,8.5,6.89,9.166666667,9.283333333,8.3,9.7,,,,1P,MASCULINO,2023,PUBLICA,2013,-1.0,10,0.0
1068,2024,2.0,2.0,0,9.0150030303,TOPAZIO,10.0,9.5,9.068181818,9.502,7.51,8.541666667,8.73,9.0,10.0,,,,2R,MASCULINO,2023,PUBLICA,2013,0.0,11,
1069,2023,1.0,2.0,-1,7.590033333,AMETISTA,5.0,7.1,7.8,9.0,7.52,8.125,8.226666667,7.5,6.7,,,,1P,MASCULINO,2023,PUBLICA,2012,-1.0,11,0.0
1069,2024,2.0,2.0,0,7.678917391300001,AMETISTA,10.0,6.25,7.0760869565,9.002,7.51,8.125,7.75,7.0,5.5,,,,2K,MASCULINO,2023,PUBLICA,2012,0.0,12,
1070,2023,1.0,2.0,-1,6.939033333,AGATA,5.0,5.8,7.8,9.0,3.14,7.708333333,8.67,5.3,6.3,,,,1P,MASCULINO,2023,PUBLICA,2012,-1.0,11,1.0
1070,2024,1.0,2.0,-1,6.287171861500001,AGATA,5.0,2.25,9.3073593075,9.002,5.635,6.875,6.6225,4.5,0.0,,,,1P,MASCULINO,2023,PUBLICA,2012,-1.0,12,
1071,2023,1.0,2.0,-1,6.414033333,AGATA,5.0,3.5,8.6,9.0,7.52,5.625,6.396666667,1.7,5.3,,,,1R,MASCULINO,2023,PUBLICA,2012,-1.0,11,1.0
1071,2024,2.0,3.0,-1,4.8048623378,QUARTZO,5.0,4.5,4.188311688500001,8.002,7.51,4.166666667,2.996666667,4.0,5.0,,,,2R,MASCULINO,2023,PUBLICA,2012,-1.0,12,
1072,2023,2.0,2.0,0,8.0152,TOPAZIO,10.0,6.7,8.6,9.0,5.0,8.125,8.7125,5.2,8.2,,,,2A,MASCULINO,2023,PUBLICA,2011,0.0,12,0.0
1072,2024,3.0,3.0,0,7.8153856754,AMETISTA,10.0,8.166666666666666,5.627886710333333,8.751,8.755,7.96875,7.545,8.0,7.0,9.5,,,3B,MASCULINO,2023,PUBLICA,2011,0.0,13,
1073,2023,2.0,3.0,-1,6.384333333,AGATA,5.0,6.2,8.8,0.0,2.52,8.333333333,9.045,4.8,7.5,,,,2A,FEMININO,2023,PUBLICA,2011,-1.0,12,0.0
1073,2024,3.0,3.0,0,7.0859945773333335,AMETISTA,10.0,6.5,6.370972886666667,9.168,7.5,6.875,5.7875,6.5,5.0,8.0,,,3A,FEMININO,2022,PUBLICA,2011,0.0,13,
1074,2023,2.0,3.0,-1,6.195833333,AGATA,5.0,6.0,9.8,0.0,2.52,7.083333333,7.8775,8.0,4.0,,,,2A,FEMININO,2023,PUBLICA,2010,-1.0,13,
1075,2023,2.0,3.0,-1,6.591333333,AGATA,5.0,5.5,9.6,0.0,5.0,7.708333333,9.0025,5.0,6.0,,,,2A,FEMININO,2023,PUBLICA,2010,-1.0,13,1.0
1075,2024,2.0,3.0,-1,6.8100812324,AGATA,5.0,6.0,8.5154061625,7.5,3.755,7.708333333,7.553333333,5.0,7.0,,,,2A,FEMININO,2023,PUBLICA,2010,-1.0,14,
1076,2023,2.0,3.0,-1,7.901033333,AMETISTA,5.0,8.5,9.7,9.0,2.52,8.333333333,8.8775,9.0,8.0,,,,2A,FEMININO,2023,PUBLICA,2011,-1.0,12,0.0
1076,2024,3.0,3.0,0,7.479598365200001,AMETISTA,10.0,6.333333333333333,7.777033492666668,8.334,8.125,7.03125,6.5425,5.5,6.5,7.0,,,3A,FEMININO,2021,PUBLICA,2011,0.0,13,
1077,2023,2.0,2.0,0,7.2115,AMETISTA,10.0,7.3,9.7,0.0,2.52,8.75,8.4225,6.8,7.8,,,,2B,MASCULINO,2023,PUBLICA,2012,0.0,11,0.0
1077,2024,3.0,3.0,0,5.543865740733334,QUARTZO,10.0,2.0,7.703703703666666,0.0,6.885,6.40625,6.37,0.0,6.0,0.0,,,3D,MASCULINO,2023,PUBLICA,2012,0.0,12,
1078,2023,2.0,4.0,-2,6.472333333,AGATA,5.0,6.4,6.8,5.3,2.52,8.958333333,8.2975,4.3,8.5,,,,2B,MASCULINO,2023,PUBLICA,2009,-2.0,14,
1079,2023,2.0,3.0,-1,6.916533333,AGATA,5.0,7.6,8.1,9.0,2.52,7.083333333,7.13,7.3,7.8,,,,2B,MASCULINO,2023,PUBLICA,2010,-1.0,13,0.0
1079,2024,3.0,3.0,0,5.4253413299333335,QUARTZO,10.0,6.333333333333333,4.516498316333333,7.5,2.51,4.21875,4.1625,5.0,7.5,6.5,,,3B,MASCULINO,2023,PUBLICA,2010,0.0,14,
1080,2023,2.0,3.0,-1,6.571966667,AGATA,5.0,1.5,10.0,7.9,5.0,8.541666667,8.13,0.0,3.0,,,,2B,MASCULINO,2023,PUBLICA,2011,-1.0,12,
1081,2023,2.0,4.0,-2,7.666033333,AMETISTA,5.0,6.5,10.0,10.0,2.52,8.958333333,8.59,8.0,5.0,,,,2B,FEMININO,2023,PUBLICA,2009,-2.0,14,0.0
1081,2024,4.0,4.0,0,8.5452952381,TOPAZIO,10.0,8.833333333333334,9.523809523666666,6.667,5.005,9.166666667,8.95,9.5,8.0,9.0,,,4C,FEMININO,2023,PRIVADA PROGRAMA DE APADRINHAMENTO,2009,0.0,15,
1082,2023,2.0,3.0,-1,7.1617,AMETISTA,5.0,5.0,9.5,9.5,2.52,8.75,8.4225,3.5,6.5,,,,2B,FEMININO,2023,PUBLICA,2011,-1.0,12,1.0
1082,2024,2.0,3.0,-1,6.6114857142,AGATA,5.0,3.75,7.5714285715,7.502,10.0,7.083333333,6.943333333,2.0,5.5,,,,2A,FEMININO,2023,PUBLICA,2011,-1.0,13,
1083,2023,2.0,2.0,0,8.2345,TOPAZIO,10.0,7.5,10.0,6.8,5.0,8.75,8.38,7.0,8.0,,,,2B,FEMININO,2023,PUBLICA,2013,0.0,10,
1084,2023,2.0,2.0,0,7.9948,AMETISTA,10.0,6.8,10.0,8.4,2.52,8.75,8.38,5.0,8.5,,,,2B,FEMININO,2023,PUBLICA,2012,0.0,11,0.0
1084,2024,3.0,3.0,0,6.9071109649333335,AGATA,10.0,3.6666666666666665,7.705263158,8.751,5.63,7.03125,7.4575,1.0,6.0,4.0,,,3A,FEMININO,2023,PUBLICA,2012,0.0,12,
1085,2023,2.0,3.0,-1,6.563833333,AGATA,5.0,6.7,9.8,0.0,2.52,8.958333333,8.13,6.0,7.3,,,,2C,FEMININO,2023,PUBLICA,2011,-1.0,12,
1086,2023,2.0,3.0,-1,7.2382,AMETISTA,5.0,5.7,9.4,8.5,2.52,8.75,8.755,6.0,5.3,,,,2C,FEMININO,2023,PUBLICA,2011,-1.0,12,
1087,2023,2.0,3.0,-1,7.2067,AMETISTA,5.0,5.4,9.5,10.0,2.52,8.75,8.0475,3.7,7.0,,,,2C,FEMININO,2023,PUBLICA,2011,-1.0,12,0.0
1087,2024,3.0,3.0,0,6.913936532,AGATA,10.0,2.6666666666666665,8.393265993333333,7.917,8.755,7.1875,6.58,2.0,5.0,1.0,,,3B,FEMININO,2023,PUBLICA,2011,0.0,13,
1088,2023,2.0,3.0,-1,7.4717,AMETISTA,5.0,6.8,9.8,9.5,2.52,8.75,7.9225,6.0,7.5,,,,2C,MASCULINO,2023,PUBLICA,2010,-1.0,13,
1089,2023,2.0,2.0,0,7.9947,AMETISTA,10.0,7.0,9.5,9.0,2.52,8.75,8.3375,6.0,8.0,,,,2C,FEMININO,2023,PUBLICA,2012,0.0,11,0.0
1089,2024,3.0,3.0,0,7.6221531746,AMETISTA,10.0,6.833333333333333,7.039682539666667,9.168,8.13,7.1875,6.995,6.0,6.0,8.5,,,3D,FEMININO,2023,PUBLICA,2012,0.0,12,
1090,2023,2.0,3.0,-1,7.844033333,AMETISTA,5.0,9.0,9.6,9.0,2.52,8.958333333,7.88,8.7,9.3,,,,2C,MASCULINO,2023,PUBLICA,2010,-1.0,13,0.0
1090,2024,3.0,3.0,0,7.7652831384,AMETISTA,10.0,6.333333333333333,7.621832358666666,9.585,7.51,7.8125,7.4175,3.5,7.5,8.0,,,3D,MASCULINO,2023,PUBLICA,2010,0.0,14,
1091,2023,2.0,3.0,-1,8.032533333,TOPAZIO,5.0,9.5,9.0,8.5,2.52,8.958333333,9.1725,9.3,9.7,,,,2C,MASCULINO,2023,PUBLICA,2011,-1.0,12,
1092,2023,2.0,3.0,-1,7.41,AMETISTA,5.0,6.9,9.8,7.8,2.52,8.75,8.2975,6.0,7.8,,,,2C,MASCULINO,2023,PUBLICA,2011,-1.0,12,
1093,2023,2.0,2.0,0,8.197533333,TOPAZIO,10.0,9.2,9.3,7.0,2.52,8.958333333,8.2975,9.3,9.0,,,,2C,MASCULINO,2023,PUBLICA,2012,0.0,11,0.0
1093,2024,3.0,3.0,0,8.5079027778,TOPAZIO,10.0,8.666666666666666,7.722222222333333,7.5,8.13,8.90625,8.8825,8.5,8.0,9.5,,,3D,MASCULINO,2023,PUBLICA,2012,0.0,12,
1094,2023,2.0,2.0,0,8.1779,TOPAZIO,10.0,8.5,9.5,7.8,2.52,8.75,8.3375,7.8,9.2,,,,2C,FEMININO,2023,PUBLICA,2011,0.0,12,0.0
1094,2024,3.0,3.0,0,8.0164785714,TOPAZIO,10.0,7.333333333333333,9.523809523666666,9.168,2.51,8.4375,8.1675,6.0,7.5,8.5,,,3D,FEMININO,2023,PUBLICA,2011,0.0,13,
1095,2023,2.0,3.0,-1,6.238,AGATA,5.0,5.3,9.8,0.0,2.52,8.75,8.005,5.8,4.7,,,,2C,MASCULINO,2023,PUBLICA,2010,-1.0,13,0.0
1095,2024,3.0,3.0,0,6.108547514666667,AGATA,10.0,2.3333333333333335,7.84502924,7.5,7.51,5.46875,5.125,3.0,2.0,2.0,,,3D,MASCULINO,2023,PUBLICA,2010,0.0,14,
1096,2023,2.0,2.0,0,8.615533333,TOPAZIO,10.0,9.6,9.9,9.5,2.52,8.958333333,8.0875,9.5,9.7,,,,2D,FEMININO,2023,PUBLICA,2012,0.0,11,0.0
1096,2024,3.0,2.0,1,9.189883333333334,TOPAZIO,10.0,8.5,9.866666666666667,9.168,8.755,9.0625,9.09,8.5,7.0,10.0,,,3B,FEMININO,2023,PUBLICA,2012,1.0,12,
1097,2023,2.0,4.0,-2,6.9547,AGATA,5.0,5.4,8.6,9.5,5.0,8.125,6.96,4.3,6.5,,,,2D,MASCULINO,2023,PUBLICA,2009,-2.0,14,1.0
1097,2024,3.0,4.0,-1,5.475324895633334,QUARTZO,5.0,3.0,4.849791144666667,10.002,6.25,6.041666667,5.88,4.5,4.5,0.0,,,3C,MASCULINO,2023,PUBLICA,2009,-1.0,15,
1098,2023,2.0,3.0,-1,7.2787,AMETISTA,5.0,6.4,9.5,9.5,2.52,8.125,7.92,6.3,6.5,,,,2D,FEMININO,2023,PUBLICA,2010,-1.0,13,0.0
1098,2024,3.0,3.0,0,6.5744562514,AGATA,10.0,3.5,5.822406257,8.751,7.51,7.34375,6.7475,1.0,3.5,6.0,,,3D,FEMININO,2023,PUBLICA,2010,0.0,14,
1099,2023,2.0,3.0,-1,7.113533333,AMETISTA,5.0,5.2,9.6,9.0,2.52,8.333333333,8.34,5.7,4.7,,,,2F,FEMININO,2023,PUBLICA,2010,-1.0,13,0.0
1099,2024,3.0,3.0,0,7.332483333333334,AMETISTA,10.0,3.8333333333333335,8.133333333333333,8.334,10.0,7.8125,6.6225,2.5,3.5,5.5,,,3G,FEMININO,2023,PUBLICA,2010,0.0,14,
1100,2023,2.0,2.0,0,8.261033333,TOPAZIO,10.0,7.1,9.2,10.0,5.0,8.541666667,8.283333333,6.3,7.8,,,,2F,MASCULINO,2023,PUBLICA,2012,0.0,11,0.0
1100,2024,3.0,2.0,1,6.649708333333334,AGATA,10.0,4.666666666666667,7.1000000000000005,7.5,7.51,6.71875,5.6175,4.0,4.0,6.0,,,3G,MASCULINO,2023,PUBLICA,2012,1.0,12,
1101,2023,2.0,2.0,0,6.446666667,AGATA,10.0,5.3,7.2,0.0,5.0,8.333333333,8.116666667,4.2,6.3,,,,2F,MASCULINO,2023,PUBLICA,2013,0.0,10,
1102,2023,2.0,2.0,0,8.123033333,TOPAZIO,10.0,7.5,9.5,9.5,5.0,7.708333333,7.56,5.7,9.2,,,,2F,MASCULINO,2023,PUBLICA,2012,0.0,11,0.0
1102,2024,3.0,2.0,1,8.440611904733334,TOPAZIO,10.0,9.333333333333334,9.390476190333333,8.751,8.13,5.9375,7.07,10.0,8.0,10.0,,,3H,MASCULINO,2023,PUBLICA,2012,1.0,12,
1103,2023,2.0,2.0,0,7.574866667,AMETISTA,10.0,5.0,8.7,9.0,5.0,8.333333333,8.006666667,4.5,5.5,,,,2F,MASCULINO,2023,PUBLICA,2012,0.0,11,0.0
1103,2024,2.0,2.0,0,7.861995031000001,AMETISTA,10.0,7.25,7.763975155000001,8.502,7.51,7.5,7.54,6.0,8.5,,,,2H,MASCULINO,2023,PUBLICA,2012,0.0,12,
1104,2023,2.0,3.0,-1,7.265533333,AMETISTA,5.0,6.4,10.0,5.7,2.52,8.541666667,9.063333333,5.5,7.3,,,,2G,FEMININO,2023,PUBLICA,2010,-1.0,13,
1105,2023,2.0,3.0,-1,6.299166667,AGATA,5.0,6.0,9.0,0.0,2.52,8.125,8.673333333,5.0,7.0,,,,2G,FEMININO,2023,PUBLICA,2010,-1.0,13,
1106,2023,2.0,3.0,-1,7.1642,AMETISTA,5.0,5.1,9.3,8.5,5.0,8.333333333,8.003333333,5.2,5.0,,,,2H,MASCULINO,2023,PUBLICA,2011,-1.0,12,0.0
1106,2024,3.0,3.0,0,5.936272086266667,QUARTZO,10.0,0.0,5.4312354313333335,8.334,7.51,7.65625,7.5,0.0,0.0,0.0,,,3F,MASCULINO,2023,PUBLICA,2011,0.0,13,
1107,2023,2.0,3.0,-1,7.9327,AMETISTA,5.0,7.5,9.4,9.0,5.0,8.958333333,8.783333333,8.0,7.0,,,,2H,FEMININO,2023,PUBLICA,2010,-1.0,13,0.0
1107,2024,3.0,3.0,0,5.9731,QUARTZO,10.0,2.5,6.2,8.751,2.51,7.5,6.785,1.0,3.5,3.0,,,3G,FEMININO,2023,PUBLICA,2010,0.0,14,
1108,2023,2.0,3.0,-1,6.310833333,AGATA,5.0,4.7,9.3,0.0,5.0,8.541666667,8.283333333,3.7,5.7,,,,2H,MASCULINO,2023,PUBLICA,2010,-1.0,13,0.0
1108,2024,3.0,3.0,0,6.017215010400001,AGATA,10.0,3.6666666666666665,3.7546583853333337,9.168,8.13,7.1875,5.422,3.5,3.5,4.0,,,3F,MASCULINO,2023,PUBLICA,2010,0.0,14,
1109,2023,2.0,4.0,-2,6.277533333,AGATA,5.0,3.4,6.4,10.0,5.0,7.5,7.836666667,3.5,3.3,,,,2H,MASCULINO,2023,PUBLICA,2009,-2.0,14,
1110,2023,2.0,3.0,-1,7.248566667,AMETISTA,5.0,6.8,9.2,4.6,5.0,8.541666667,8.73,6.5,7.0,,,,2H,FEMININO,2023,PUBLICA,2011,-1.0,12,
1111,2023,2.0,2.0,0,6.559166667,AGATA,10.0,5.4,8.9,0.0,2.52,8.125,8.173333333,4.8,6.0,,,,2I,FEMININO,2023,PUBLICA,2012,0.0,11,0.0
1111,2024,3.0,2.0,1,6.116032815733334,AGATA,10.0,5.0,4.600414078666667,6.249,7.5,6.5625,5.824,5.0,4.0,6.0,,,3F,FEMININO,2023,PUBLICA,2012,1.0,12,
1112,2023,2.0,3.0,-1,7.088866667,AMETISTA,5.0,6.3,7.9,9.5,2.52,8.333333333,8.616666667,5.2,7.3,,,,2I,MASCULINO,2023,PUBLICA,2011,-1.0,12,0.0
1112,2024,3.0,3.0,0,6.8560823939999995,AGATA,10.0,4.0,9.02791197,9.585,8.135,5.375,4.705,4.0,4.0,4.0,,,3I,MASCULINO,2023,PUBLICA,2011,0.0,13,
1113,2023,2.0,3.0,-1,5.636666667,QUARTZO,5.0,5.0,6.0,0.0,7.52,7.5,7.173333333,5.0,5.0,,,,2K,MASCULINO,2023,PUBLICA,2011,-1.0,12,
1114,2023,2.0,2.0,0,7.5667,AMETISTA,10.0,4.9,9.8,8.5,2.52,8.125,8.56,4.3,5.5,,,,2K,FEMININO,2023,PUBLICA,2011,0.0,12,0.0
1114,2024,3.0,3.0,0,7.437466666666667,AMETISTA,10.0,5.0,9.533333333333333,8.751,2.51,8.375,7.836,5.0,3.0,7.0,,,3M,FEMININO,2023,PUBLICA,2011,0.0,13,
1115,2023,2.0,2.0,0,6.474,AGATA,10.0,4.0,8.3,0.0,7.52,7.5,7.56,6.0,2.0,,,,2K,FEMININO,2023,PUBLICA,2012,0.0,11,0.0
1115,2024,2.0,2.0,0,6.570068686900001,AGATA,10.0,6.25,4.2676767675,8.002,7.51,7.5,5.826666667,6.5,6.0,,,,2M,FEMININO,2023,PUBLICA,2012,0.0,12,
1116,2023,2.0,3.0,-1,6.956533333,AGATA,5.0,4.9,9.2,9.5,5.0,7.083333333,7.39,3.8,6.0,,,,2K,MASCULINO,2023,PUBLICA,2009,-1.0,14,1.0
1116,2024,3.0,4.0,-1,3.7894777778,QUARTZO,5.0,2.3333333333333335,3.3555555556666667,0.0,6.26,5.125,5.066,1.0,3.0,3.0,,,3M,MASCULINO,2023,PUBLICA,2009,-1.0,15,
1117,2023,2.0,2.0,0,8.382366667,TOPAZIO,10.0,7.3,9.6,9.0,7.52,7.708333333,7.946666667,6.0,8.5,,,,2K,FEMININO,2023,PUBLICA,2012,0.0,11,0.0
1117,2024,3.0,2.0,1,7.601562962866668,AMETISTA,10.0,5.666666666666667,8.314814814666667,8.751,7.51,8.125,6.833333333,5.0,5.0,7.0,,,3K,FEMININO,2023,PUBLICA,2012,1.0,12,
1118,2023,2.0,3.0,-1,7.163833333,AMETISTA,5.0,6.0,8.8,5.3,7.52,7.708333333,8.28,4.8,7.2,,,,2K,FEMININO,2023,PUBLICA,2010,-1.0,13,0.0
1118,2024,3.0,3.0,0,7.0305545924,AMETISTA,10.0,3.8333333333333335,7.846439628666666,7.084,9.38,6.75,6.866,3.0,4.5,4.0,,,3M,FEMININO,2023,PUBLICA,2010,0.0,14,
1119,2023,2.0,3.0,-1,7.192,AMETISTA,5.0,5.9,9.7,7.3,3.77,7.708333333,8.453333333,3.0,8.8,,,,2L,FEMININO,2023,PUBLICA,2010,-1.0,13,1.0
1119,2024,3.0,4.0,-1,7.388266666666667,AMETISTA,5.0,5.666666666666667,8.716666666666667,9.585,7.51,7.625,7.698,6.0,3.5,7.5,,,3M,FEMININO,2023,PUBLICA,2010,-1.0,14,
1120,2023,2.0,2.0,0,9.103366667,TOPAZIO,10.0,8.3,9.6,9.5,7.52,8.958333333,9.676666667,7.3,9.2,,,,2L,FEMININO,2023,PUBLICA,2012,0.0,11,
1121,2023,2.0,2.0,0,8.049,TOPAZIO,10.0,8.0,9.9,0.0,6.26,8.75,9.84,6.5,9.5,,,,2L,MASCULINO,2023,PUBLICA,2012,0.0,11,0.0
1121,2024,3.0,3.0,0,8.407166666633334,TOPAZIO,10.0,6.666666666666667,10.0,9.585,7.51,7.083333333,8.28,9.0,5.0,6.0,,,3K,MASCULINO,2023,PUBLICA,2012,0.0,12,
1122,2023,2.0,2.0,0,7.3715,AMETISTA,10.0,6.9,9.3,0.0,6.89,7.291666667,8.616666667,5.2,8.5,,,,2L,MASCULINO,2023,PUBLICA,2012,0.0,11,0.0
1122,2024,3.0,2.0,1,7.817322222166666,AMETISTA,10.0,5.333333333333333,9.861111111,8.751,7.51,7.083333333,7.22,5.0,4.5,6.5,,,3K,MASCULINO,2023,PUBLICA,2012,1.0,12,
1123,2023,2.0,3.0,-1,6.9565,AGATA,5.0,5.3,8.9,7.3,7.52,7.083333333,7.113333333,3.8,6.8,,,,2L,MASCULINO,2023,PUBLICA,2010,-1.0,13,
1124,2023,2.0,4.0,-2,6.667866667,AGATA,5.0,3.0,8.0,9.5,7.52,7.083333333,7.786666667,1.0,5.0,,,,2M,FEMININO,2023,PUBLICA,2009,-2.0,14,
1125,2023,2.0,2.0,0,6.655366667,AGATA,10.0,4.0,7.9,4.7,7.52,6.666666667,6.95,1.0,7.0,,,,2M,FEMININO,2023,PUBLICA,2012,0.0,11,
1126,2023,2.0,3.0,-1,,,5.0,,5.2,0.0,3.77,7.291666667,7.06,,,,,,2M,FEMININO,2023,PUBLICA,2011,-1.0,12,
1127,2023,2.0,2.0,0,8.3167,TOPAZIO,10.0,6.9,9.9,8.5,5.02,8.125,9.01,5.0,8.7,,,,2N,FEMININO,2023,PUBLICA,2012,0.0,11,0.0
1127,2024,3.0,3.0,0,8.180966666666668,TOPAZIO,10.0,5.833333333333333,10.0,9.168,7.51,8.125,7.67,8.5,4.5,4.5,,,3N,FEMININO,2023,PUBLICA,2012,0.0,12,
1128,2023,2.0,3.0,-1,6.404533333,AGATA,5.0,3.5,7.3,9.5,5.02,7.916666667,7.503333333,3.0,4.0,,,,2N,MASCULINO,2023,PUBLICA,2011,-1.0,12,
1129,2023,2.0,2.0,0,7.309333333,AMETISTA,10.0,7.8,9.2,0.0,6.27,7.916666667,7.503333333,6.8,8.7,,,,2N,MASCULINO,2023,PUBLICA,2012,0.0,11,0.0
1129,2024,3.0,3.0,0,7.360417647066668,AMETISTA,10.0,6.833333333333333,7.137254902,9.168,8.13,6.875,5.745,9.0,5.5,6.0,,,3N,MASCULINO,2023,PUBLICA,2012,0.0,12,
1130,2023,2.0,2.0,0,8.0037,TOPAZIO,10.0,7.3,8.4,8.5,7.52,7.708333333,7.503333333,6.3,8.2,,,,2N,MASCULINO,2023,PUBLICA,2012,0.0,11,0.0
1130,2024,3.0,3.0,0,6.563952941199999,AGATA,10.0,4.333333333333333,6.278431372666667,8.751,8.13,6.875,5.33,7.5,3.5,2.0,,,3N,MASCULINO,2023,PUBLICA,2012,0.0,12,
1131,2023,2.0,3.0,-1,8.316133333,TOPAZIO,5.0,9.1,9.9,7.9,5.02,8.75,9.286666667,8.3,9.8,,,,2N,FEMININO,2023,PUBLICA,2011,-1.0,12,0.0
1131,2024,3.0,3.0,0,8.2889555555,TOPAZIO,10.0,8.333333333333334,9.277777777666666,8.334,6.255,7.291666667,7.893333333,8.0,7.0,10.0,,,3K,FEMININO,2023,PRIVADA PROGRAMA DE APADRINHAMENTO,2011,0.0,13,
1132,2023,2.0,3.0,-1,6.829533333,AGATA,5.0,5.8,6.3,10.0,6.27,7.916666667,7.503333333,5.2,6.3,,,,2N,MASCULINO,2023,PUBLICA,2011,-1.0,12,
1133,2023,2.0,2.0,0,8.600033333,TOPAZIO,10.0,6.5,10.0,9.5,6.27,8.541666667,9.343333333,5.0,8.0,,,,2N,FEMININO,2023,PUBLICA,2013,0.0,10,0.0
1133,2024,3.0,2.0,1,8.238553968266668,TOPAZIO,10.0,4.5,9.841269841333334,9.168,8.75,8.125,8.83,5.0,3.5,5.0,,,3U,FEMININO,2023,PUBLICA,2013,1.0,11,
1134,2023,2.0,2.0,0,7.769866667,AMETISTA,10.0,6.8,9.7,8.0,3.76,7.916666667,7.56,5.5,8.0,,,,2N,MASCULINO,2023,PUBLICA,2011,0.0,12,0.0
1134,2024,3.0,3.0,0,7.7564571427,AMETISTA,10.0,6.0,8.914285714,8.751,7.51,7.708333333,6.883333333,6.0,5.5,6.5,,,3U,MASCULINO,2023,PUBLICA,2011,0.0,13,
1135,2023,2.0,2.0,0,7.453833333,AMETISTA,10.0,7.2,9.4,0.0,7.52,8.125,7.896666667,4.8,9.5,,,,2P,MASCULINO,2023,PUBLICA,2011,0.0,12,
1136,2023,2.0,3.0,-1,6.7351,AGATA,5.0,6.6,8.1,6.8,2.52,8.333333333,7.723333333,4.8,8.3,,,,2P,FEMININO,2023,PUBLICA,2009,-1.0,14,1.0
1136,2024,3.0,4.0,-1,5.458179831866667,QUARTZO,5.0,1.6666666666666667,4.547899159666667,8.751,8.135,7.5,6.383333333,1.0,2.0,2.0,,,3R,FEMININO,2023,PUBLICA,2009,-1.0,15,
1137,2023,2.0,2.0,0,8.743366667,TOPAZIO,10.0,6.5,9.8,9.5,6.27,9.375,9.843333333,6.0,7.0,,,,2R,FEMININO,2023,PUBLICA,2013,0.0,10,0.0
1137,2024,3.0,2.0,1,7.1837526524666675,AMETISTA,10.0,3.5,7.588638262333333,8.334,8.13,8.28125,7.4575,1.0,4.5,5.0,,,3P,FEMININO,2023,PUBLICA,2013,1.0,11,
1138,2023,2.0,3.0,-1,8.3472,TOPAZIO,5.0,9.3,9.2,9.0,6.27,9.166666667,8.566666667,9.0,9.5,,,,2R,FEMININO,2023,PUBLICA,2011,-1.0,12,
1139,2023,2.0,2.0,0,7.6647,AMETISTA,10.0,5.3,9.1,8.5,5.64,8.125,7.79,6.3,4.3,,,,2R,MASCULINO,2023,PUBLICA,2012,0.0,11,0.0
1139,2024,3.0,2.0,1,6.906276357600001,AGATA,10.0,4.666666666666667,6.152715121333333,8.334,7.51,7.5,7.04,5.0,3.0,6.0,,,3P,MASCULINO,2023,PUBLICA,2012,1.0,12,
1140,2023,2.0,2.0,0,7.703533333,AMETISTA,10.0,7.3,8.7,4.7,7.52,7.708333333,7.62,8.5,6.0,,,,2R,FEMININO,2023,PUBLICA,2012,0.0,11,0.0
1140,2024,2.0,2.0,0,7.3473880383,AMETISTA,10.0,7.0,6.112440191499999,6.834,7.51,8.125,7.39,4.5,9.5,,,,2P,FEMININO,2023,PUBLICA,2012,0.0,12,
1141,2023,2.0,3.0,-1,7.2757,AMETISTA,5.0,5.9,8.8,9.0,7.52,7.708333333,7.113333333,5.5,6.2,,,,2R,FEMININO,2023,PUBLICA,2011,-1.0,12,0.0
1141,2024,3.0,3.0,0,6.793890866866667,AGATA,10.0,4.166666666666667,6.191537667666666,9.585,7.51,6.5625,6.7825,5.0,4.5,3.0,,,3L,FEMININO,2023,PUBLICA,2011,0.0,13,
1142,2023,2.0,2.0,0,9.175033333,TOPAZIO,10.0,10.0,10.0,9.0,7.52,8.541666667,8.343333333,10.0,10.0,,,,2R,FEMININO,2023,PUBLICA,2012,0.0,11,0.0
1142,2024,3.0,3.0,0,8.390566666666668,TOPAZIO,10.0,8.5,9.133333333333333,8.334,7.51,8.125,7.335,10.0,8.0,7.5,,,3P,FEMININO,2023,PUBLICA,2012,0.0,12,
1143,2023,3.0,5.0,-2,6.445933333,AGATA,5.0,5.3,7.0,8.8,6.26,7.5,6.2075,6.0,6.3,3.5,,,3A,FEMININO,2023,PUBLICA,2008,-2.0,15,1.0
1143,2024,3.0,6.0,-3,5.881225668333334,QUARTZO,2.5,3.1666666666666665,5.201336675,9.585,9.38,7.03125,6.79,3.0,6.5,0.0,,,3A,FEMININO,2021,PUBLICA,2008,-3.0,16,
1144,2023,3.0,3.0,0,7.410625,AMETISTA,10.0,8.0,9.4,0.0,5.02,8.28125,8.0025,7.0,8.2,8.8,,,3B,FEMININO,2023,PUBLICA,2010,0.0,13,
1145,2023,3.0,2.0,1,7.484375,AMETISTA,10.0,7.8,9.5,0.0,4.39,8.59375,8.63,7.7,7.7,8.0,,,3B,FEMININO,2023,PUBLICA,2012,1.0,11,
1146,2023,3.0,4.0,-1,6.689583333,AGATA,5.0,3.7,8.8,9.6,6.26,7.1875,6.965,5.0,3.3,2.7,,,3B,FEMININO,2023,PUBLICA,2008,-1.0,15,1.0
1146,2024,3.0,5.0,-2,5.3933086048000005,QUARTZO,5.0,2.0,5.017209691,10.002,6.88,6.25,5.883333333,2.0,0.0,4.0,,,3C,FEMININO,2023,PUBLICA,2008,-2.0,16,
1147,2023,3.0,4.0,-1,7.072983333,AMETISTA,5.0,6.7,8.3,8.3,6.26,7.1875,7.0075,5.0,7.5,7.5,,,3B,FEMININO,2023,PUBLICA,2009,-1.0,14,1.0
1147,2024,3.0,4.0,-1,5.833118518533334,QUARTZO,5.0,3.1666666666666665,6.125925926,8.751,8.755,6.25,5.495,2.0,5.0,2.5,,,3B,FEMININO,2023,PUBLICA,2009,-1.0,15,
1148,2023,3.0,2.0,1,7.227866667,AMETISTA,10.0,5.7,8.6,7.9,3.77,7.5,7.2125,5.7,5.3,6.2,,,3B,FEMININO,2023,PUBLICA,2011,1.0,12,
1149,2023,3.0,4.0,-1,7.410108333,AMETISTA,5.0,7.2,9.8,8.3,2.52,7.96875,8.1725,6.0,6.8,8.7,,,3C,FEMININO,2023,PUBLICA,2009,-1.0,14,1.0
1149,2024,4.0,5.0,-1,8.1371,TOPAZIO,5.0,6.0,10.0,8.334,10.0,8.625,8.706,2.0,6.0,10.0,,,4A,FEMININO,2023,PUBLICA,2009,-1.0,15,
1150,2023,3.0,6.0,-3,7.076008333,AMETISTA,2.5,6.7,9.8,9.2,2.52,7.96875,7.835,7.0,6.5,6.5,,,3C,MASCULINO,2023,PUBLICA,2007,-3.0,16,1.0
1150,2024,4.0,6.0,-2,7.1023212964,AMETISTA,5.0,6.833333333333333,6.481481481666667,8.334,7.51,7.65625,7.946666667,4.0,6.5,10.0,,,4C,MASCULINO,2023,PUBLICA,2007,-2.0,17,
1151,2023,3.0,3.0,0,7.829958333,AMETISTA,10.0,8.3,9.5,7.5,2.52,7.65625,7.545,7.3,8.8,8.7,,,3C,FEMININO,2023,PUBLICA,2011,0.0,12,0.0
1151,2024,4.0,3.0,1,8.749111111066668,TOPAZIO,10.0,9.0,9.722222222333334,7.5,5.635,8.125,9.393333333,9.0,8.0,10.0,,,4C,FEMININO,2023,PUBLICA,2011,1.0,13,
1152,2023,3.0,4.0,-1,6.544916667,AGATA,5.0,6.8,9.4,0.0,5.0,7.8125,7.585,6.7,6.0,7.8,,,3C,MASCULINO,2023,PUBLICA,2009,-1.0,14,
1153,2023,3.0,4.0,-1,7.968658333,AMETISTA,5.0,7.2,10.0,7.9,7.52,7.65625,8.63,6.7,7.8,7.0,,,3D,FEMININO,2023,PUBLICA,2009,-1.0,14,1.0
1153,2024,4.0,5.0,-1,8.268876190466667,TOPAZIO,5.0,8.5,9.702380952333334,8.751,5.635,8.75,9.074,8.0,8.5,9.0,,,4A,FEMININO,2021,PRIVADA PROGRAMA DE APADRINHAMENTO,2009,-1.0,15,
1154,2023,3.0,3.0,0,7.701125,AMETISTA,10.0,5.1,9.3,9.6,5.63,7.65625,7.67,5.3,5.0,5.0,,,3F,MASCULINO,2023,PUBLICA,2010,0.0,13,1.0
1154,2024,3.0,4.0,-1,7.5660750000000005,AMETISTA,5.0,8.0,9.200000000000001,7.917,7.51,7.34375,6.745,7.0,7.0,10.0,,,3G,MASCULINO,2023,PUBLICA,2010,-1.0,14,
1155,2023,3.0,4.0,-1,7.821633333,AMETISTA,5.0,8.0,9.2,9.2,5.63,7.5,8.2925,6.7,8.2,9.0,,,3F,FEMININO,2023,PUBLICA,2009,-1.0,14,1.0
1155,2024,4.0,5.0,-1,7.119011111133333,AMETISTA,5.0,4.666666666666667,8.888888889,8.334,5.005,8.0,8.87,6.0,8.0,0.0,,,4F,FEMININO,2023,PUBLICA,2009,-1.0,15,
1156,2023,3.0,3.0,0,7.340775,AMETISTA,10.0,5.3,9.2,8.3,2.52,7.96875,7.7925,6.2,6.0,3.7,,,3F,FEMININO,2023,PUBLICA,2011,0.0,12,0.0
1156,2024,4.0,3.0,1,6.6777135642,AGATA,10.0,2.0,7.821067821,7.5,7.51,7.125,7.5,6.0,0.0,0.0,,,4F,FEMININO,2023,PUBLICA,2011,1.0,13,
1157,2023,3.0,4.0,-1,7.086633333,AMETISTA,5.0,5.7,8.8,9.2,6.26,7.5,7.0025,5.0,6.3,5.7,,,3G,MASCULINO,2023,PUBLICA,2009,-1.0,14,1.0
1157,2024,3.0,4.0,-1,7.916082936533334,AMETISTA,5.0,7.0,9.082539682666665,9.585,7.51,7.96875,8.466,8.0,6.0,7.0,,,3H,MASCULINO,2023,PUBLICA,2009,-1.0,15,
1158,2023,3.0,4.0,-1,6.306666667,AGATA,5.0,4.3,8.6,7.5,2.52,7.5,7.34,5.3,5.0,2.7,,,3G,FEMININO,2023,PUBLICA,2009,-1.0,14,
1159,2023,3.0,3.0,0,5.913883333,QUARTZO,10.0,3.1,6.6,5.8,2.52,7.1875,7.1325,5.2,1.5,2.5,,,3I,FEMININO,2023,PUBLICA,2010,0.0,13,
1160,2023,3.0,3.0,0,6.636166667,AGATA,10.0,2.7,8.7,9.6,2.52,6.875,7.2575,4.8,2.7,0.7,,,3I,MASCULINO,2023,PUBLICA,2010,0.0,13,1.0
1160,2024,3.0,4.0,-1,6.274190982333334,AGATA,5.0,3.1666666666666665,8.201288245,8.751,7.51,6.25,6.2475,5.5,2.0,2.0,,,3I,MASCULINO,2023,PUBLICA,2010,-1.0,14,
1161,2023,3.0,3.0,0,7.317791667,AMETISTA,10.0,6.3,8.1,6.3,2.52,8.28125,8.63,7.3,6.5,5.2,,,3I,FEMININO,2023,PUBLICA,2010,0.0,13,
1162,2023,3.0,3.0,0,7.44215,AMETISTA,10.0,6.0,8.5,8.3,3.77,7.8125,7.7525,7.3,5.5,5.2,,,3K,FEMININO,2023,PUBLICA,2009,0.0,14,0.0
1162,2024,4.0,4.0,0,7.473167836266667,AMETISTA,10.0,5.666666666666667,9.135672514666666,7.917,6.26,6.875,7.0375,4.0,7.5,5.5,,,4M,FEMININO,2023,PUBLICA,2009,0.0,15,
1163,2023,3.0,4.0,-1,7.749391667,AMETISTA,5.0,7.2,9.3,8.8,7.52,7.65625,7.75,7.0,6.7,8.0,,,3L,MASCULINO,2023,PUBLICA,2009,-1.0,14,0.0
1163,2024,4.0,4.0,0,8.6794789474,TOPAZIO,10.0,7.833333333333333,9.824561403666666,8.334,7.51,8.125,8.755,9.5,6.5,7.5,,,4M,MASCULINO,2023,PUBLICA,2009,0.0,15,
1164,2023,3.0,3.0,0,6.910091667,AGATA,10.0,4.8,7.5,9.2,2.52,7.65625,7.545,7.0,7.5,0.0,,,3M,MASCULINO,2023,PUBLICA,2010,0.0,13,
1165,2023,3.0,3.0,0,7.880716667,AMETISTA,10.0,7.3,9.1,9.2,5.0,7.1875,7.2925,7.0,6.0,9.0,,,3M,FEMININO,2023,PUBLICA,2011,0.0,12,0.0
1165,2024,3.0,3.0,0,7.908044272466667,AMETISTA,10.0,8.0,6.829721362333333,8.751,8.135,6.875,7.83,9.0,7.5,7.5,,,3L,FEMININO,2023,PUBLICA,2011,0.0,13,
1166,2023,3.0,5.0,-2,7.307858333,AMETISTA,5.0,4.8,9.6,8.3,7.52,7.65625,7.9175,5.3,2.8,6.2,,,3M,FEMININO,2023,PUBLICA,2008,-2.0,15,1.0
1166,2024,4.0,5.0,-1,7.452799122766667,AMETISTA,5.0,6.333333333333333,8.498245614,8.334,6.26,8.020833333,8.625,5.0,7.0,7.0,,,4M,FEMININO,2023,PUBLICA,2008,-1.0,16,
1167,2023,3.0,6.0,-3,6.021891667,AGATA,2.5,3.8,7.6,8.8,2.52,7.65625,7.9625,6.0,3.7,1.8,,,3M,MASCULINO,2023,PUBLICA,2007,-3.0,16,
1168,2023,3.0,3.0,0,5.886625,QUARTZO,10.0,3.5,8.8,0.0,2.52,7.65625,7.045,5.0,2.0,3.5,,,3N,FEMININO,2023,PUBLICA,2010,0.0,13,1.0
1168,2024,3.0,4.0,-1,6.864053921600001,AGATA,5.0,5.666666666666667,7.682352941333334,9.585,7.51,7.1875,6.33,8.5,3.5,5.0,,,3N,FEMININO,2023,PUBLICA,2010,-1.0,14,
1169,2023,3.0,4.0,-1,7.213625,AMETISTA,5.0,6.3,9.5,7.5,5.0,7.03125,8.0025,6.8,7.3,4.8,,,3P,FEMININO,2023,PUBLICA,2009,-1.0,14,1.0
1169,2024,4.0,5.0,-1,6.885305555533334,AGATA,5.0,6.833333333333333,8.444444444333334,6.25,5.635,7.8125,6.8,6.0,6.5,8.0,,,4N,FEMININO,2023,PUBLICA,2009,-1.0,15,
1170,2023,3.0,4.0,-1,6.874683333,AGATA,5.0,5.9,7.7,8.8,7.52,7.1875,6.5775,6.0,6.8,4.8,,,3P,MASCULINO,2023,PUBLICA,2009,-1.0,14,1.0
1170,2024,3.0,5.0,-2,6.095440873,AGATA,5.0,3.5,5.565079365,9.168,8.13,7.03125,6.7475,1.0,2.5,7.0,,,3P,MASCULINO,2023,PUBLICA,2009,-2.0,15,
1171,2023,3.0,4.0,-1,7.856033333,AMETISTA,5.0,8.7,8.4,7.9,5.0,8.75,8.88,7.3,9.0,9.7,,,3P,MASCULINO,2023,PUBLICA,2009,-1.0,14,1.0
1171,2024,4.0,5.0,-1,7.6236817459,AMETISTA,5.0,7.5,7.230158729999999,8.334,7.51,8.645833333,8.643333333,5.0,9.5,8.0,,,4R,MASCULINO,2023,PUBLICA,2009,-1.0,15,
1172,2023,4.0,6.0,-2,7.030108333,AMETISTA,5.0,6.7,7.8,8.3,2.52,8.59375,8.46,6.0,5.7,8.3,,,4A,FEMININO,2023,PUBLICA,2007,-2.0,16,1.0
1172,2024,5.0,6.0,-1,5.719565079333334,QUARTZO,5.0,3.3333333333333335,6.0634920633333325,7.5,6.26,7.25,6.196,0.0,5.0,5.0,,,5A,FEMININO,2023,PUBLICA,2007,-1.0,17,
1173,2023,4.0,4.0,0,7.67285,AMETISTA,10.0,6.0,9.7,8.8,2.52,7.8125,8.1225,7.0,5.0,6.0,,,4A,MASCULINO,2023,PUBLICA,2009,0.0,14,0.0
1173,2024,5.0,5.0,0,8.220132915666667,TOPAZIO,10.0,5.833333333333333,9.665831245,9.168,7.51,8.125,8.2,6.0,7.5,4.0,,,5D,MASCULINO,2023,PUBLICA,2009,0.0,15,
1174,2023,4.0,5.0,-1,7.333591667,AMETISTA,5.0,6.8,8.7,9.2,2.52,8.90625,8.3375,6.5,7.2,6.8,,,4B,FEMININO,2023,PUBLICA,2008,-1.0,15,0.0
1174,2024,5.0,5.0,0,7.374213419866667,AMETISTA,10.0,5.0,8.349567099333333,8.751,6.26,7.5,7.266,5.0,3.0,7.0,,,5B,FEMININO,2023,PUBLICA,2008,0.0,16,
1175,2023,4.0,7.0,-3,5.939858333,QUARTZO,2.5,6.3,5.3,8.3,2.52,7.65625,7.6275,6.3,6.3,6.2,,,4B,FEMININO,2023,PUBLICA,2006,-3.0,17,
1176,2023,4.0,3.0,1,8.881483333,TOPAZIO,10.0,8.2,9.3,8.3,7.52,9.6875,9.17,8.0,7.8,8.7,,,4B,MASCULINO,2023,PUBLICA,2010,1.0,13,0.0
1176,2024,5.0,4.0,1,8.914816269866666,TOPAZIO,10.0,9.166666666666666,9.682539682666667,8.751,6.26,8.59375,8.9225,10.0,8.0,9.5,,,5C,MASCULINO,2023,PRIVADA PROGRAMA DE APADRINHAMENTO,2010,1.0,14,
1177,2023,4.0,4.0,0,8.345491667,TOPAZIO,10.0,7.2,9.9,10.0,2.52,8.90625,8.88,7.0,6.7,8.0,,,4B,FEMININO,2023,PUBLICA,2008,0.0,15,0.0
1177,2024,5.0,5.0,0,8.3233039474,TOPAZIO,10.0,7.333333333333333,9.824561403666666,8.751,6.26,7.65625,8.125,9.5,5.5,7.0,,,5C,FEMININO,2023,PUBLICA,2008,0.0,16,
1178,2023,4.0,6.0,-2,7.066475,AMETISTA,5.0,5.7,9.3,8.8,2.52,7.96875,8.2125,6.3,4.5,6.3,,,4C,MASCULINO,2023,PUBLICA,2007,-2.0,16,1.0
1178,2024,5.0,6.0,-1,8.0934746032,TOPAZIO,5.0,8.333333333333334,9.682539682666667,8.751,6.26,7.5,8.696,9.0,8.0,8.0,,,5D,MASCULINO,2023,PUBLICA,2007,-1.0,17,
1179,2023,4.0,5.0,-1,6.631333333,AGATA,5.0,5.0,8.1,9.6,4.38,6.875,7.17,6.7,3.7,4.5,,,4C,MASCULINO,2023,PUBLICA,2008,-1.0,15,
1180,2023,4.0,5.0,-1,7.067983333,AMETISTA,5.0,5.4,9.5,8.3,5.0,7.1875,7.7125,6.0,4.8,5.3,,,4C,MASCULINO,2023,PUBLICA,2008,-1.0,15,
1181,2023,4.0,4.0,0,6.971266667,AGATA,10.0,4.8,8.3,8.8,2.52,7.5,7.3375,5.7,4.3,4.5,,,4C,FEMININO,2023,PUBLICA,2009,0.0,14,0.0
1181,2024,5.0,5.0,0,6.2015816738666665,AGATA,10.0,3.8333333333333335,5.036075036,9.168,6.26,7.125,5.862,1.0,1.0,9.5,,,5B,FEMININO,2023,PUBLICA,2009,0.0,15,
1182,2023,4.0,6.0,-2,5.709808333,QUARTZO,5.0,4.2,6.3,7.5,2.52,6.71875,7.2125,5.3,2.0,5.2,,,4C,FEMININO,2023,PUBLICA,2007,-2.0,16,
1183,2023,4.0,5.0,-1,6.269541667,AGATA,5.0,5.3,8.7,7.5,2.52,6.09375,6.7575,6.0,4.0,6.0,,,4C,MASCULINO,2023,PUBLICA,2007,-1.0,16,
1184,2023,4.0,6.0,-2,7.381566667,AMETISTA,5.0,7.3,8.3,8.3,5.0,8.125,8.045,8.0,5.5,8.5,,,4F,MASCULINO,2023,PUBLICA,2007,-2.0,16,1.0
1184,2024,5.0,6.0,-1,7.411701731566668,AMETISTA,5.0,7.666666666666667,8.658008657666668,6.666,7.51,7.291666667,7.5,6.0,7.0,10.0,,,5F,MASCULINO,2023,PUBLICA,2007,-1.0,17,
1185,2023,4.0,3.0,1,8.02675,TOPAZIO,10.0,7.5,9.1,7.5,5.0,7.8125,8.3775,6.7,6.3,9.5,,,4G,FEMININO,2023,PUBLICA,2010,1.0,13,
1186,2023,4.0,6.0,-2,7.281433333,AMETISTA,5.0,5.5,9.8,8.8,6.89,6.875,7.3825,6.7,5.2,4.5,,,4G,FEMININO,2023,PUBLICA,2007,-2.0,16,
1187,2023,4.0,3.0,1,6.644475,AGATA,10.0,5.3,6.9,8.8,2.52,7.34375,6.715,4.7,5.0,6.2,,,4G,FEMININO,2023,PUBLICA,2010,1.0,13,
1188,2023,4.0,5.0,-1,,,5.0,6.4,9.4,9.6,,7.8125,7.5875,6.5,7.5,5.2,,,4H,FEMININO,2023,PUBLICA,2008,-1.0,15,1.0
1188,2024,5.0,6.0,-1,7.801633333400001,AMETISTA,5.0,7.0,10.0,9.168,7.51,8.125,7.106666667,7.0,6.0,8.0,,,5G,FEMININO,2023,PUBLICA,2008,-1.0,16,
1189,2023,4.0,5.0,-1,,,5.0,6.1,9.0,8.8,,7.8125,7.3775,6.3,5.7,6.2,,,4H,FEMININO,2023,PUBLICA,2008,-1.0,15,1.0
1189,2024,5.0,6.0,-1,7.6486387164,AMETISTA,5.0,7.666666666666667,8.672360248333332,9.585,7.51,7.5,7.106666667,7.0,7.0,9.0,,,5G,FEMININO,2023,PUBLICA,2008,-1.0,16,
1190,2023,4.0,4.0,0,6.330041667,AGATA,10.0,4.2,9.2,0.0,5.0,7.34375,7.045,3.0,4.2,5.5,,,4L,MASCULINO,2023,PUBLICA,2009,0.0,14,
1191,2023,4.0,4.0,0,6.175333333,AGATA,10.0,3.7,7.2,7.5,5.0,5.0,6.26,2.3,2.5,6.2,,,4L,MASCULINO,2023,PUBLICA,2009,0.0,14,
1192,2023,4.0,5.0,-1,6.780741667,AGATA,5.0,5.8,8.7,7.9,2.52,7.96875,7.6675,4.7,6.0,6.8,,,4L,FEMININO,2023,PUBLICA,2007,-1.0,16,
1193,2023,4.0,4.0,0,6.018083333,AGATA,10.0,4.1,7.8,0.0,5.0,7.1875,7.13,3.7,3.5,5.0,,,4L,FEMININO,2023,PUBLICA,2009,0.0,14,1.0
1193,2024,4.0,5.0,-1,6.6304815790000005,AGATA,5.0,4.0,7.763157895,8.751,5.635,7.8125,7.79,3.0,6.0,3.0,,,4L,FEMININO,2023,PUBLICA,2009,-1.0,15,
1194,2023,4.0,3.0,1,7.671933333,AMETISTA,10.0,6.1,9.0,8.8,5.0,7.5,7.6675,6.0,4.2,8.0,,,4N,MASCULINO,2023,PUBLICA,2010,1.0,13,
1195,2023,4.0,7.0,-3,5.677291667,QUARTZO,2.5,5.4,8.3,0.0,2.52,8.28125,8.0025,4.3,4.7,7.3,,,4N,FEMININO,2022,PUBLICA,2006,-3.0,17,1.0
1195,2024,5.0,7.0,-2,7.5085144926666665,AMETISTA,5.0,6.166666666666667,9.855072463666666,9.585,5.63,7.5,7.663333333,8.0,5.0,5.5,,,5N,FEMININO,2022,PUBLICA,2006,-2.0,18,
1196,2023,5.0,5.0,0,7.03025,AMETISTA,10.0,7.5,8.2,0.0,5.0,7.8125,8.045,8.0,6.2,8.3,,,5B,MASCULINO,2023,PRIVADA,2008,0.0,15,
1197,2023,5.0,6.0,-1,6.946058333,AGATA,5.0,7.3,8.4,6.7,5.0,7.03125,7.215,5.3,7.2,9.3,,,5B,FEMININO,2023,PUBLICA,2007,-1.0,16,
1198,2023,5.0,6.0,-1,7.515233333,AMETISTA,5.0,6.7,9.4,8.3,6.26,7.5,7.9625,7.3,3.7,9.0,,,5B,FEMININO,2023,PUBLICA,2007,-1.0,16,1.0
1198,2024,5.0,6.0,-1,6.9217748918,AGATA,5.0,3.5,9.458874459,8.751,7.51,7.375,7.332,0.0,1.0,9.5,,,5A,FEMININO,2023,PUBLICA,2007,-1.0,17,
1199,2023,5.0,7.0,-2,7.024933333,AMETISTA,5.0,6.2,9.1,6.7,5.0,6.875,8.0875,6.8,5.0,6.7,,,5C,MASCULINO,2023,PUBLICA,2006,-2.0,17,1.0
1199,2024,5.0,7.0,-2,7.614235714266666,AMETISTA,5.0,9.0,8.571428571333334,7.5,5.005,6.5625,8.466,10.0,7.0,10.0,,,5D,MASCULINO,2023,CONCLUIU O 3O EM,2006,-2.0,18,
1200,2023,5.0,5.0,0,5.711166667,QUARTZO,10.0,4.0,6.4,0.0,5.0,7.5,6.8725,4.3,2.3,5.5,,,5C,FEMININO,2023,PUBLICA,2007,0.0,16,1.0
1200,2024,5.0,6.0,-1,5.6415838956,QUARTZO,5.0,1.5,7.099419478000001,7.917,6.26,7.5,6.27,0.0,4.5,0.0,,,5N,FEMININO,2023,PUBLICA,2007,-1.0,17,
1201,2023,5.0,5.0,0,8.378008333,TOPAZIO,10.0,7.8,9.6,9.2,3.77,8.59375,8.7575,8.3,6.5,8.5,,,5C,MASCULINO,2023,PUBLICA,2008,0.0,15,1.0
1201,2024,5.0,6.0,-1,8.376195238033333,TOPAZIO,5.0,9.0,9.523809523666666,8.751,7.51,8.333333333,8.56,9.0,8.0,10.0,,,5N,MASCULINO,2023,PUBLICA,2008,-1.0,16,
1202,2023,5.0,6.0,-1,6.202008333,AGATA,5.0,3.3,7.6,7.1,7.52,7.34375,6.67,4.5,3.3,2.0,,,5F,FEMININO,2023,PUBLICA,2007,-1.0,16,
1203,2023,5.0,6.0,-1,7.487841667,AMETISTA,5.0,7.2,10.0,9.2,2.52,7.96875,7.8775,6.7,5.8,9.2,,,5L,FEMININO,2023,PUBLICA,2007,-1.0,16,0.0
1203,2024,6.0,6.0,0,8.9495245614,TOPAZIO,10.0,9.0,9.649122807,9.168,7.51,8.375,8.572,8.5,9.0,9.5,,,6L,FEMININO,2023,PRIVADA PROGRAMA DE APADRINHAMENTO,2007,0.0,17,
1204,2023,5.0,6.0,-1,6.940416667,AGATA,5.0,6.1,8.7,7.5,5.0,7.8125,7.2125,5.0,3.7,9.7,,,5L,MASCULINO,2023,PUBLICA,2007,-1.0,16,
1205,2023,5.0,8.0,-3,6.806466667,AGATA,2.5,5.0,9.2,9.2,6.26,7.5,7.085,5.2,3.7,6.2,,,5L,FEMININO,2023,PUBLICA,2005,-3.0,18,
1206,2023,5.0,7.0,-2,6.724183333,AGATA,5.0,5.6,8.3,8.8,2.52,7.8125,7.7125,4.7,3.7,8.3,,,5M,FEMININO,2023,PUBLICA,2006,-2.0,17,
1207,2023,5.0,5.0,0,7.58235,AMETISTA,10.0,5.5,9.0,8.8,5.0,7.8125,7.63,5.0,4.0,7.5,,,5M,FEMININO,2023,PUBLICA,2008,0.0,15,1.0
1207,2024,5.0,6.0,-1,6.509169736866667,AGATA,5.0,5.333333333333333,6.581140350999999,8.334,7.51,7.34375,6.5375,4.5,1.5,10.0,,,5M,FEMININO,2023,PUBLICA,2008,-1.0,16,
1208,2023,5.0,5.0,0,7.0651,AMETISTA,10.0,6.2,8.8,8.8,2.52,6.875,6.2525,5.0,4.8,8.8,,,5M,MASCULINO,2023,PUBLICA,2008,0.0,15,
1209,2023,5.0,6.0,-1,7.43375,AMETISTA,5.0,7.4,9.4,7.5,5.0,7.8125,7.7125,7.7,5.7,8.8,,,5M,FEMININO,2023,PUBLICA,2007,-1.0,16,
1210,2023,5.0,6.0,-1,7.171083333,AMETISTA,5.0,4.7,9.4,9.6,5.0,7.8125,8.09,5.0,2.0,7.0,,,5M,FEMININO,2023,PUBLICA,2007,-1.0,16,0.0
1210,2024,6.0,6.0,0,8.2302,TOPAZIO,10.0,5.5,10.0,9.585,7.51,7.875,8.166,5.0,6.5,5.0,,,6L,FEMININO,2023,PUBLICA,2007,0.0,17,
1211,2023,5.0,6.0,-1,7.09205,AMETISTA,5.0,6.2,9.1,7.1,5.0,7.8125,7.7125,6.3,4.5,7.8,,,5M,FEMININO,2023,PUBLICA,2007,-1.0,16,
1212,2023,5.0,6.0,-1,6.755358333,AGATA,5.0,4.2,8.9,8.3,5.0,7.65625,7.715,0.0,3.5,9.0,,,5M,FEMININO,2023,PUBLICA,2007,-1.0,16,
1213,2023,5.0,7.0,-2,5.95625,QUARTZO,5.0,6.0,8.4,0.0,2.52,7.8125,7.715,6.7,4.8,6.5,,,5M,FEMININO,2023,PUBLICA,2006,-2.0,17,
1214,2023,6.0,6.0,0,8.378666667,TOPAZIO,10.0,7.4,9.8,9.6,6.89,7.5,7.6725,8.0,5.0,9.3,,,6A,MASCULINO,2023,PUBLICA,2007,0.0,16,0.0
1214,2024,7.0,7.0,0,8.5902971362,TOPAZIO,10.0,8.0,9.081527348,10.002,8.13,8.28125,7.663333333,8.0,6.0,10.0,,,7A,MASCULINO,2023,PUBLICA,2007,0.0,17,
1215,2023,6.0,6.0,0,6.339466667,AGATA,10.0,4.1,5.6,7.1,5.0,7.5,7.1725,5.0,2.7,4.7,,,6A,FEMININO,2023,PUBLICA,2007,0.0,16,
1216,2023,6.0,8.0,-2,7.7105,AMETISTA,5.0,7.9,9.0,9.6,5.63,7.5,7.795,8.7,5.3,9.7,,,6A,FEMININO,2023,CONCLUIU O 3O EM,2004,-2.0,19,0.0
1216,2024,8.0,8.0,0,,,10.0,,0.0,,,,,,,,,,8F,FEMININO,2023,PRIVADA PARCERIAS COM BOLSA 100,2004,0.0,20,
1217,2023,6.0,7.0,-1,6.064625,AGATA,5.0,5.9,7.9,0.0,5.63,7.65625,7.38,7.0,4.0,6.7,,,6L,FEMININO,2023,PUBLICA,2006,-1.0,17,
1218,2023,6.0,7.0,-1,6.8265,AGATA,5.0,5.3,9.2,7.5,5.0,7.5,7.1325,6.7,3.5,5.7,,,6L,MASCULINO,2023,PUBLICA,2006,-1.0,17,
1219,2023,6.0,6.0,0,7.215141667,AMETISTA,10.0,6.3,6.5,8.8,5.63,7.34375,7.38,7.2,5.5,6.3,,,6L,FEMININO,2023,PUBLICA,2007,0.0,16,
1220,2023,6.0,7.0,-1,6.46725,AGATA,5.0,6.8,9.0,0.0,5.0,7.8125,7.63,8.8,5.3,6.3,,,6L,FEMININO,2023,PUBLICA,2005,-1.0,18,1.0
1220,2024,6.0,7.0,-1,7.143244444466667,AMETISTA,5.0,7.666666666666667,8.555555555666666,7.083,6.885,7.5,6.26,9.0,7.0,7.0,,,6L,FEMININO,2023,CONCLUIU O 3O EM,2005,-1.0,19,
1221,2023,7.0,8.0,-1,8.027466667,TOPAZIO,5.0,8.7,9.1,9.2,6.26,8.0,8.09,8.2,8.0,10.0,,,7A,FEMININO,2023,CONCLUIU O 3O EM,2001,-1.0,22,0.0
1221,2024,8.0,8.0,0,,,10.0,8.0,0.0,,,,,7.0,7.0,10.0,,,8F,FEMININO,2023,CONCLUIU O 3O EM,2001,0.0,23,
1222,2023,7.0,8.0,-1,7.026466667,AMETISTA,5.0,6.8,10.0,7.1,5.63,6.875,6.005,5.0,6.5,9.0,,,7A,FEMININO,2023,NENHUMA DAS OPCOES ACIMA,2003,-1.0,20,
1223,2023,7.0,7.0,0,8.187766667,TOPAZIO,10.0,9.0,9.3,8.8,5.0,6.875,7.2925,9.5,8.3,9.3,,,7A,MASCULINO,2023,PUBLICA,2006,0.0,17,
1224,2023,7.0,8.0,-1,7.5524,AMETISTA,5.0,8.0,9.4,8.3,5.0,7.125,7.6325,8.2,6.3,9.5,,,7A,MASCULINO,2023,CONCLUIU O 3O EM,2003,-1.0,20,0.0
1224,2024,8.0,8.0,0,,,10.0,,0.0,,,,,,,,,,8F,MASCULINO,2023,CONCLUIU O 3O EM,2003,0.0,21,
1225,2023,7.0,8.0,-1,,,5.0,,,7.5,2.52,,,,,,,,7E,FEMININO,2023,CONCLUIU O 3O EM,2005,-1.0,18,0.0
1225,2024,8.0,8.0,0,,,10.0,,0.0,,,,,,,,,,8F,FEMININO,2021,PRIVADA PARCERIAS COM BOLSA 100,2005,0.0,19,
1226,2023,7.0,6.0,1,,,10.0,,,9.2,7.52,,,,,,,,7E,FEMININO,2023,PRIVADA PARCERIAS COM BOLSA 100,2007,1.0,16,0.0
1226,2024,7.0,7.0,0,7.785233333333334,AMETISTA,10.0,6.066666666666666,9.0,8.334,6.885,7.5,7.5,6.0,6.2,6.0,,,7E,FEMININO,2021,PRIVADA PARCERIAS COM BOLSA 100,2007,0.0,17,
1227,2023,7.0,6.0,1,,,10.0,,,9.2,2.52,,,,,,,,7E,FEMININO,2023,PRIVADA PROGRAMA DE APADRINHAMENTO,2006,1.0,17,0.0
1227,2024,7.0,7.0,0,4.8446,QUARTZO,10.0,0.0,0.0,8.751,7.195,7.5,7.5,0.0,0.0,0.0,,,7E,FEMININO,2021,PRIVADA PROGRAMA DE APADRINHAMENTO,2006,0.0,18,
1228,2023,7.0,7.0,0,,,10.0,,,7.5,2.52,,,,,,,,7E,FEMININO,2023,PRIVADA PROGRAMA DE APADRINHAMENTO,2006,0.0,17,0.0
1228,2024,7.0,7.0,0,4.8761,QUARTZO,10.0,0.0,0.0,8.751,7.51,7.5,7.5,0.0,0.0,0.0,,,7E,FEMININO,2021,PRIVADA PROGRAMA DE APADRINHAMENTO,2006,0.0,18,
1229,2023,7.0,6.0,1,,,10.0,,,8.3,7.52,,,,,,,,7E,FEMININO,2023,PRIVADA PROGRAMA DE APADRINHAMENTO,2006,1.0,17,0.0
1229,2024,7.0,7.0,0,4.8238,QUARTZO,10.0,0.0,0.0,9.168,6.57,7.5,7.5,0.0,0.0,0.0,,,7E,FEMININO,2021,PRIVADA PROGRAMA DE APADRINHAMENTO,2006,0.0,18,
1230,2023,7.0,6.0,1,,,10.0,,,0.0,2.52,,,,,,,,7E,FEMININO,2021,PRIVADA PROGRAMA DE APADRINHAMENTO,2007,1.0,16,0.0
1230,2024,7.0,7.0,0,4.7612000000000005,QUARTZO,10.0,0.0,0.0,7.917,7.195,7.5,7.5,0.0,0.0,0.0,,,7E,FEMININO,2021,PRIVADA PROGRAMA DE APADRINHAMENTO,2007,0.0,17,
1231,2023,8.0,8.0,0,,,10.0,,,,,,,,,,,,8A,MASCULINO,2021,PRIVADA PARCERIAS COM BOLSA 100,2001,0.0,22,0.0
1231,2024,9.0,8.0,1,,,10.0,,0.0,,,,,,,,,,9,MASCULINO,2021,PRIVADA,2001,1.0,23,
1232,2023,8.0,8.0,0,,,10.0,,,,,,,,,,,,8A,MASCULINO,2021,PRIVADA PARCERIAS COM BOLSA 100,2002,0.0,21,0.0
1232,2024,9.0,8.0,1,,,10.0,,0.0,,,,,,,,,,9,MASCULINO,2021,PRIVADA,2002,1.0,22,
1233,2023,8.0,8.0,0,,,10.0,,,,,,,,,,,,8A,FEMININO,2021,PRIVADA PARCERIAS COM BOLSA 100,2001,0.0,22,0.0
1233,2024,9.0,8.0,1,,,10.0,,0.0,,,,,,,,,,9,FEMININO,2021,PRIVADA,2001,1.0,23,
1234,2023,8.0,8.0,0,,,10.0,,,,,,,,,,,,8A,FEMININO,2021,PRIVADA PARCERIAS COM BOLSA 100,2002,0.0,21,0.0
1234,2024,8.0,8.0,0,,,10.0,,0.0,,,,,,,,,,8A,FEMININO,2021,PRIVADA,2002,0.0,22,
1235,2023,8.0,8.0,0,,,10.0,,,,,,,,,,,,8A,MASCULINO,2021,PRIVADA PARCERIAS COM BOLSA 100,2002,0.0,21,0.0
1235,2024,9.0,8.0,1,,,10.0,,0.0,,,,,,,,,,9,MASCULINO,2021,PRIVADA,2002,1.0,22,
1236,2023,8.0,8.0,0,,,10.0,,,,,,,,,,,,8A,FEMININO,2021,PRIVADA PARCERIAS COM BOLSA 100,2002,0.0,21,0.0
1236,2024,8.0,8.0,0,,,10.0,,0.0,,,,,,,,,,8A,FEMININO,2021,PRIVADA,2002,0.0,22,
1237,2023,8.0,8.0,0,,,10.0,,,,,,,,,,,,8A,FEMININO,2021,PRIVADA PARCERIAS COM BOLSA 100,2002,0.0,21,0.0
1237,2024,9.0,8.0,1,,,10.0,,0.0,,,,,,,,,,9,FEMININO,2021,PRIVADA PARCERIAS COM BOLSA 100,2002,1.0,22,
1238,2023,8.0,8.0,0,,,10.0,,,,,,,,,,,,8A,FEMININO,2021,PRIVADA PARCERIAS COM BOLSA 100,2002,0.0,21,0.0
1238,2024,9.0,8.0,1,,,10.0,,0.0,,,,,,,,,,9,FEMININO,2021,PRIVADA,2002,1.0,22,
1239,2023,8.0,8.0,0,,,10.0,,,,,,,,,,,,8B,FEMININO,2021,PRIVADA PARCERIAS COM BOLSA 100,2003,0.0,20,0.0
1239,2024,8.0,8.0,0,,,10.0,,0.0,,,,,,,,,,8B,FEMININO,2021,PRIVADA PAGAMENTO POR EMPRESA PARCEIRA,2003,0.0,21,
1240,2023,8.0,8.0,0,,,10.0,,,,,,,,,,,,8B,MASCULINO,2021,PRIVADA PARCERIAS COM BOLSA 100,2003,0.0,20,0.0
1240,2024,8.0,8.0,0,,,10.0,,0.0,,,,,,,,,,8B,MASCULINO,2021,PRIVADA,2003,0.0,21,
1241,2023,8.0,8.0,0,,,10.0,,,,,,,,,,,,8B,FEMININO,2021,PRIVADA PARCERIAS COM BOLSA 100,2003,0.0,20,0.0
1241,2024,8.0,8.0,0,,,10.0,,0.0,,,,,,,,,,8B,FEMININO,2021,PRIVADA,2003,0.0,21,
1242,2023,8.0,8.0,0,,,10.0,,,,,,,,,,,,8B,FEMININO,2021,PRIVADA PARCERIAS COM BOLSA 100,2003,0.0,20,0.0
1242,2024,8.0,8.0,0,,,10.0,,0.0,,,,,,,,,,8B,FEMININO,2021,PRIVADA,2003,0.0,21,
1243,2023,8.0,8.0,0,,,10.0,,,,,,,,,,,,8B,FEMININO,2021,PRIVADA PARCERIAS COM BOLSA 100,2003,0.0,20,
1244,2023,8.0,8.0,0,,,10.0,,,,,,,,,,,,8B,FEMININO,2021,PRIVADA PARCERIAS COM BOLSA 100,2003,0.0,20,0.0
1244,2024,8.0,8.0,0,,,10.0,,0.0,,,,,,,,,,8B,FEMININO,2021,PRIVADA,2003,0.0,21,
1245,2023,8.0,8.0,0,,,10.0,,,,,,,,,,,,8B,MASCULINO,2021,PRIVADA PARCERIAS COM BOLSA 100,2003,0.0,20,0.0
1245,2024,8.0,8.0,0,,,10.0,,0.0,,,,,,,,,,8B,MASCULINO,2021,PRIVADA,2003,0.0,21,
1246,2023,8.0,8.0,0,,,10.0,,,,,,,,,,,,8B,FEMININO,2021,PRIVADA PAGAMENTO POR EMPRESA PARCEIRA,2003,0.0,20,0.0
1246,2024,8.0,8.0,0,,,10.0,,0.0,,,,,,,,,,8B,FEMININO,2021,PRIVADA,2003,0.0,21,
1247,2023,8.0,8.0,0,,,10.0,,,,,,,,,,,,8B,FEMININO,2021,PRIVADA PARCERIAS COM BOLSA 100,2002,0.0,21,
1248,2023,8.0,8.0,0,,,10.0,,,,,,,,,,,,8B,MASCULINO,2021,PRIVADA PARCERIAS COM BOLSA 100,2003,0.0,20,0.0
1248,2024,8.0,8.0,0,,,10.0,,0.0,,,,,,,,,,8B,MASCULINO,2021,PRIVADA,2003,0.0,21,
1249,2023,8.0,8.0,0,,,10.0,,,,,,,,,,,,8B,MASCULINO,2021,PRIVADA PARCERIAS COM BOLSA 100,1996,0.0,27,0.0
1249,2024,8.0,8.0,0,,,10.0,,0.0,,,,,,,,,,8B,MASCULINO,2021,PRIVADA,1996,0.0,28,
1250,2023,8.0,8.0,0,,,10.0,,,,,,,,,,,,8B,MASCULINO,2021,PRIVADA PAGAMENTO POR EMPRESA PARCEIRA,2003,0.0,20,0.0
1250,2024,8.0,8.0,0,,,10.0,,0.0,,,,,,,,,,8B,MASCULINO,2021,PRIVADA PAGAMENTO POR EMPRESA PARCEIRA,2003,0.0,21,
1251,2023,8.0,8.0,0,,,10.0,,,,,,,,,,,,8B,FEMININO,2021,PRIVADA PARCERIAS COM BOLSA 100,2003,0.0,20,0.0
1251,2024,8.0,8.0,0,,,10.0,,0.0,,,,,,,,,,8B,FEMININO,2021,PRIVADA,2003,0.0,21,
1252,2023,8.0,8.0,0,,,10.0,,,,,,,,,,,,8B,FEMININO,2021,PRIVADA PARCERIAS COM BOLSA 100,2002,0.0,21,0.0
1252,2024,9.0,8.0,1,,,10.0,,0.0,,,,,,,,,,9,FEMININO,2021,PRIVADA,2002,1.0,22,
1253,2023,8.0,8.0,0,,,10.0,,,,,,,,,,,,8D,FEMININO,2021,PRIVADA PARCERIAS COM BOLSA 100,1999,0.0,24,0.0
1253,2024,8.0,8.0,0,,,10.0,,0.0,,,,,,,,,,8D,FEMININO,2021,PRIVADA,1999,0.0,25,
1254,2023,8.0,8.0,0,,,10.0,,,,,,,,,,,,8D,MASCULINO,2021,PRIVADA PARCERIAS COM BOLSA 100,2003,0.0,20,0.0
1254,2024,9.0,8.0,1,,,10.0,,0.0,,,,,,,,,,9,MASCULINO,2021,PRIVADA,2003,1.0,21,
1255,2023,8.0,8.0,0,,,10.0,,,,,,,,,,,,8D,MASCULINO,2021,PRIVADA PARCERIAS COM BOLSA 100,2004,0.0,19,0.0
1255,2024,8.0,8.0,0,,,10.0,,0.0,,,,,,,,,,8D,MASCULINO,2021,PRIVADA,2004,0.0,20,
1256,2023,8.0,8.0,0,,,10.0,,,,,,,,,,,,8D,FEMININO,2021,PRIVADA PARCERIAS COM BOLSA 100,2004,0.0,19,0.0
1256,2024,8.0,8.0,0,,,10.0,,0.0,,,,,,,,,,8D,FEMININO,2021,PRIVADA,2004,0.0,20,
1257,2023,8.0,8.0,0,,,10.0,,,,,,,,,,,,8D,MASCULINO,2021,PRIVADA PARCERIAS COM BOLSA 100,2004,0.0,19,0.0
1257,2024,8.0,8.0,0,,,10.0,,0.0,,,,,,,,,,8D,MASCULINO,2021,PRIVADA,2004,0.0,20,
1258,2023,8.0,8.0,0,,,10.0,,,,,,,,,,,,8D,MASCULINO,2021,PRIVADA PARCERIAS COM BOLSA 100,1998,0.0,25,0.0
1258,2024,9.0,8.0,1,,,10.0,,0.0,,,,,,,,,,9,MASCULINO,2021,PRIVADA,1998,1.0,26,
1259,2023,8.0,8.0,0,,,10.0,,,,,,,,,,,,8D,FEMININO,2021,PRIVADA PARCERIAS COM BOLSA 100,2004,0.0,19,0.0
1259,2024,8.0,8.0,0,,,10.0,,0.0,,,,,,,,,,8D,FEMININO,2021,PRIVADA,2004,0.0,20,
1260,2023,8.0,8.0,0,,,10.0,,,,,,,,,,,,8D,MASCULINO,2021,PRIVADA PARCERIAS COM BOLSA 100,2004,0.0,19,0.0
1260,2024,9.0,8.0,1,,,10.0,,0.0,,,,,,,,,,9,MASCULINO,2021,PRIVADA,2004,1.0,20,
1261,2023,8.0,8.0,0,,,10.0,,,,,,,,,,,,8D,FEMININO,2021,PRIVADA PARCERIAS COM BOLSA 100,2004,0.0,19,0.0
1261,2024,8.0,8.0,0,,,10.0,,0.0,,,,,,,,,,8D,FEMININO,2021,PRIVADA,2004,0.0,20,
1262,2023,8.0,8.0,0,,,10.0,,,,,,,,,,,,8D,FEMININO,2021,PRIVADA PARCERIAS COM BOLSA 100,2004,0.0,19,0.0
1262,2024,8.0,8.0,0,,,10.0,,0.0,,,,,,,,,,8D,FEMININO,2021,PRIVADA,2004,0.0,20,
1263,2023,8.0,8.0,0,,,10.0,,,,,,,,,,,,8D,FEMININO,2021,PRIVADA PARCERIAS COM BOLSA 100,2003,0.0,20,0.0
1263,2024,8.0,8.0,0,,,10.0,,0.0,,,,,,,,,,8D,FEMININO,2021,PRIVADA PARCERIAS COM BOLSA 100,2003,0.0,21,
1264,2023,8.0,8.0,0,,,10.0,,,,,,,,,,,,8D,FEMININO,2021,PRIVADA PARCERIAS COM BOLSA 100,2002,0.0,21,0.0
1264,2024,8.0,8.0,0,,,10.0,,0.0,,,,,,,,,,8D,FEMININO,2021,PRIVADA,2002,0.0,22,
1265,2023,8.0,8.0,0,,,10.0,,,,,,,,,,,,8D,MASCULINO,2022,PRIVADA PARCERIAS COM BOLSA 100,2002,0.0,21,0.0
1265,2024,8.0,8.0,0,,,10.0,,0.0,,,,,,,,,,8D,MASCULINO,2022,PUBLICA,2002,0.0,22,
1266,2023,8.0,8.0,0,,,10.0,,,,,,,,,,,,8D,FEMININO,2021,PRIVADA PARCERIAS COM BOLSA 100,2004,0.0,19,0.0
1266,2024,9.0,8.0,1,,,10.0,,0.0,,,,,,,,,,9,FEMININO,2021,PRIVADA,2004,1.0,20,
1267,2023,8.0,8.0,0,,,10.0,,,,,,,,,,,,8D,FEMININO,2021,PRIVADA PARCERIAS COM BOLSA 100,2001,0.0,22,0.0
1267,2024,9.0,8.0,1,,,10.0,,0.0,,,,,,,,,,9,FEMININO,2021,PRIVADA,2001,1.0,23,
1268,2023,8.0,8.0,0,,,10.0,,,,,,,,,,,,8D,MASCULINO,2021,PRIVADA PARCERIAS COM BOLSA 100,2004,0.0,19,0.0
1268,2024,9.0,8.0,1,,,10.0,,0.0,,,,,,,,,,9,MASCULINO,2021,PRIVADA,2004,1.0,20,
1269,2023,8.0,8.0,0,,,10.0,,,,,,,,,,,,8E,FEMININO,2021,PRIVADA PAGAMENTO POR EMPRESA PARCEIRA,2005,0.0,18,0.0
1269,2024,8.0,8.0,0,,,10.0,,0.0,,,,,,,,,,8E,FEMININO,2021,PRIVADA PAGAMENTO POR EMPRESA PARCEIRA,2005,0.0,19,
1270,2023,8.0,8.0,0,,,10.0,,,,,,,,,,,,8E,FEMININO,2021,PRIVADA PARCERIAS COM BOLSA 100,2004,0.0,19,0.0
1270,2024,8.0,8.0,0,,,10.0,,0.0,,,,,,,,,,8E,FEMININO,2021,PRIVADA PAGAMENTO POR EMPRESA PARCEIRA,2004,0.0,20,
1271,2023,8.0,8.0,0,,,10.0,,,,,,,,,,,,8E,FEMININO,2021,PRIVADA PARCERIAS COM BOLSA 100,2004,0.0,19,0.0
1271,2024,8.0,8.0,0,,,10.0,,0.0,,,,,,,,,,8E,FEMININO,2021,PRIVADA PARCERIAS COM BOLSA 100,2004,0.0,20,
1272,2023,8.0,8.0,0,,,10.0,,,,,,,,,,,,8E,FEMININO,2021,PRIVADA PARCERIAS COM BOLSA 100,2004,0.0,19,0.0
1272,2024,8.0,8.0,0,,,10.0,,0.0,,,,,,,,,,8E,FEMININO,2021,PRIVADA PARCERIAS COM BOLSA 100,2004,0.0,20,
1273,2023,8.0,7.0,1,,,10.0,,,,,,,,,,,,8E,FEMININO,2023,PRIVADA PAGAMENTO POR EMPRESA PARCEIRA,2005,1.0,18,0.0
1273,2024,8.0,8.0,0,,,10.0,,0.0,,,,,,,,,,8E,FEMININO,2023,PRIVADA PARCERIAS COM BOLSA 100,2005,0.0,19,
1274,2023,8.0,8.0,0,,,10.0,,,,,,,,,,,,8E,FEMININO,2021,PRIVADA PAGAMENTO POR EMPRESA PARCEIRA,2005,0.0,18,0.0
1274,2024,8.0,8.0,0,,,10.0,,0.0,,,,,,,,,,8E,FEMININO,2021,PRIVADA PAGAMENTO POR EMPRESA PARCEIRA,2005,0.0,19,
1275,2024,0.0,0.0,0,7.611366666700001,AMETISTA,10.0,8.0,8.6666666665,10.002,6.26,5.625,5.446666667,10.0,6.0,,,,ALFA A G0G1,MASCULINO,2024,PUBLICA,2016,0.0,8,
1276,2024,0.0,0.0,0,8.002866666700001,TOPAZIO,10.0,8.0,9.3333333335,10.002,3.76,7.5,7.05,10.0,6.0,,,,ALFA A G0G1,FEMININO,2024,PUBLICA,2016,0.0,8,
1277,2024,0.0,0.0,0,7.952200000100001,AMETISTA,10.0,8.0,9.0833333335,10.002,3.76,7.5,7.046666667,10.0,6.0,,,,ALFA A G0G1,MASCULINO,2024,PUBLICA,2016,0.0,8,
1278,2024,0.0,1.0,-1,5.444199999900001,QUARTZO,5.0,7.5,4.1666666665,9.002,3.76,5.0,4.173333333,8.0,7.0,,,,ALFA A G0G1,MASCULINO,2024,PUBLICA,2015,-1.0,9,
1279,2024,0.0,1.0,-1,8.0822,TOPAZIO,5.0,8.25,10.0,10.002,6.26,7.5,7.78,9.0,7.5,,,,ALFA B G2G3,FEMININO,2024,PUBLICA,2015,-1.0,9,
1280,2024,0.0,1.0,-1,8.152624242500002,TOPAZIO,5.0,8.5,9.5454545455,10.002,6.26,7.5,8.336666667,10.0,7.0,,,,ALFA B G2G3,MASCULINO,2024,PUBLICA,2015,-1.0,9,
1281,2024,0.0,1.0,-1,7.982890909100001,AMETISTA,5.0,9.25,9.5454545455,7.918,6.26,7.5,7.78,10.0,8.5,,,,ALFA B G2G3,FEMININO,2024,PUBLICA,2015,-1.0,9,
1282,2024,0.0,1.0,-1,7.8769272727000015,AMETISTA,5.0,9.25,8.1136363635,9.502,6.26,7.5,7.89,10.0,8.5,,,,ALFA B G2G3,FEMININO,2024,PUBLICA,2014,-1.0,10,
1283,2024,0.0,2.0,-2,8.3033538462,TOPAZIO,5.0,9.0,9.230769231,10.002,7.51,7.5,8.28,10.0,8.0,,,,ALFA B G2G3,MASCULINO,2024,PUBLICA,2014,-2.0,10,
1284,2024,0.0,0.0,0,8.3800152174,TOPAZIO,10.0,10.0,9.347826087,9.002,2.51,7.8125,7.89,10.0,10.0,,,,ALFA C G0G1,FEMININO,2024,PUBLICA,2016,0.0,8,
1285,2024,0.0,0.0,0,8.156578882000002,TOPAZIO,10.0,8.0,8.830227742999998,10.002,2.51,7.5,8.946666667,8.0,8.0,,,,ALFA C G0G1,FEMININO,2024,PUBLICA,2017,0.0,7,
1286,2024,0.0,0.0,0,5.914801966800001,QUARTZO,10.0,7.0,5.051759834,8.002,2.51,5.3125,4.61,8.0,6.0,,,,ALFA C G0G1,MASCULINO,2024,PUBLICA,2016,0.0,8,
1287,2024,0.0,1.0,-1,7.619650310500001,AMETISTA,5.0,7.75,9.3064182195,10.002,2.51,8.125,8.223333333,8.0,7.5,,,,ALFA C G0G1,FEMININO,2024,PUBLICA,2016,-1.0,8,
1288,2024,0.0,0.0,0,7.9208899585,AMETISTA,10.0,10.0,7.9813664595,9.002,2.51,7.1875,7.273333333,10.0,10.0,,,,ALFA C G0G1,FEMININO,2024,PUBLICA,2017,0.0,7,
1289,2024,0.0,1.0,-1,7.2171722223,AMETISTA,5.0,7.75,9.4444444445,7.002,7.51,5.9375,6.166666667,9.0,6.5,,,,ALFA D G2G3,FEMININO,2024,PUBLICA,2014,-1.0,10,
1290,2024,0.0,1.0,-1,8.407200000000001,TOPAZIO,5.0,8.75,10.0,10.002,7.51,7.5,8.28,10.0,7.5,,,,ALFA D G2G3,MASCULINO,2024,PUBLICA,2015,-1.0,9,
1291,2024,0.0,1.0,-1,8.079200000000002,TOPAZIO,5.0,8.25,9.5,9.502,7.51,7.5,7.89,10.0,6.5,,,,ALFA D G2G3,MASCULINO,2024,PUBLICA,2015,-1.0,9,
1292,2024,0.0,1.0,-1,6.9031621211,AGATA,5.0,8.25,4.7727272725,7.502,7.51,7.1875,7.893333333,10.0,6.5,,,,ALFA D G2G3,FEMININO,2024,PUBLICA,2015,-1.0,9,
1293,2024,0.0,1.0,-1,8.005023232300001,TOPAZIO,5.0,8.5,9.4949494945,8.002,7.51,6.875,8.336666667,8.5,8.5,,,,ALFA D G2G3,FEMININO,2024,PUBLICA,2015,-1.0,9,
1294,2024,0.0,2.0,-2,7.9493666666,AMETISTA,5.0,7.75,10.0,9.502,7.51,6.875,7.553333333,9.0,6.5,,,,ALFA D G2G3,MASCULINO,2024,PUBLICA,2014,-2.0,10,
1295,2024,0.0,0.0,0,8.0617454545,TOPAZIO,10.0,7.5,9.5227272725,10.002,2.51,7.5,8.28,7.0,8.0,,,,ALFA E G2G3,FEMININO,2024,PUBLICA,2016,0.0,8,
1296,2024,0.0,1.0,-1,7.0574222223000005,AMETISTA,5.0,6.5,8.4444444445,9.002,2.51,7.5,8.336666667,7.5,5.5,,,,ALFA E G2G3,FEMININO,2024,PUBLICA,2015,-1.0,9,
1297,2024,0.0,1.0,-1,7.620247619000001,AMETISTA,5.0,9.25,9.761904762,9.502,2.51,7.5,6.833333333,10.0,8.5,,,,ALFA E G2G3,MASCULINO,2024,PUBLICA,2016,-1.0,8,
1298,2024,0.0,0.0,0,7.577287995300001,AMETISTA,10.0,6.75,6.643356643500001,9.502,7.51,7.1875,7.393333333,7.0,6.5,,,,ALFA E G2G3,MASCULINO,2024,PUBLICA,2016,0.0,8,
1299,2024,0.0,2.0,-2,7.069727777800001,AMETISTA,5.0,6.5,7.638888889,8.502,7.51,7.1875,7.11,7.0,6.0,,,,ALFA E G2G3,MASCULINO,2024,PUBLICA,2014,-2.0,10,
1300,2024,0.0,1.0,-1,7.623866666600001,AMETISTA,5.0,9.0,8.75,8.502,2.51,7.5,8.613333333,10.0,8.0,,,,ALFA F G0G1,FEMININO,2024,PUBLICA,2016,-1.0,8,
1301,2024,0.0,1.0,-1,5.6345333333,QUARTZO,5.0,7.0,2.9166666665000003,9.502,2.51,7.5,6.0,10.0,4.0,,,,ALFA F G0G1,MASCULINO,2024,PUBLICA,2015,-1.0,9,
1302,2024,0.0,0.0,0,5.758866666800001,QUARTZO,10.0,4.0,5.416666667,10.002,2.51,6.25,4.996666667,4.0,4.0,,,,ALFA F G0G1,MASCULINO,2024,PUBLICA,2016,0.0,8,
1303,2024,0.0,0.0,0,8.8352,TOPAZIO,10.0,10.0,10.0,10.002,2.51,7.5,9.17,10.0,10.0,,,,ALFA F G0G1,FEMININO,2024,PUBLICA,2016,0.0,8,
1304,2024,0.0,2.0,-2,7.085119934500001,AMETISTA,5.0,6.0,7.9575163395,9.002,8.135,7.8125,6.493333333,6.0,6.0,,,,ALFA G G2G3,FEMININO,2024,PUBLICA,2014,-2.0,10,
1305,2024,0.0,1.0,-1,6.685221929800001,AGATA,5.0,4.75,8.710526316,8.502,2.51,7.8125,8.053333333,2.0,7.5,,,,ALFA G G2G3,FEMININO,2024,PUBLICA,2014,-1.0,10,
1306,2024,0.0,1.0,-1,8.503033333400001,TOPAZIO,5.0,9.75,10.0,9.002,8.135,7.5,7.946666667,10.0,9.5,,,,ALFA G G2G3,FEMININO,2024,PUBLICA,2016,-1.0,8,
1307,2024,0.0,0.0,0,6.5940333333000005,AGATA,10.0,5.5,5.833333333500001,10.002,6.255,6.25,5.383333333,7.0,4.0,,,,ALFA H G0G1,MASCULINO,2024,PUBLICA,2016,0.0,8,
1308,2024,0.0,1.0,-1,6.876997101400001,AGATA,5.0,6.0,7.445652174,10.002,7.51,7.5,5.933333333,8.0,4.0,,,,ALFA H G0G1,FEMININO,2024,PUBLICA,2015,-1.0,9,
1309,2024,0.0,0.0,0,8.379199999899999,TOPAZIO,10.0,7.5,9.1666666665,9.002,7.51,7.5,8.223333333,8.0,7.0,,,,ALFA H G0G1,FEMININO,2024,PUBLICA,2016,0.0,8,
1310,2024,0.0,0.0,0,8.3907833334,TOPAZIO,10.0,10.0,9.375,8.502,2.51,7.8125,8.166666667,10.0,10.0,,,,ALFA H G0G1,FEMININO,2024,PUBLICA,2017,0.0,7,
1311,2024,0.0,0.0,0,6.4118666668,AGATA,10.0,0.0,9.166666667,9.002,2.51,7.5,8.386666667,0.0,0.0,,,,ALFA H G0G1,MASCULINO,2024,PUBLICA,2016,0.0,8,
1312,2024,0.0,1.0,-1,7.510200000000001,AMETISTA,5.0,6.5,8.333333333,10.002,7.51,6.25,8.336666667,8.0,5.0,,,,ALFA H G0G1,MASCULINO,2024,PUBLICA,2015,-1.0,9,
1313,2024,0.0,0.0,0,8.0155333334,TOPAZIO,10.0,6.25,8.125,9.502,7.51,7.5,8.446666667,4.0,8.5,,,,ALFA H G0G1,MASCULINO,2024,PUBLICA,2016,0.0,8,
1314,2024,0.0,0.0,0,8.239799999999999,TOPAZIO,10.0,9.0,8.541666667,7.418,7.51,7.5,7.443333333,8.0,10.0,,,,ALFA H G0G1,FEMININO,2024,PUBLICA,2017,0.0,7,
1315,2024,0.0,0.0,0,8.3510666667,TOPAZIO,10.0,9.0,8.3333333335,6.834,7.51,7.5,8.5,10.0,8.0,,,,ALFA H G0G1,MASCULINO,2024,PUBLICA,2017,0.0,7,
1316,2024,0.0,1.0,-1,7.59291123,AMETISTA,5.0,7.75,8.20855615,9.002,7.51,7.5,7.5,9.0,6.5,,,,ALFA I G2G3,FEMININO,2024,PUBLICA,2015,-1.0,9,
1317,2024,0.0,1.0,-1,7.665638502700001,AMETISTA,5.0,10.0,7.0721925135,7.502,7.51,7.5,7.5,10.0,10.0,,,,ALFA I G2G3,FEMININO,2024,PUBLICA,2015,-1.0,9,
1318,2024,0.0,1.0,-1,6.823383155100001,AGATA,5.0,5.0,7.6871657755000005,8.502,7.51,7.1875,7.33,4.0,6.0,,,,ALFA I G2G3,FEMININO,2024,PUBLICA,2016,-1.0,8,
1319,2024,0.0,1.0,-1,7.201526797300001,AMETISTA,5.0,8.5,5.7516339865,8.502,7.51,7.5,7.5,10.0,7.0,,,,ALFA J G2G3,MASCULINO,2024,PUBLICA,2015,-1.0,9,
1320,2024,0.0,1.0,-1,7.8845333333,AMETISTA,5.0,8.25,9.1666666665,9.002,7.51,7.5,7.5,9.0,7.5,,,,ALFA J G2G3,MASCULINO,2024,PUBLICA,2014,-1.0,10,
1321,2024,0.0,0.0,0,7.95295,AMETISTA,10.0,8.75,8.875,9.002,6.885,6.5625,5.915,10.0,7.5,,,,ALFA K G0G1,MASCULINO,2024,PUBLICA,2016,0.0,8,
1322,2024,0.0,0.0,0,8.47795,TOPAZIO,10.0,7.5,9.0,9.502,7.51,8.4375,8.165,8.5,6.5,,,,ALFA K G0G1,FEMININO,2024,PUBLICA,2016,0.0,8,
1323,2024,0.0,1.0,-1,7.487366666700001,AMETISTA,5.0,7.0,9.0833333335,10.002,7.51,6.875,6.66,10.0,4.0,,,,ALFA K G0G1,MASCULINO,2024,PUBLICA,2015,-1.0,9,
1324,2024,0.0,1.0,-1,8.332450000000001,TOPAZIO,5.0,8.5,10.0,10.002,7.51,7.8125,8.0,10.0,7.0,,,,ALFA K G0G1,MASCULINO,2024,PUBLICA,2015,-1.0,9,
1325,2024,0.0,0.0,0,8.9824954545,TOPAZIO,10.0,10.0,9.5227272725,9.002,7.51,8.4375,7.915,10.0,10.0,,,,ALFA K G0G1,MASCULINO,2024,PUBLICA,2016,0.0,8,
1326,2024,0.0,0.0,0,7.6397833333000005,AMETISTA,10.0,4.5,9.2916666665,9.002,7.51,7.8125,7.245,0.0,9.0,,,,ALFA K G0G1,FEMININO,2024,PUBLICA,2016,0.0,8,
1327,2024,0.0,0.0,0,8.264116666700001,TOPAZIO,10.0,7.5,9.3333333335,9.002,7.51,7.8125,7.325,10.0,5.0,,,,ALFA K G0G1,FEMININO,2024,PUBLICA,2017,0.0,7,
1328,2024,0.0,1.0,-1,8.0588666667,TOPAZIO,5.0,10.0,8.2083333335,8.502,7.51,7.5,7.83,10.0,10.0,,,,ALFA K G0G1,FEMININO,2024,PUBLICA,2015,-1.0,9,
1329,2024,0.0,0.0,0,7.98945,AMETISTA,10.0,6.5,10.0,9.502,7.51,6.5625,6.66,10.0,3.0,,,,ALFA K G0G1,MASCULINO,2024,PUBLICA,2016,0.0,8,
1330,2024,0.0,0.0,0,8.944616666700002,TOPAZIO,10.0,9.5,9.3333333335,10.002,7.51,8.4375,7.915,10.0,9.0,,,,ALFA K G0G1,FEMININO,2024,PUBLICA,2016,0.0,8,
1331,2024,0.0,0.0,0,7.8522833333,AMETISTA,10.0,7.25,7.291666666499999,9.002,7.51,8.4375,7.245,8.0,6.5,,,,ALFA K G0G1,FEMININO,2024,PUBLICA,2017,0.0,7,
1332,2024,0.0,2.0,-2,8.1040529412,TOPAZIO,5.0,8.25,9.411764706,8.502,7.51,9.375,7.665,10.0,6.5,,,,ALFA L G2G3,MASCULINO,2024,PUBLICA,2014,-2.0,10,
1333,2024,0.0,1.0,-1,8.213199999999999,TOPAZIO,5.0,9.25,10.0,7.502,6.255,9.375,7.75,10.0,8.5,,,,ALFA L G2G3,MASCULINO,2024,PUBLICA,2015,-1.0,9,
1334,2024,0.0,1.0,-1,8.350200000000001,TOPAZIO,5.0,9.0,10.0,10.002,5.625,9.375,7.75,10.0,8.0,,,,ALFA L G2G3,MASCULINO,2024,PUBLICA,2015,-1.0,9,
1335,2024,0.0,2.0,-2,8.3217,TOPAZIO,5.0,8.75,9.75,9.002,7.51,9.375,7.665,10.0,7.5,,,,ALFA L G2G3,MASCULINO,2024,PUBLICA,2014,-2.0,10,
1336,2024,0.0,1.0,-1,7.141365631500001,AMETISTA,5.0,9.5,6.2008281575,9.502,2.51,7.5,7.75,10.0,9.0,,,,ALFA M G0G1,FEMININO,2024,PUBLICA,2016,-1.0,8,
1337,2024,0.0,2.0,-2,6.015144444400001,AGATA,5.0,6.0,4.722222222,8.002,7.51,6.875,5.66,6.0,6.0,,,,ALFA M G0G1,MASCULINO,2024,PUBLICA,2014,-2.0,10,
1338,2024,0.0,1.0,-1,6.1368428571,AGATA,5.0,3.0,8.6607142855,8.002,7.51,6.875,5.33,2.0,4.0,,,,ALFA M G0G1,MASCULINO,2024,PUBLICA,2015,-1.0,9,
1339,2024,0.0,1.0,-1,7.3547,AMETISTA,5.0,8.75,10.0,8.502,6.885,5.0,5.33,10.0,7.5,,,,ALFA M G0G1,FEMININO,2024,PUBLICA,2016,-1.0,8,
1340,2024,0.0,0.0,0,8.3422714286,TOPAZIO,10.0,10.0,8.392857143,9.502,7.51,5.625,7.0,10.0,10.0,,,,ALFA M G0G1,FEMININO,2024,PUBLICA,2016,0.0,8,
1341,2024,0.0,1.0,-1,7.862906349200001,AMETISTA,5.0,10.0,9.246031746,10.002,7.51,5.625,6.0,10.0,10.0,,,,ALFA M G0G1,MASCULINO,2024,PUBLICA,2015,-1.0,9,
1342,2024,0.0,1.0,-1,7.8185809524000005,AMETISTA,5.0,9.0,9.761904762,9.502,7.51,7.5,5.575,10.0,8.0,,,,ALFA M G0G1,MASCULINO,2024,PUBLICA,2015,-1.0,9,
1343,2024,0.0,0.0,0,8.8262,TOPAZIO,10.0,9.75,10.0,8.002,7.51,6.25,8.5,10.0,9.5,,,,ALFA M G0G1,FEMININO,2024,PUBLICA,2017,0.0,7,
1344,2024,0.0,0.0,0,9.3612,TOPAZIO,10.0,10.0,10.0,8.502,7.51,8.75,9.425,10.0,10.0,,,,ALFA N G2G3,FEMININO,2024,PUBLICA,2016,0.0,8,
1345,2024,0.0,1.0,-1,7.2340128655000004,AMETISTA,5.0,6.25,9.4590643275,8.502,7.51,6.25,6.83,6.0,6.5,,,,ALFA N G2G3,MASCULINO,2023,PUBLICA,2015,-1.0,9,
1346,2024,0.0,0.0,0,7.3701047619,AMETISTA,10.0,5.5,8.0595238095,9.502,7.51,6.25,6.66,5.0,6.0,,,,ALFA N G2G3,MASCULINO,2024,PUBLICA,2016,0.0,8,
1347,2024,0.0,1.0,-1,6.153842857100001,AGATA,5.0,5.0,8.7857142855,8.502,2.51,5.625,6.165,5.0,5.0,,,,ALFA N G2G3,MASCULINO,2024,PUBLICA,2015,-1.0,9,
1348,2024,0.0,1.0,-1,7.9604662539,AMETISTA,5.0,9.0,8.5913312695,7.502,7.51,8.75,7.83,10.0,8.0,,,,ALFA O G2G3,MASCULINO,2024,PUBLICA,2015,-1.0,9,
1349,2024,0.0,1.0,-1,7.855727777800001,AMETISTA,5.0,8.5,8.388888889,8.002,7.51,8.4375,7.915,10.0,7.0,,,,ALFA O G2G3,MASCULINO,2024,PUBLICA,2014,-1.0,10,
1350,2024,0.0,2.0,-2,8.335450000000002,TOPAZIO,5.0,8.5,10.0,8.502,8.755,8.4375,7.83,10.0,7.0,,,,ALFA O G2G3,FEMININO,2024,PUBLICA,2014,-2.0,10,
1351,2024,0.0,1.0,-1,8.1861038462,TOPAZIO,5.0,8.75,9.230769231,9.002,8.13,8.4375,7.665,10.0,7.5,,,,ALFA O G2G3,MASCULINO,2024,PUBLICA,2015,-1.0,9,
1352,2024,0.0,1.0,-1,8.289950000000001,TOPAZIO,5.0,8.5,9.5,10.002,8.13,8.4375,7.665,8.0,9.0,,,,ALFA O G2G3,MASCULINO,2024,PUBLICA,2015,-1.0,9,
1353,2024,0.0,1.0,-1,6.454700000000001,AGATA,5.0,3.0,9.5,8.002,7.51,6.875,6.08,3.5,2.5,,,,ALFA Q G2G3,FEMININO,2024,PUBLICA,2014,-1.0,10,
1354,2024,0.0,1.0,-1,7.353427272700001,AMETISTA,5.0,6.0,8.3636363635,9.502,7.51,8.125,7.335,6.5,5.5,,,,ALFA Q G2G3,FEMININO,2024,PUBLICA,2014,-1.0,10,
1355,2024,0.0,1.0,-1,7.202245454500001,AMETISTA,5.0,7.0,6.5227272725,10.002,7.51,8.125,7.17,8.0,6.0,,,,ALFA Q G2G3,MASCULINO,2024,PUBLICA,2014,-1.0,10,
1356,2024,0.0,0.0,0,7.8695888889,AMETISTA,10.0,5.5,9.4444444445,9.002,7.51,8.125,7.085,5.5,5.5,,,,ALFA Q G2G3,FEMININO,2024,PUBLICA,2016,0.0,8,
1357,2024,0.0,1.0,-1,7.1807,AMETISTA,5.0,6.75,7.5,8.002,7.51,8.125,7.335,8.0,5.5,,,,ALFA Q G2G3,MASCULINO,2024,PUBLICA,2015,-1.0,9,
1358,2024,0.0,0.0,0,6.552990476200001,AGATA,10.0,4.0,7.380952381,9.168,5.01,6.25,6.17,4.0,4.0,,,,ALFA R G0G1,FEMININO,2024,PUBLICA,2016,0.0,8,
1359,2024,0.0,0.0,0,7.2102,AMETISTA,10.0,6.0,9.0,8.502,5.635,5.625,6.17,4.0,8.0,,,,ALFA R G0G1,FEMININO,2024,PUBLICA,2017,0.0,7,
1360,2024,0.0,0.0,0,6.8480623189,AGATA,10.0,5.0,7.0018115945,8.502,7.51,5.625,6.42,0.0,10.0,,,,ALFA R G0G1,MASCULINO,2024,PUBLICA,2016,0.0,8,
1361,2024,0.0,0.0,0,8.738700000000001,TOPAZIO,10.0,10.0,9.375,9.502,5.635,7.5,8.0,10.0,10.0,,,,ALFA R G0G1,FEMININO,2024,PUBLICA,2016,0.0,8,
1362,2024,0.0,0.0,0,7.709200000000001,AMETISTA,10.0,8.5,6.875,10.002,5.635,6.875,6.915,8.0,9.0,,,,ALFA R G0G1,MASCULINO,2024,PUBLICA,2017,0.0,7,
1363,2024,0.0,0.0,0,7.690800000000001,AMETISTA,10.0,6.5,10.0,7.418,5.635,6.875,6.99,6.5,6.5,,,,ALFA S G2G3,FEMININO,2024,PUBLICA,2017,0.0,7,
1364,2024,0.0,1.0,-1,7.570033333300001,AMETISTA,5.0,8.75,8.4166666665,8.002,7.51,6.875,6.99,9.5,8.0,,,,ALFA S G2G3,MASCULINO,2024,PUBLICA,2015,-1.0,9,
1365,2024,0.0,1.0,-1,7.3700333333,AMETISTA,5.0,6.5,9.7916666665,9.002,6.26,6.875,6.99,5.5,7.5,,,,ALFA S G2G3,MASCULINO,2024,PUBLICA,2015,-1.0,9,
1366,2024,0.0,1.0,-1,6.919852173900001,AGATA,5.0,6.5,6.6032608695,9.002,7.51,7.5,6.99,6.5,6.5,,,,ALFA S G2G3,FEMININO,2024,PUBLICA,2015,-1.0,9,
1367,2024,0.0,0.0,0,8.427286956500001,TOPAZIO,10.0,8.75,8.3804347825,10.002,7.51,7.5,7.5,9.0,8.5,,,,ALFA S G2G3,FEMININO,2024,PUBLICA,2016,0.0,8,
1368,2024,0.0,0.0,0,8.6012,TOPAZIO,10.0,9.5,10.0,7.002,7.51,7.5,7.5,10.0,9.0,,,,ALFA S G2G3,MASCULINO,2024,PUBLICA,2016,0.0,8,
1369,2024,0.0,0.0,0,8.052286956500001,TOPAZIO,10.0,8.0,8.6304347825,8.502,6.26,7.5,7.5,8.0,8.0,,,,ALFA S G2G3,FEMININO,2024,PUBLICA,2017,0.0,7,
1370,2024,0.0,1.0,-1,8.0456444444,TOPAZIO,5.0,9.0,8.722222222,10.002,7.51,7.5,7.5,10.0,8.0,,,,ALFA S G2G3,MASCULINO,2024,PUBLICA,2015,-1.0,9,
1371,2024,0.0,1.0,-1,6.4843521739,AGATA,5.0,4.5,6.9782608695,7.502,7.51,6.875,7.5,3.0,6.0,,,,ALFA S G2G3,FEMININO,2024,PUBLICA,2013,-1.0,11,
1372,2024,0.0,0.0,0,7.9632000000000005,AMETISTA,10.0,4.75,10.0,9.502,8.13,7.5,7.5,3.0,6.5,,,,ALFA T G2G3,FEMININO,2024,PUBLICA,2016,0.0,8,
1373,2024,0.0,1.0,-1,7.577286956500001,AMETISTA,5.0,6.75,8.8804347825,9.502,7.51,7.5,7.5,6.0,7.5,,,,ALFA T G2G3,FEMININO,2024,PUBLICA,2015,-1.0,9,
1374,2024,0.0,1.0,-1,7.3707652174,AMETISTA,5.0,5.25,9.347826087,9.502,7.51,7.5,7.5,5.0,5.5,,,,ALFA T G2G3,MASCULINO,2024,PUBLICA,2015,-1.0,9,
1375,2024,0.0,1.0,-1,8.101200000000002,TOPAZIO,5.0,8.25,10.0,9.502,7.51,7.5,7.5,10.0,6.5,,,,ALFA T G2G3,MASCULINO,2024,PUBLICA,2015,-1.0,9,
1376,2024,0.0,1.0,-1,8.2742769231,TOPAZIO,5.0,9.75,9.6153846155,9.002,7.51,7.5,7.5,10.0,9.5,,,,ALFA T G2G3,MASCULINO,2024,PUBLICA,2015,-1.0,9,
1377,2024,0.0,0.0,0,7.8987,AMETISTA,10.0,5.5,10.0,9.002,8.13,6.875,6.99,5.0,6.0,,,,ALFA T G2G3,MASCULINO,2024,PUBLICA,2016,0.0,8,
1378,2024,0.0,1.0,-1,7.6703428571,AMETISTA,5.0,6.75,9.2857142855,9.002,8.13,7.5,7.5,7.5,6.0,,,,ALFA U G2G3,FEMININO,2024,PUBLICA,2014,-1.0,10,
1379,2024,0.0,1.0,-1,6.638292105300001,AGATA,5.0,7.25,8.6842105265,9.502,3.755,5.9375,5.16,8.5,6.0,,,,ALFA U G2G3,MASCULINO,2024,PUBLICA,2016,-1.0,8,
1380,2024,0.0,0.0,0,7.964342230600001,AMETISTA,10.0,8.0,8.784461152999999,9.502,4.385,7.1875,7.5,10.0,6.0,,,,ALFA U G2G3,MASCULINO,2024,PUBLICA,2016,0.0,8,
1381,2024,0.0,0.0,0,9.038200000000002,TOPAZIO,10.0,9.5,10.0,9.502,8.13,8.75,7.5,10.0,9.0,,,,ALFA U G2G3,FEMININO,2024,PUBLICA,2016,0.0,8,
1382,2024,0.0,1.0,-1,7.834830952400001,AMETISTA,5.0,7.5,9.761904762,8.502,7.51,7.8125,7.5,8.0,7.0,,,,ALFA U G2G3,FEMININO,2024,PUBLICA,2015,-1.0,9,
1383,2024,0.0,0.0,0,8.3720803259,TOPAZIO,10.0,8.5,9.2606516295,8.502,7.51,7.1875,7.5,10.0,7.0,,,,ALFA U G2G3,FEMININO,2024,PUBLICA,2016,0.0,8,
1384,2024,0.0,2.0,-2,6.221984461100001,AGATA,5.0,5.0,7.5689223055,8.002,7.51,6.25,5.16,5.0,5.0,,,,ALFA U G2G3,MASCULINO,2024,PUBLICA,2014,-2.0,10,
1385,2024,0.0,1.0,-1,7.7262,AMETISTA,5.0,8.0,10.0,10.002,4.385,6.875,7.5,9.0,7.0,,,,ALFA U G2G3,MASCULINO,2024,PUBLICA,2015,-1.0,9,
1386,2024,0.0,1.0,-1,7.803580952400001,AMETISTA,5.0,7.25,9.761904762,9.002,7.51,7.5,7.5,8.5,6.0,,,,ALFA U G2G3,FEMININO,2024,PUBLICA,2016,-1.0,8,
1387,2024,0.0,1.0,-1,7.8030796992,AMETISTA,5.0,8.0,8.759398496,9.502,7.51,7.5,7.5,9.0,7.0,,,,ALFA U G2G3,FEMININO,2024,PUBLICA,2016,-1.0,8,
1388,2024,0.0,1.0,-1,7.015057142799999,AMETISTA,5.0,5.0,8.214285713999999,9.002,6.88,7.5,7.67,4.0,6.0,,,,ALFA Y G0G1,FEMININO,2024,PUBLICA,2016,-1.0,8,
1389,2024,0.0,0.0,0,8.980533333299999,TOPAZIO,10.0,10.0,9.7916666665,9.002,6.88,7.5,8.42,10.0,10.0,,,,ALFA Y G0G1,FEMININO,2024,PUBLICA,2017,0.0,7,
1390,2024,0.0,0.0,0,8.4930333333,TOPAZIO,10.0,8.25,9.7916666665,9.502,5.005,7.5,8.42,8.0,8.5,,,,ALFA Y G0G1,FEMININO,2024,PUBLICA,2016,0.0,8,
1391,2024,0.0,0.0,0,8.8435333333,TOPAZIO,10.0,10.0,9.2916666665,8.502,7.51,7.5,8.17,10.0,10.0,,,,ALFA Y G0G1,MASCULINO,2024,PUBLICA,2016,0.0,8,
1392,2024,0.0,1.0,-1,5.4262,QUARTZO,5.0,0.0,5.625,9.002,7.51,7.5,7.0,0.0,0.0,,,,ALFA Y G0G1,MASCULINO,2024,PUBLICA,2015,-1.0,9,
1393,2024,0.0,0.0,0,7.2597000000000005,AMETISTA,10.0,5.0,7.5,9.502,3.755,7.5,8.42,10.0,0.0,,,,ALFA Y G0G1,FEMININO,2024,PUBLICA,2017,0.0,7,
1394,2024,1.0,2.0,-1,7.503255555500002,AMETISTA,5.0,5.75,8.6944444445,9.502,7.51,8.125,8.003333333,5.5,6.0,,,,1A,FEMININO,2024,PUBLICA,2013,-1.0,11,
1395,2024,1.0,1.0,0,8.5997833334,TOPAZIO,10.0,7.75,10.0,9.502,7.51,7.8125,7.836666667,7.5,8.0,,,,1A,FEMININO,2024,PUBLICA,2014,0.0,10,
1396,2024,1.0,2.0,-1,7.8477,AMETISTA,5.0,6.5,10.0,9.502,7.51,8.125,7.67,6.0,7.0,,,,1A,FEMININO,2024,PUBLICA,2013,-1.0,11,
1397,2024,1.0,2.0,-1,7.8280333334000005,AMETISTA,5.0,7.0,10.0,9.002,6.26,8.125,7.946666667,7.0,7.0,,,,1A,FEMININO,2024,PUBLICA,2014,-1.0,10,
1398,2024,1.0,2.0,-1,7.989700527000001,AMETISTA,5.0,8.0,9.555335968,6.918,7.51,8.125,8.616666667,8.0,8.0,,,,1B,FEMININO,2024,PUBLICA,2013,-1.0,11,
1399,2024,1.0,2.0,-1,7.438578787899999,AMETISTA,5.0,6.0,9.7727272725,9.002,5.005,7.5,8.166666667,6.0,6.0,,,,1B,FEMININO,2024,PUBLICA,2013,-1.0,11,
1400,2024,1.0,1.0,0,7.622839525700001,AMETISTA,10.0,7.25,6.6501976285,8.418,7.51,7.5,7.5,6.5,8.0,,,,1B,MASCULINO,2024,PUBLICA,2015,0.0,9,
1401,2024,1.0,3.0,-2,8.1188277778,TOPAZIO,5.0,10.0,8.888888889,6.918,7.51,7.8125,8.085,10.0,10.0,,,,1C,MASCULINO,2024,PUBLICA,2011,-2.0,13,
1402,2024,1.0,1.0,0,8.588040909100002,TOPAZIO,10.0,7.25,9.5454545455,10.002,7.51,8.4375,8.17,7.0,7.5,,,,1D,FEMININO,2024,PUBLICA,2014,0.0,10,
1403,2024,1.0,2.0,-1,8.257421861500001,TOPAZIO,5.0,8.75,9.3073593075,9.002,7.51,8.4375,8.255,7.5,10.0,,,,1D,FEMININO,2024,PUBLICA,2013,-1.0,11,
1404,2024,1.0,1.0,0,8.3971318182,TOPAZIO,10.0,7.5,9.090909091,8.502,7.51,8.4375,8.17,6.0,9.0,,,,1D,FEMININO,2024,PUBLICA,2014,0.0,10,
1405,2024,1.0,1.0,0,8.4749727273,TOPAZIO,10.0,8.75,8.6363636365,8.002,7.51,8.125,8.17,8.0,9.5,,,,1D,FEMININO,2024,PUBLICA,2014,0.0,10,
1406,2024,1.0,2.0,-1,7.8186772727000005,AMETISTA,5.0,7.5,8.8636363635,8.002,7.51,8.4375,8.255,5.5,9.5,,,,1D,FEMININO,2024,PUBLICA,2014,-1.0,10,
1407,2024,1.0,2.0,-1,7.546086363600001,AMETISTA,5.0,5.75,9.318181818,10.002,7.51,7.8125,7.5,5.5,6.0,,,,1D,MASCULINO,2024,PUBLICA,2014,-1.0,10,
1408,2024,1.0,2.0,-1,7.626768181800001,AMETISTA,5.0,6.75,8.409090909,10.002,7.51,8.4375,7.5,5.5,8.0,,,,1D,MASCULINO,2024,PUBLICA,2013,-1.0,11,
1409,2024,1.0,2.0,-1,7.863131818100001,AMETISTA,5.0,7.25,9.0909090905,10.002,7.51,8.4375,7.5,7.5,7.0,,,,1D,MASCULINO,2024,PUBLICA,2014,-1.0,10,
1410,2024,1.0,2.0,-1,7.5319272727,AMETISTA,5.0,6.25,8.1136363635,9.002,7.51,8.75,8.165,6.5,6.0,,,,1E,MASCULINO,2024,PUBLICA,2013,-1.0,11,
1411,2024,1.0,2.0,-1,6.886950000000001,AGATA,5.0,2.75,9.5,9.002,6.26,8.4375,7.835,5.5,0.0,,,,1E,MASCULINO,2024,PUBLICA,2013,-1.0,11,
1412,2024,1.0,1.0,0,9.204671861500001,TOPAZIO,10.0,9.75,9.3073593075,10.002,7.51,8.75,8.835,10.0,9.5,,,,1E,MASCULINO,2024,PUBLICA,2014,0.0,10,
1413,2024,1.0,3.0,-2,7.747564718600001,AMETISTA,5.0,7.25,8.593073593,9.002,7.51,8.4375,7.92,7.5,7.0,,,,1E,MASCULINO,2024,PUBLICA,2012,-2.0,12,
1414,2024,1.0,1.0,0,8.840007359300001,TOPAZIO,10.0,8.5,9.2965367965,9.502,6.885,8.75,8.835,10.0,7.0,,,,1E,FEMININO,2024,PUBLICA,2014,0.0,10,
1415,2024,1.0,2.0,-1,7.3712454546,AMETISTA,5.0,6.75,9.7727272725,8.002,6.26,7.291666667,7.056666667,6.5,7.0,,,,1G,FEMININO,2024,PUBLICA,2014,-1.0,10,
1416,2024,1.0,2.0,-1,7.375503030400001,AMETISTA,5.0,7.75,8.2765151515,8.502,7.51,7.916666667,6.386666667,6.5,9.0,,,,1G,FEMININO,2024,PUBLICA,2012,-1.0,12,
1417,2024,1.0,2.0,-1,7.7436242424,AMETISTA,5.0,9.0,9.337121212,9.002,7.51,6.25,6.5,10.0,8.0,,,,1G,MASCULINO,2024,PUBLICA,2014,-1.0,10,
1418,2024,1.0,2.0,-1,7.7352909091000015,AMETISTA,5.0,8.25,9.128787879,8.502,7.51,7.916666667,6.833333333,8.5,8.0,,,,1G,MASCULINO,2024,PUBLICA,2013,-1.0,11,
1419,2024,1.0,1.0,0,8.7536999999,TOPAZIO,10.0,7.5,10.0,8.502,7.51,8.958333333,8.783333333,6.0,9.0,,,,1H,FEMININO,2024,PUBLICA,2014,0.0,10,
1420,2024,1.0,3.0,-2,5.6558,QUARTZO,5.0,4.5,5.520833333500001,7.918,6.26,6.458333333,5.44,5.0,4.0,,,,1H,MASCULINO,2024,PUBLICA,2012,-2.0,12,
1421,2024,1.0,2.0,-1,7.126922222200001,AMETISTA,5.0,7.5,6.777777778,9.002,7.51,6.875,7.163333333,8.0,7.0,,,,1H,MASCULINO,2024,PUBLICA,2013,-1.0,11,
1422,2024,1.0,2.0,-1,7.0132,AMETISTA,5.0,4.75,7.5,9.502,7.51,8.125,7.7475,0.0,9.5,,,,1J,FEMININO,2024,PUBLICA,2013,-1.0,11,
1423,2024,1.0,2.0,-1,6.403450000000001,AGATA,5.0,5.75,5.3125,8.502,7.51,7.8125,6.5425,4.0,7.5,,,,1J,MASCULINO,2024,PUBLICA,2013,-1.0,11,
1424,2024,1.0,2.0,-1,7.5543388889,AMETISTA,5.0,7.25,8.9444444445,9.002,7.51,7.8125,6.915,7.5,7.0,,,,1J,FEMININO,2024,PUBLICA,2012,-1.0,12,
1425,2024,1.0,2.0,-1,6.8290988095000005,AGATA,5.0,7.0,6.7976190475,9.002,7.51,7.34375,5.92,6.0,8.0,,,,1J,MASCULINO,2024,PUBLICA,2012,-1.0,12,
1426,2024,1.0,2.0,-1,5.8367476190000005,QUARTZO,5.0,2.75,5.845238095,9.502,7.51,7.5,5.8325,5.5,0.0,,,,1J,FEMININO,2023,PUBLICA,2013,-1.0,11,
1427,2024,1.0,2.0,-1,8.425325,TOPAZIO,5.0,8.0,10.0,9.502,7.51,8.90625,8.6675,6.5,9.5,,,,1J,FEMININO,2024,PUBLICA,2013,-1.0,11,
1428,2024,1.0,2.0,-1,8.006108496800001,TOPAZIO,5.0,8.0,8.8562091505,8.502,7.51,9.166666667,8.085,7.0,9.0,,,,1L,MASCULINO,2024,PUBLICA,2013,-1.0,11,
1429,2024,1.0,2.0,-1,8.041811111100001,TOPAZIO,5.0,7.75,8.888888889,9.502,7.51,8.958333333,8.085,8.5,7.0,,,,1L,MASCULINO,2024,PUBLICA,2013,-1.0,11,
1430,2024,1.0,2.0,-1,7.864033333300001,AMETISTA,5.0,6.25,10.0,8.502,7.51,8.958333333,8.085,6.0,6.5,,,,1L,MASCULINO,2024,PUBLICA,2013,-1.0,11,
1431,2024,1.0,2.0,-1,7.9147292443,AMETISTA,5.0,8.0,7.7432712215,9.002,7.51,7.96875,9.09,8.0,8.0,,,,1M,FEMININO,2024,PUBLICA,2013,-1.0,11,
1432,2024,1.0,2.0,-1,8.774075000000002,TOPAZIO,5.0,9.5,10.0,10.002,7.51,9.21875,8.505,10.0,9.0,,,,1M,FEMININO,2024,PUBLICA,2014,-1.0,10,
1433,2024,1.0,2.0,-1,8.1939895962,TOPAZIO,5.0,8.75,9.068322981,8.502,7.51,8.28125,8.505,8.0,9.5,,,,1M,FEMININO,2024,PUBLICA,2014,-1.0,10,
1434,2024,1.0,2.0,-1,8.2775982919,TOPAZIO,5.0,9.0,7.9813664595,8.502,6.26,9.53125,9.76,10.0,8.0,,,,1M,MASCULINO,2024,PUBLICA,2014,-1.0,10,
1435,2024,1.0,1.0,0,7.7196166667,AMETISTA,10.0,7.5,7.833333333500001,9.502,7.51,7.1875,6.165,7.5,7.5,,,,1M,MASCULINO,2024,PUBLICA,2014,0.0,10,
1436,2024,1.0,2.0,-1,7.589914648100001,AMETISTA,5.0,8.0,8.674948240500001,7.418,7.51,8.28125,7.17,8.0,8.0,,,,1M,FEMININO,2024,PUBLICA,2013,-1.0,11,
1437,2024,1.0,2.0,-1,7.982890217400001,AMETISTA,5.0,8.0,9.347826087,8.502,7.51,8.28125,7.92,8.0,8.0,,,,1M,FEMININO,2024,PUBLICA,2013,-1.0,11,
1438,2024,1.0,2.0,-1,8.176825000000001,TOPAZIO,5.0,7.0,9.0,10.002,7.51,8.90625,9.175,6.0,8.0,,,,1M,FEMININO,2024,PUBLICA,2013,-1.0,11,
1439,2024,1.0,2.0,-1,8.507700000000002,TOPAZIO,5.0,8.5,10.0,7.502,7.51,9.375,9.345,9.0,8.0,,,,1M,FEMININO,2024,PUBLICA,2013,-1.0,11,
1440,2024,1.0,2.0,-1,7.469102691500001,AMETISTA,5.0,4.5,9.544513457499999,9.002,7.51,8.75,8.17,9.0,0.0,,,,1M,FEMININO,2024,PUBLICA,2014,-1.0,10,
1441,2024,1.0,1.0,0,8.961646169800002,TOPAZIO,10.0,8.5,9.109730849,9.502,7.51,9.375,9.005,9.0,8.0,,,,1M,MASCULINO,2024,PUBLICA,2015,0.0,9,
1442,2024,1.0,3.0,-2,7.135189648100001,AMETISTA,5.0,7.25,8.674948240500001,8.002,7.51,7.5,5.745,8.5,6.0,,,,1M,MASCULINO,2024,PUBLICA,2010,-2.0,14,
1443,2024,1.0,3.0,-2,6.921633333300001,AGATA,5.0,6.75,7.5,6.918,6.26,7.708333333,7.415,6.5,7.0,,,,1N,FEMININO,2024,PUBLICA,2011,-2.0,13,
1444,2024,1.0,2.0,-1,6.610588888900001,AGATA,5.0,6.0,5.277777778,8.502,7.51,7.708333333,7.415,8.0,4.0,,,,1N,MASCULINO,2024,PUBLICA,2012,-1.0,12,
1445,2024,1.0,2.0,-1,7.842866666700001,AMETISTA,5.0,7.25,9.5,9.502,7.51,7.916666667,7.5,6.5,8.0,,,,1N,FEMININO,2024,PUBLICA,2014,-1.0,10,
1446,2024,1.0,1.0,0,5.9004061924,QUARTZO,10.0,0.0,6.6501976285,8.002,6.26,7.291666667,7.075,0.0,0.0,,,,1N,MASCULINO,2024,PUBLICA,2014,0.0,10,
1447,2024,1.0,2.0,-1,7.5402350878,AMETISTA,5.0,5.25,9.7368421055,9.502,7.51,7.916666667,7.75,6.5,4.0,,,,1N,FEMININO,2024,PUBLICA,2012,-1.0,12,
1448,2024,1.0,3.0,-2,7.466126406900001,AMETISTA,5.0,6.0,9.5346320345,9.002,7.51,7.5,7.29,6.0,6.0,,,,1P,FEMININO,2024,PUBLICA,2011,-2.0,13,
1449,2024,1.0,2.0,-1,7.214341666700001,AMETISTA,5.0,6.75,8.3333333335,7.418,7.51,7.96875,7.04,6.5,7.0,,,,1R,FEMININO,2024,PUBLICA,2014,-1.0,10,
1450,2024,1.0,1.0,0,7.405235714200002,AMETISTA,10.0,3.5,8.571428571,9.502,7.51,7.8125,7.5425,0.0,7.0,,,,1R,MASCULINO,2024,PUBLICA,2015,0.0,9,
1451,2024,1.0,2.0,-1,7.560479761900002,AMETISTA,5.0,6.0,8.8095238095,10.002,7.51,7.96875,7.7525,6.0,6.0,,,,1R,FEMININO,2024,PUBLICA,2013,-1.0,11,
1452,2024,2.0,2.0,0,8.6268666667,TOPAZIO,10.0,7.75,10.0,9.002,7.51,7.916666667,8.17,7.0,8.5,,,,2A,MASCULINO,2024,PUBLICA,2012,0.0,12,
1453,2024,2.0,3.0,-1,7.1234857143,AMETISTA,5.0,6.5,7.8214285715,8.502,6.25,7.5,7.67,4.5,8.5,,,,2A,FEMININO,2021,PUBLICA,2012,-1.0,12,
1454,2024,2.0,2.0,0,7.7042238095,AMETISTA,10.0,7.75,5.880952381,8.002,7.51,7.708333333,8.28,7.5,8.0,,,,2A,FEMININO,2023,PUBLICA,2014,0.0,10,
1455,2024,2.0,3.0,-1,6.6442555555,AGATA,5.0,3.5,7.777777778,8.002,7.51,7.708333333,7.833333333,,3.5,,,,2A,FEMININO,2024,PUBLICA,2012,-1.0,12,
1456,2024,2.0,2.0,0,8.492914285800001,TOPAZIO,10.0,7.75,9.511904762,9.502,7.51,7.5,7.946666667,5.5,10.0,,,,2A,MASCULINO,2024,PUBLICA,2012,0.0,12,
1457,2024,2.0,3.0,-1,6.0197761904,AGATA,5.0,2.75,8.0357142855,3.498,7.51,7.291666667,7.663333333,2.5,3.0,,,,2B,FEMININO,2024,PUBLICA,2011,-1.0,13,
1458,2024,2.0,3.0,-1,5.879073684200001,QUARTZO,5.0,3.25,7.280701754500001,8.751,7.51,6.041666667,5.213333333,0.5,6.0,,,,2B,FEMININO,2024,PUBLICA,2012,-1.0,12,
1459,2024,2.0,3.0,-1,6.665390476100001,AGATA,5.0,3.75,8.2976190475,8.002,7.51,7.5,7.273333333,2.0,5.5,,,,2C,MASCULINO,2024,PUBLICA,2012,-1.0,12,
1460,2024,2.0,2.0,0,6.784805263200001,AGATA,10.0,3.25,7.460526316,9.502,7.51,6.875,6.27,2.5,4.0,,,,2C,MASCULINO,2024,PUBLICA,2012,0.0,12,
1461,2024,2.0,3.0,-1,6.871961904800001,AGATA,5.0,2.75,9.273809524,10.002,7.51,7.5,7.33,0.5,5.0,,,,2C,FEMININO,2024,PUBLICA,2012,-1.0,12,
1462,2024,2.0,3.0,-1,7.6243666666,AMETISTA,5.0,6.5,10.0,8.502,7.51,8.125,7.053333333,6.0,7.0,,,,2D,FEMININO,2024,PUBLICA,2010,-1.0,14,
1463,2024,2.0,2.0,0,9.074561111000001,TOPAZIO,10.0,10.0,9.722222222,8.502,7.51,9.0625,8.113333333,10.0,10.0,,,,2D,MASCULINO,2024,PUBLICA,2012,0.0,12,
1464,2024,2.0,3.0,-1,7.288424359,AMETISTA,5.0,6.25,7.794871795,8.002,7.51,9.0625,7.61,4.0,8.5,,,,2D,FEMININO,2024,PUBLICA,2011,-1.0,13,
1465,2024,2.0,3.0,-1,7.3344666666,AMETISTA,5.0,5.75,8.75,7.418,7.51,8.75,7.833333333,5.0,6.5,,,,2D,MASCULINO,2024,PUBLICA,2011,-1.0,13,
1466,2024,2.0,2.0,0,8.213723809600001,TOPAZIO,10.0,7.5,7.380952381,10.002,7.51,8.75,8.056666667,7.0,8.0,,,,2D,MASCULINO,2024,PUBLICA,2012,0.0,12,
1467,2024,2.0,2.0,0,8.836711278200001,TOPAZIO,10.0,9.25,9.022556391,9.002,7.51,8.75,8.28,9.0,9.5,,,,2D,MASCULINO,2024,PUBLICA,2012,0.0,12,
1468,2024,2.0,2.0,0,8.1281028822,TOPAZIO,10.0,7.0,8.972431078,8.502,7.51,8.4375,7.443333333,4.5,9.5,,,,2D,FEMININO,2024,PUBLICA,2012,0.0,12,
1469,2024,2.0,3.0,-1,7.459755555500001,AMETISTA,5.0,4.75,9.4444444445,8.502,7.51,8.75,8.223333333,6.0,3.5,,,,2D,MASCULINO,2024,PUBLICA,2011,-1.0,13,
1470,2024,2.0,3.0,-1,5.967421532000001,QUARTZO,5.0,5.0,6.35610766,8.002,6.26,6.875,5.4125,5.0,5.0,,,,2G,FEMININO,2024,PUBLICA,2012,-1.0,12,
1471,2024,2.0,3.0,-1,7.404455434800001,AMETISTA,5.0,7.5,7.195652174,10.002,7.51,7.65625,7.2425,8.0,7.0,,,,2G,MASCULINO,2024,PUBLICA,2011,-1.0,13,
1472,2024,2.0,2.0,0,8.773575000000001,TOPAZIO,10.0,8.75,10.0,8.502,7.51,7.96875,8.1275,9.0,8.5,,,,2G,MASCULINO,2022,PUBLICA,2012,0.0,12,
1473,2024,2.0,3.0,-1,6.689320600500001,AGATA,5.0,5.25,8.4368530025,9.502,5.625,6.5625,6.415,6.0,4.5,,,,2G,MASCULINO,2024,PUBLICA,2011,-1.0,13,
1474,2024,2.0,2.0,0,7.384207505200001,AMETISTA,10.0,7.5,7.960662526,8.002,5.625,6.71875,6.2875,7.0,8.0,,,,2H,FEMININO,2024,PUBLICA,2013,0.0,11,
1475,2024,2.0,2.0,0,7.413901754400001,AMETISTA,10.0,5.0,8.070175439,9.002,7.51,7.5,6.993333333,7.0,3.0,,,,2I,FEMININO,2024,PUBLICA,2013,0.0,11,
1476,2024,2.0,2.0,0,8.80795,TOPAZIO,10.0,8.5,10.0,9.502,5.635,8.4375,8.7525,8.0,9.0,,,,2K,FEMININO,2024,PUBLICA,2013,0.0,11,
1477,2024,2.0,2.0,0,7.0514989130000005,AMETISTA,10.0,5.0,8.010869565,8.002,7.51,6.40625,6.2875,5.0,5.0,,,,2K,MASCULINO,2024,PUBLICA,2012,0.0,12,
1478,2024,2.0,2.0,0,6.7210333334,AGATA,10.0,4.25,6.666666667,8.002,6.255,6.875,7.1225,4.0,4.5,,,,2K,MASCULINO,2024,PUBLICA,2012,0.0,12,
1479,2024,2.0,2.0,0,6.615766239300001,AGATA,10.0,4.25,6.1965811965,8.502,7.51,7.1875,6.0325,4.0,4.5,,,,2K,MASCULINO,2024,PUBLICA,2012,0.0,12,
1480,2024,2.0,3.0,-1,7.09445,AMETISTA,5.0,5.5,8.875,8.502,7.51,7.1875,6.9975,,5.5,,,,2K,MASCULINO,2024,PUBLICA,2011,-1.0,13,
1481,2024,2.0,3.0,-1,6.860721739100001,AGATA,5.0,4.75,8.782608695499999,8.502,7.51,6.875,6.8275,4.0,5.5,,,,2K,FEMININO,2024,PUBLICA,2012,-1.0,12,
1482,2024,2.0,3.0,-1,5.2257,QUARTZO,5.0,0.0,5.0,8.502,7.51,7.5,6.8725,0.0,0.0,,,,2K,MASCULINO,2024,PUBLICA,2010,-1.0,14,
1483,2024,2.0,2.0,0,7.311433695700001,AMETISTA,10.0,6.5,7.913043478500001,9.502,7.51,5.78125,5.7475,6.0,7.0,,,,2K,MASCULINO,2024,PUBLICA,2013,0.0,11,
1484,2024,2.0,3.0,-1,7.754200000000001,AMETISTA,5.0,7.0,10.0,9.002,6.26,7.5,7.89,5.0,9.0,,,,2L,FEMININO,2024,PUBLICA,2010,-1.0,14,
1485,2024,2.0,3.0,-1,6.7386875776999995,AGATA,5.0,5.0,7.7432712215,9.002,5.625,7.5,7.386666667,5.0,5.0,,,,2L,MASCULINO,2024,PUBLICA,2011,-1.0,13,
1486,2024,2.0,2.0,0,6.865474509900001,AGATA,10.0,5.75,5.431372549,8.002,6.26,7.916666667,7.056666667,6.0,5.5,,,,2L,MASCULINO,2024,PUBLICA,2013,0.0,11,
1487,2024,2.0,3.0,-1,8.0267434782,TOPAZIO,5.0,8.25,9.5652173915,10.002,6.26,7.708333333,7.833333333,7.0,9.5,,,,2L,FEMININO,2024,PUBLICA,2011,-1.0,13,
1488,2024,2.0,2.0,0,6.7668935818000016,AGATA,10.0,3.5,7.111801242,8.002,7.51,7.5,6.716666667,7.0,0.0,,,,2L,FEMININO,2024,PUBLICA,2013,0.0,11,
1489,2024,2.0,3.0,-1,5.9842289855000015,QUARTZO,5.0,5.0,5.793478261000001,9.002,6.26,6.666666667,5.663333333,5.0,5.0,,,,2L,MASCULINO,2024,PUBLICA,2012,-1.0,12,
1490,2024,2.0,3.0,-1,7.3725768116,AMETISTA,5.0,7.75,9.5652173915,8.502,6.26,6.666666667,6.333333333,8.0,7.5,,,,2L,FEMININO,2024,PRIVADA,2012,-1.0,12,
1491,2024,2.0,2.0,0,7.5072,AMETISTA,10.0,6.5,6.25,9.002,7.51,7.5,7.78,6.0,7.0,,,,2L,MASCULINO,2024,PUBLICA,2012,0.0,12,
1492,2024,2.0,1.0,1,8.479020512900002,TOPAZIO,10.0,8.0,8.8141025645,8.002,7.51,8.75,8.45,6.0,10.0,,,,2L,MASCULINO,2024,PUBLICA,2014,1.0,10,
1493,2024,2.0,3.0,-1,6.378661323900001,AGATA,5.0,4.0,7.8468899525,8.502,7.51,7.1875,5.946666667,3.5,4.5,,,,2M,MASCULINO,2024,PUBLICA,2012,-1.0,12,
1494,2024,2.0,2.0,0,5.8748823529,QUARTZO,10.0,4.25,6.7794117645,0.0,7.51,7.5,5.84,8.5,0.0,,,,2M,FEMININO,2024,PUBLICA,2013,0.0,11,
1495,2024,2.0,2.0,0,8.4845030302,TOPAZIO,10.0,8.25,8.318181818,9.002,7.51,8.75,8.223333333,8.5,8.0,,,,2M,FEMININO,2021,PUBLICA,2013,0.0,11,
1496,2024,2.0,2.0,0,6.7799738095,AGATA,10.0,4.25,5.714285714500001,9.002,7.51,7.8125,6.773333333,2.5,6.0,,,,2M,FEMININO,2024,PUBLICA,2012,0.0,12,
1497,2024,2.0,2.0,0,5.2423787879,QUARTZO,10.0,2.0,5.0227272725,0.0,7.51,6.875,6.996666667,4.0,0.0,,,,2M,FEMININO,2024,PUBLICA,2012,0.0,12,
1498,2024,2.0,3.0,-1,7.147881818200001,AMETISTA,5.0,7.0,7.840909091,8.502,7.51,8.125,6.33,5.0,9.0,,,,2M,FEMININO,2024,PUBLICA,2011,-1.0,13,
1499,2024,2.0,2.0,0,7.914800000000001,AMETISTA,10.0,6.5,9.25,8.418,6.885,8.125,7.11,6.0,7.0,,,,2N,FEMININO,2024,PUBLICA,2012,0.0,12,
1500,2024,2.0,2.0,0,7.360450000100002,AMETISTA,10.0,3.5,8.3333333335,9.502,6.885,8.4375,7.556666667,2.0,5.0,,,,2N,MASCULINO,2024,PUBLICA,2013,0.0,11,
1501,2024,2.0,2.0,0,8.04495,TOPAZIO,10.0,5.0,10.0,9.502,7.51,8.4375,7.5,4.5,5.5,,,,2N,FEMININO,2024,PUBLICA,2013,0.0,11,
1502,2024,2.0,3.0,-1,6.886091025600001,AGATA,5.0,5.25,7.628205128,8.002,7.51,7.8125,7.39,3.5,7.0,,,,2N,FEMININO,2024,PUBLICA,2012,-1.0,12,
1503,2024,2.0,3.0,-1,6.991699999900001,AGATA,5.0,2.75,10.0,7.502,7.51,8.958333333,7.723333333,3.0,2.5,,,,2P,FEMININO,2024,PUBLICA,2011,-1.0,13,
1504,2024,2.0,3.0,-1,6.057060605999999,AGATA,5.0,6.75,4.6136363634999995,7.5,5.63,5.833333333,6.94,5.0,8.5,,,,2P,FEMININO,2024,PUBLICA,2012,-1.0,12,
1505,2024,2.0,3.0,-1,6.7199171717,AGATA,5.0,3.75,7.5252525255,9.502,7.51,8.75,6.943333333,3.0,4.5,,,,2P,MASCULINO,2024,PUBLICA,2011,-1.0,13,
1506,2024,2.0,2.0,0,7.151855844200001,AMETISTA,10.0,3.5,8.3874458875,8.002,7.51,6.458333333,7.886666667,0.0,7.0,,,,2R,FEMININO,2024,PUBLICA,2013,0.0,11,
1507,2024,2.0,3.0,-1,5.046077056300001,QUARTZO,5.0,5.0,4.448051948,6.918,7.51,4.583333333,3.776666667,5.0,5.0,,,,2R,MASCULINO,2024,PUBLICA,2012,-1.0,12,
1508,2024,2.0,2.0,0,8.1804207793,TOPAZIO,10.0,9.25,7.2294372295,7.502,7.51,7.5,8.166666667,10.0,8.5,,,,2R,FEMININO,2024,PUBLICA,2013,0.0,11,
1509,2024,2.0,2.0,0,7.560230303200001,AMETISTA,10.0,7.5,6.5151515155,8.502,7.51,6.666666667,7.446666667,7.0,8.0,,,,2R,MASCULINO,2024,PUBLICA,2013,0.0,11,
1510,2024,2.0,2.0,0,9.464745454400001,TOPAZIO,10.0,10.0,9.7727272725,10.002,7.51,9.583333333,9.003333333,10.0,10.0,,,,2R,FEMININO,2024,PUBLICA,2013,0.0,11,
1511,2024,2.0,2.0,0,8.9217077641,TOPAZIO,10.0,8.75,9.3271221535,10.002,7.51,8.4375,8.556666667,8.0,9.5,,,,2U,FEMININO,2024,PUBLICA,2013,0.0,11,
1512,2024,2.0,2.0,0,8.10445,TOPAZIO,10.0,5.5,10.0,9.502,7.51,7.8125,7.61,7.0,4.0,,,,2U,FEMININO,2024,PUBLICA,2014,0.0,10,
1513,2024,2.0,3.0,-1,6.5509171717,AGATA,5.0,3.75,7.5252525255,8.502,7.51,7.5,7.223333333,4.0,3.5,,,,2U,FEMININO,2024,PUBLICA,2012,-1.0,12,
1514,2024,2.0,2.0,0,7.520576262600001,AMETISTA,10.0,5.5,7.979797980000001,9.002,7.51,7.1875,7.273333333,5.0,6.0,,,,2U,FEMININO,2024,PUBLICA,2012,0.0,12,
1515,2024,2.0,3.0,-1,5.832133333300001,QUARTZO,5.0,3.5,6.6666666665,6.418,6.255,6.875,6.72,6.0,1.0,,,,2U,FEMININO,2024,PUBLICA,2012,-1.0,12,
1516,2024,3.0,3.0,3,7.217066033133334,AMETISTA,10.0,4.666666666666667,5.404288499000001,9.585,9.38,7.96875,7.5475,0.0,5.0,9.0,,,3A,FEMININO,2024,PRIVADA,2011,0.0,13,
1517,2024,3.0,4.0,-1,6.240744444466667,AGATA,5.0,4.666666666666667,4.305555555666667,9.168,9.38,7.5,6.7075,5.0,4.5,4.5,,,3A,MASCULINO,2024,PUBLICA,2009,-1.0,15,
1518,2024,3.0,4.0,-1,5.721382142866666,QUARTZO,5.0,1.75,5.714285714333333,7.084,9.38,7.65625,6.5825,0.0,3.5,,,,3A,FEMININO,2022,PUBLICA,2009,-1.0,15,
1519,2024,3.0,3.0,3,7.210222117800001,AMETISTA,10.0,4.833333333333333,5.560902255666666,9.585,8.755,7.96875,7.5025,0.0,6.5,8.0,,,3A,MASCULINO,2024,,2009,0.0,15,
1520,2024,3.0,4.0,-1,7.0026462121333335,AMETISTA,5.0,3.75,9.060606060666666,8.334,8.75,7.65625,7.3325,4.0,3.5,,,,3B,FEMININO,2024,PUBLICA,2010,-1.0,14,
1521,2024,3.0,4.0,-1,5.065788844333333,QUARTZO,5.0,3.1666666666666665,6.157902555,7.5,2.51,6.09375,5.4525,2.0,5.5,2.0,,,3B,FEMININO,2024,PUBLICA,2010,-1.0,14,
1522,2024,3.0,3.0,0,8.3261,TOPAZIO,10.0,7.0,10.0,8.751,9.38,6.875,7.1275,10.0,4.0,,,,3B,MASCULINO,2024,PUBLICA,2011,0.0,13,
1523,2024,3.0,2.0,1,8.67371279,TOPAZIO,10.0,8.166666666666666,9.283272283333334,6.666,8.755,8.90625,8.755,8.0,6.5,10.0,,,3B,MASCULINO,2024,PUBLICA,2012,1.0,12,
1524,2024,3.0,4.0,-1,5.5473805555333335,QUARTZO,5.0,4.0,2.777777777666667,7.917,7.51,7.65625,6.9175,4.0,,,,,3B,FEMININO,2024,PUBLICA,2010,-1.0,14,
1525,2024,3.0,3.0,0,7.778263492033334,AMETISTA,10.0,7.0,8.293650793666666,7.917,5.63,8.541666667,7.553333333,6.5,5.5,9.0,,,3C,MASCULINO,2024,PUBLICA,2011,0.0,13,
1526,2024,3.0,3.0,0,7.9798,AMETISTA,10.0,3.75,10.0,9.168,8.75,8.125,8.1275,2.0,5.5,,,,3D,FEMININO,2024,PUBLICA,2011,0.0,13,
1527,2024,3.0,3.0,0,8.631675000000001,TOPAZIO,10.0,8.0,10.0,9.168,7.51,7.96875,7.835,9.0,7.0,,,,3D,MASCULINO,2024,PUBLICA,2010,0.0,14,
1528,2024,3.0,3.0,0,7.622584090933335,AMETISTA,10.0,5.666666666666667,7.787878788,9.168,7.51,7.96875,7.335,3.0,6.0,8.0,,,3D,MASCULINO,2024,PUBLICA,2011,0.0,13,
1529,2024,3.0,4.0,-1,6.710079487200001,AGATA,5.0,5.5,7.435897436,6.666,7.51,8.125,6.964,6.0,5.5,5.0,,,3F,FEMININO,2024,PUBLICA,2010,-1.0,14,
1530,2024,3.0,3.0,0,4.6391535714200005,QUARTZO,10.0,2.8333333333333335,2.5238095237666665,0.0,8.13,7.03125,5.258,1.5,7.0,0.0,,,3F,MASCULINO,2024,PUBLICA,2011,0.0,13,
1531,2024,3.0,4.0,-1,7.0491790134,AMETISTA,5.0,5.833333333333333,7.9726867336666665,8.751,7.505,7.34375,7.14,4.5,8.0,5.0,,,3F,MASCULINO,2024,PUBLICA,2010,-1.0,14,
1532,2024,3.0,4.0,-1,4.548544781066667,QUARTZO,5.0,2.0,3.9057239053333332,0.0,7.51,7.5,6.832,0.0,6.0,0.0,,,3H,MASCULINO,2024,PUBLICA,2009,-1.0,15,
1533,2024,3.0,3.0,0,9.089828985533336,TOPAZIO,10.0,9.5,9.710144927666667,9.168,8.135,8.5,8.3375,10.0,8.5,10.0,,,3I,FEMININO,2024,PUBLICA,2010,0.0,14,
1534,2024,3.0,3.0,0,7.188366666666667,AMETISTA,10.0,1.1666666666666667,9.666666666666666,7.917,8.135,8.0,8.0825,2.0,1.5,0.0,,,3I,FEMININO,2024,PUBLICA,2010,0.0,14,
1535,2024,3.0,3.0,0,7.109390969933334,AMETISTA,10.0,5.833333333333333,5.103121516333333,8.751,7.51,7.125,7.9175,7.5,5.5,4.5,,,3I,FEMININO,2024,PUBLICA,2011,0.0,13,
1536,2024,3.0,4.0,-1,7.653744444466668,AMETISTA,5.0,7.0,8.722222222333334,9.168,8.135,7.875,7.4575,10.0,3.5,7.5,,,3I,FEMININO,2024,PUBLICA,2009,-1.0,15,
1537,2024,3.0,4.0,-1,8.176263231333333,TOPAZIO,5.0,8.666666666666666,8.33064949,9.168,8.135,8.125,8.67,10.0,6.0,10.0,,,3I,FEMININO,2024,PUBLICA,2010,-1.0,14,
1538,2024,3.0,2.0,1,7.9631703704333345,AMETISTA,10.0,7.166666666666667,7.935185184999999,9.168,8.13,7.916666667,7.106666667,7.5,6.0,8.0,,,3K,MASCULINO,2021,PUBLICA,2010,1.0,14,
1539,2024,3.0,3.0,0,7.709588888900001,AMETISTA,10.0,6.833333333333333,9.027777777666666,6.667,6.885,7.708333333,7.056666667,6.0,7.0,7.5,,,3K,FEMININO,2024,PUBLICA,2011,0.0,13,
1540,2024,3.0,4.0,-1,5.696233333333334,QUARTZO,5.0,2.6666666666666665,5.0,8.334,7.51,7.125,6.83,2.0,2.0,4.0,,,3M,FEMININO,2024,PUBLICA,2010,-1.0,14,
1541,2024,3.0,3.0,0,8.337,TOPAZIO,10.0,8.166666666666666,8.633333333333333,9.168,6.88,8.25,7.736,9.0,7.0,8.5,,,3M,MASCULINO,2024,PUBLICA,2011,0.0,13,
1542,2024,3.0,5.0,-2,6.0886079922,AGATA,5.0,3.1666666666666665,6.304873294333333,7.501,8.135,7.375,6.966,1.0,3.5,5.0,,,3M,FEMININO,2024,PUBLICA,2008,-2.0,16,
1543,2024,3.0,4.0,-1,6.754584615400001,AGATA,5.0,5.0,8.076923077,7.5,7.51,7.25,7.066,6.0,4.0,,,,3M,MASCULINO,2024,PUBLICA,2010,-1.0,14,
1544,2024,3.0,4.0,-1,6.905568627466667,AGATA,5.0,5.833333333333333,8.674509804,8.334,6.885,6.625,6.598,5.5,5.5,6.5,,,3M,FEMININO,2024,PUBLICA,2010,-1.0,14,
1545,2024,3.0,3.0,0,7.296598575533334,AMETISTA,10.0,8.166666666666666,6.210826211,7.501,8.13,6.25,6.165,8.0,6.5,10.0,,,3N,FEMININO,2024,PUBLICA,2012,0.0,12,
1546,2024,3.0,3.0,0,6.900662108266667,AGATA,10.0,4.666666666666667,6.374643874666667,8.334,8.75,7.5,6.17,5.0,3.0,6.0,,,3N,MASCULINO,2024,PUBLICA,2010,0.0,14,
1547,2024,3.0,4.0,-1,6.748480626800001,AGATA,5.0,6.666666666666667,6.467236467333334,7.917,8.13,7.5,6.335,9.5,6.0,4.5,,,3N,FEMININO,2024,PUBLICA,2009,-1.0,15,
1548,2024,3.0,3.0,0,6.482499715066667,AGATA,10.0,4.833333333333333,5.2421652420000004,8.334,7.51,7.5,5.665,9.0,4.5,1.0,,,3N,FEMININO,2024,PUBLICA,2011,0.0,13,
1549,2024,3.0,5.0,-2,6.514862200466668,AGATA,5.0,4.166666666666667,7.441394335666668,9.585,7.51,7.1875,6.325,5.5,3.0,4.0,,,3N,MASCULINO,2024,PUBLICA,2009,-2.0,15,
1550,2024,3.0,4.0,-1,6.064236111066667,AGATA,5.0,4.333333333333333,5.222222222,9.585,7.51,7.03125,6.2025,5.0,3.0,5.0,,,3P,MASCULINO,2024,PUBLICA,2009,-1.0,15,
1551,2024,3.0,5.0,-2,5.9717087542,QUARTZO,5.0,3.5,4.7710437709999995,9.585,7.51,7.5,6.79,1.0,5.5,4.0,,,3P,MASCULINO,2024,PUBLICA,2009,-2.0,15,
1552,2024,3.0,3.0,0,7.443301282066667,AMETISTA,10.0,3.1666666666666665,9.743589743666666,9.585,7.51,7.1875,7.165,1.0,4.5,4.0,,,3P,MASCULINO,2024,PUBLICA,2011,0.0,13,
1553,2024,3.0,3.0,0,7.641184313700001,AMETISTA,10.0,4.333333333333333,9.003921568666668,8.334,7.51,8.333333333,7.78,6.0,5.0,2.0,,,3R,MASCULINO,2024,PUBLICA,2011,0.0,13,
1554,2024,3.0,5.0,-2,6.941692592633334,AGATA,5.0,4.0,9.629629629666667,6.666,8.76,7.291666667,7.22,3.0,,5.0,,,3R,MASCULINO,2024,PUBLICA,2009,-2.0,15,
1555,2024,3.0,3.0,0,7.4827333334,AMETISTA,10.0,3.0,10.0,8.334,6.255,8.125,8.056666667,9.0,0.0,0.0,,,3R,MASCULINO,2024,PUBLICA,2011,0.0,13,
1556,2024,3.0,3.0,0,6.666811111166668,AGATA,10.0,4.0,5.222222222333333,7.917,7.51,7.916666667,7.44,3.5,,4.5,,,3U,MASCULINO,2024,PUBLICA,2010,0.0,14,
1557,2024,3.0,3.0,0,8.228500000033334,TOPAZIO,10.0,7.0,8.916666666666666,9.585,7.51,7.916666667,7.72,6.0,,8.0,,,3U,FEMININO,2024,PUBLICA,2010,0.0,14,
1558,2024,4.0,5.0,-1,7.643772047733333,AMETISTA,5.0,5.5,8.705360238666666,9.168,8.755,8.5,8.302,5.0,5.5,6.0,,,4A,MASCULINO,2024,PUBLICA,2008,-1.0,16,
1559,2024,4.0,5.0,-1,6.330428437666668,AGATA,5.0,4.666666666666667,5.2929755216666665,7.917,6.885,8.375,7.604,8.0,0.0,6.0,,,4A,FEMININO,2024,PUBLICA,2009,-1.0,15,
1560,2024,4.0,3.0,1,8.4721031746,TOPAZIO,10.0,8.166666666666666,9.206349206333334,9.168,5.635,8.5,8.336,6.0,8.5,10.0,,,4A,FEMININO,2024,PRIVADA,2010,1.0,14,
1561,2024,4.0,5.0,-1,7.9402206349333335,AMETISTA,5.0,9.0,9.174603174666666,9.585,5.0,8.0,7.734,8.5,8.5,10.0,,,4A,MASCULINO,2024,PUBLICA,2008,-1.0,16,
1562,2024,4.0,6.0,-2,5.458833333333334,QUARTZO,5.0,0.5,8.666666666666666,6.25,5.01,6.25,6.8725,0.5,,,,,4B,FEMININO,2024,PUBLICA,2008,-2.0,16,
1563,2024,4.0,5.0,-1,7.604211111133335,AMETISTA,5.0,7.0,8.305555555666666,8.751,7.51,7.25,8.46,5.0,7.5,8.5,,,4B,FEMININO,2024,PUBLICA,2009,-1.0,15,
1564,2024,4.0,5.0,-1,5.0761468806000005,QUARTZO,5.0,2.1666666666666665,4.942067736333334,8.334,6.885,5.75,5.2875,1.0,3.5,2.0,,,4B,MASCULINO,2024,PUBLICA,2009,-1.0,15,
1565,2024,4.0,5.0,-1,5.816448179266667,QUARTZO,5.0,5.5,8.102240896333333,0.0,7.51,6.375,6.0375,7.0,3.0,6.5,,,4B,MASCULINO,2024,PUBLICA,2008,-1.0,16,
1566,2024,4.0,6.0,-2,7.759243871133334,AMETISTA,5.0,6.5,9.247219355666667,9.168,7.51,7.75,8.335,3.0,8.0,8.5,,,4B,FEMININO,2024,PUBLICA,2007,-2.0,17,
1567,2024,4.0,6.0,-2,7.913942087533334,AMETISTA,5.0,8.166666666666666,8.771043771,8.334,7.51,7.75,8.335,5.0,9.5,10.0,,,4B,FEMININO,2024,PUBLICA,2008,-2.0,16,
1568,2024,4.0,5.0,-1,7.8003261438000004,AMETISTA,5.0,8.166666666666666,7.493464052333334,9.168,7.51,8.0,8.5025,7.5,7.5,9.5,,,4B,FEMININO,2024,PUBLICA,2009,-1.0,15,
1569,2024,4.0,6.0,-2,5.7191555556,QUARTZO,5.0,2.1666666666666665,7.111111111333334,6.666,6.26,6.875,6.9175,2.0,3.0,1.5,,,4B,FEMININO,2024,PUBLICA,2007,-2.0,17,
1570,2024,4.0,5.0,-1,7.894084175066667,AMETISTA,5.0,8.333333333333334,7.542087542,9.585,7.51,7.75,8.6725,6.5,9.0,9.5,,,4B,FEMININO,2024,PUBLICA,2008,-1.0,16,
1571,2024,4.0,5.0,-1,7.2484555556,AMETISTA,5.0,5.666666666666667,9.111111111333335,8.334,5.005,7.5,8.545,5.0,6.0,6.0,,,4B,MASCULINO,2024,PUBLICA,2008,-1.0,16,
1572,2024,4.0,5.0,-1,8.080345634866667,TOPAZIO,5.0,7.5,9.841269841333334,9.168,7.51,7.65625,8.393333333,7.5,6.5,8.5,,,4C,FEMININO,2024,PUBLICA,2009,-1.0,15,
1573,2024,4.0,5.0,-1,6.743847969266667,AGATA,5.0,5.0,6.120448179333334,9.168,6.26,7.65625,8.556666667,0.0,6.0,9.0,,,4C,MASCULINO,2024,PUBLICA,2008,-1.0,16,
1574,2024,4.0,5.0,-1,7.777244180000001,AMETISTA,5.0,7.333333333333333,8.399470899666667,8.751,7.51,7.8125,8.616666667,7.0,6.0,9.0,,,4C,FEMININO,2024,PUBLICA,2008,-1.0,16,
1575,2024,4.0,5.0,-1,7.318459391466667,AMETISTA,5.0,5.333333333333333,8.624338624,9.168,6.885,7.65625,8.28,0.0,7.5,8.5,,,4C,FEMININO,2024,PUBLICA,2008,-1.0,16,
1576,2024,4.0,5.0,-1,7.4636202380666665,AMETISTA,5.0,6.666666666666667,9.523809523666666,8.334,5.635,6.40625,8.44,7.5,4.5,8.0,,,4C,FEMININO,2024,PUBLICA,2008,-1.0,16,
1577,2024,4.0,5.0,-1,6.305585581933334,AGATA,5.0,4.333333333333333,4.993386243333333,10.002,7.51,7.34375,7.273333333,4.0,7.0,2.0,,,4C,MASCULINO,2024,PUBLICA,2008,-1.0,16,
1578,2024,4.0,3.0,1,7.880605848,AMETISTA,10.0,7.333333333333333,6.761695906666667,8.334,7.51,7.5,8.636,6.0,6.0,10.0,,,4F,FEMININO,2024,PUBLICA,2010,1.0,14,
1579,2024,4.0,6.0,-2,7.894385710733333,AMETISTA,5.0,7.166666666666667,9.090261886999999,8.751,5.635,8.5,9.272,7.5,6.0,8.0,,,4F,FEMININO,2022,PUBLICA,2008,-2.0,16,
1580,2024,4.0,5.0,-1,7.790523996266667,AMETISTA,5.0,6.166666666666667,9.049953314666666,8.751,7.51,7.875,9.168,5.0,7.5,6.0,,,4F,MASCULINO,2024,PUBLICA,2008,-1.0,16,
1581,2024,4.0,5.0,-1,6.9787022855,AGATA,5.0,6.333333333333333,7.834844760666667,8.334,6.26,7.083333333,7.386666667,7.0,4.5,7.5,,,4H,MASCULINO,2024,PUBLICA,2008,-1.0,16,
1582,2024,4.0,5.0,-1,6.472788888966667,AGATA,5.0,4.5,8.069444444333334,8.334,6.255,6.666666667,6.666666667,7.0,2.0,4.5,,,4H,MASCULINO,2024,PUBLICA,2009,-1.0,15,
1583,2024,4.0,5.0,-1,7.8197579711000005,AMETISTA,5.0,8.166666666666666,7.753623188333333,7.917,6.26,9.166666667,9.006666667,8.0,6.5,10.0,,,4H,FEMININO,2024,PUBLICA,2009,-1.0,15,
1584,2024,4.0,5.0,-1,7.429837830666667,AMETISTA,5.0,5.5,9.153439153333332,8.334,7.51,7.8125,8.1675,6.0,5.5,5.0,,,4L,FEMININO,2024,PUBLICA,2009,-1.0,15,
1585,2024,4.0,5.0,-1,6.730367016866668,AGATA,5.0,4.0,6.775210084333334,10.002,7.51,7.65625,7.7925,5.0,3.0,4.0,,,4L,FEMININO,2024,PUBLICA,2009,-1.0,15,
1586,2024,4.0,5.0,-1,6.555764327466668,AGATA,5.0,5.666666666666667,6.128654970666666,10.002,5.01,6.875,7.54,3.5,5.5,8.0,,,4L,FEMININO,2024,PUBLICA,2009,-1.0,15,
1587,2024,4.0,6.0,-2,7.34055,AMETISTA,5.0,3.75,10.0,9.168,7.51,7.8125,8.2075,7.5,0.0,,,,4L,FEMININO,2024,PUBLICA,2008,-2.0,16,
1588,2024,4.0,4.0,0,7.303823728133333,AMETISTA,10.0,4.0,8.640618640666666,7.917,7.51,7.5,7.415,3.5,4.5,,,,4L,FEMININO,2024,PUBLICA,2010,0.0,14,
1589,2024,4.0,5.0,-1,5.260851851866667,QUARTZO,5.0,2.5,6.259259259333334,0.0,7.51,7.5,7.54,3.0,2.0,,,,4M,FEMININO,2024,PUBLICA,2009,-1.0,15,
1590,2024,4.0,5.0,-1,8.1907875086,TOPAZIO,5.0,8.666666666666666,8.267770876333332,7.917,7.51,10.0,8.806,8.5,8.0,9.5,,,4N,FEMININO,2024,PUBLICA,2009,-1.0,15,
1591,2024,4.0,6.0,-2,6.1707952862,AGATA,5.0,3.5,6.430976431,7.083,7.51,8.125,7.064,3.0,4.5,3.0,,,4N,FEMININO,2024,PUBLICA,2007,-2.0,17,
1592,2024,4.0,5.0,-1,6.812545479666667,AGATA,5.0,5.5,6.854727398333334,7.917,7.51,8.125,7.432,4.0,7.5,5.0,,,4N,FEMININO,2024,PUBLICA,2009,-1.0,15,
1593,2024,4.0,5.0,-1,6.638525017333334,AGATA,5.0,6.5,4.868875086666667,6.249,6.26,9.0625,8.538,9.0,6.5,4.0,,,4N,MASCULINO,2024,PUBLICA,2008,-1.0,16,
1594,2024,4.0,6.0,-2,5.731267287800001,QUARTZO,5.0,3.0,6.112836439,9.585,6.26,6.25,5.996,1.0,4.0,4.0,,,4N,MASCULINO,2024,PUBLICA,2008,-2.0,16,
1595,2024,4.0,4.0,0,6.6599304233000005,AGATA,10.0,2.3333333333333335,7.949735449666666,8.334,6.26,7.395833333,7.021666667,3.0,0.0,4.0,,,4R,MASCULINO,2024,PUBLICA,2010,0.0,14,
1596,2024,4.0,6.0,-2,7.261016666766667,AMETISTA,5.0,3.3333333333333335,10.0,8.751,7.51,8.229166667,8.226666667,5.0,0.0,5.0,,,4R,FEMININO,2024,PUBLICA,2007,-2.0,17,
1597,2024,4.0,5.0,-1,6.7187063492,AGATA,5.0,2.8333333333333335,8.412698412666666,7.5,7.51,8.125,8.28,2.0,0.0,6.5,,,4R,FEMININO,2024,PUBLICA,2008,-1.0,16,
1598,2024,5.0,5.0,0,8.4656285714,TOPAZIO,10.0,7.5,8.857142857,9.585,7.51,8.375,8.236,7.5,7.5,,,,5B,FEMININO,2024,PUBLICA,2009,0.0,15,
1599,2024,5.0,7.0,-2,7.6059333333333345,AMETISTA,5.0,6.5,9.666666666666666,8.334,7.51,7.75,7.566,7.0,6.0,,,,5B,FEMININO,2024,PUBLICA,2006,-2.0,18,
1600,2024,5.0,7.0,-2,6.750618518533334,AGATA,5.0,5.666666666666667,8.425925926,8.751,6.26,7.25,6.03,5.0,2.0,10.0,,,5B,FEMININO,2024,PUBLICA,2007,-2.0,17,
1601,2024,5.0,6.0,-1,7.2431,AMETISTA,5.0,6.5,7.0,8.751,7.51,7.5,8.335,5.0,5.0,9.5,,,5C,FEMININO,2024,PUBLICA,2007,-1.0,17,
1602,2024,5.0,5.0,0,8.041889814800001,TOPAZIO,10.0,7.166666666666667,8.782407407333332,7.917,7.51,7.34375,7.875,9.5,2.0,10.0,,,5C,FEMININO,2024,PUBLICA,2009,0.0,15,
1603,2024,5.0,6.0,-1,7.836518518466668,AMETISTA,5.0,8.333333333333334,9.259259258999998,7.5,7.51,7.5,7.835,8.5,7.0,9.5,,,5C,FEMININO,2024,PUBLICA,2008,-1.0,16,
1604,2024,5.0,6.0,-1,8.0118555556,TOPAZIO,5.0,8.5,7.777777778,9.168,7.51,8.125,8.88,10.0,5.5,10.0,,,5C,MASCULINO,2024,PUBLICA,2008,-1.0,16,
1605,2024,5.0,6.0,-1,4.920488888866667,QUARTZO,5.0,2.5,5.0694444443333335,0.0,7.51,7.5,7.028,0.0,7.5,0.0,,,5D,MASCULINO,2024,PUBLICA,2008,-1.0,16,
1606,2024,5.0,7.0,-2,5.8216796296,QUARTZO,5.0,2.5,5.148148148,8.334,7.51,7.8125,7.132,7.5,0.0,0.0,,,5D,FEMININO,2024,PUBLICA,2006,-2.0,18,
1607,2024,5.0,6.0,-1,4.899894444466667,QUARTZO,5.0,0.0,6.222222222333333,5.833,5.635,6.5625,6.762,,0.0,0.0,,,5D,MASCULINO,2024,PUBLICA,2008,-1.0,16,
1608,2024,5.0,5.0,0,7.072539814866667,AMETISTA,10.0,5.0,7.199074074333335,8.751,7.51,6.40625,6.83,8.5,3.5,3.0,,,5D,MASCULINO,2024,PUBLICA,2009,0.0,15,
1609,2024,5.0,7.0,-2,7.577233333233334,AMETISTA,5.0,6.0,9.666666666666666,8.334,7.51,7.708333333,7.943333333,6.0,4.0,8.0,,,5F,FEMININO,2024,PUBLICA,2007,-2.0,17,
1610,2024,5.0,7.0,-2,6.7023729275666675,AGATA,5.0,5.166666666666667,7.753697970666667,9.168,7.51,7.291666667,6.106666667,4.0,2.0,9.5,,,5F,MASCULINO,2024,PUBLICA,2007,-2.0,17,
1611,2024,5.0,7.0,-2,6.4589186218000005,AGATA,5.0,4.5,8.361426442,7.083,7.51,7.5,5.886666667,2.0,2.5,9.0,,,5F,MASCULINO,2024,PUBLICA,2007,-2.0,17,
1612,2024,5.0,7.0,-2,7.014528571366666,AMETISTA,5.0,6.166666666666667,8.523809523666666,6.666,7.51,7.708333333,6.94,5.0,6.5,7.0,,,5F,MASCULINO,2024,PUBLICA,2006,-2.0,18,
1613,2024,5.0,7.0,-2,6.085471428700001,AGATA,5.0,3.0,7.1428571430000005,8.334,7.51,7.291666667,6.216666667,0.0,1.0,8.0,,,5G,FEMININO,2024,PUBLICA,2007,-2.0,17,
1614,2024,5.0,6.0,-1,6.787898989933334,AGATA,5.0,6.5,6.574494949666668,7.5,7.51,7.5,7.11,5.0,5.5,9.0,,,5L,MASCULINO,2024,PUBLICA,2008,-1.0,16,
1615,2024,5.0,5.0,0,8.417533333333333,TOPAZIO,10.0,8.333333333333334,9.833333333333334,7.917,7.51,7.5,7.4575,8.0,7.0,10.0,,,5M,FEMININO,2024,PUBLICA,2008,0.0,16,
1616,2024,5.0,6.0,-1,7.147738235266668,AMETISTA,5.0,6.166666666666667,8.436274509666667,8.334,7.51,7.1875,7.12,5.5,6.5,6.5,,,5M,FEMININO,2024,PUBLICA,2007,-1.0,17,
1617,2024,5.0,6.0,-1,4.926285714266666,QUARTZO,5.0,3.25,5.571428571333333,0.0,7.51,6.875,6.1175,0.5,6.0,,,,5M,FEMININO,2024,PUBLICA,2008,-1.0,16,
1618,2024,5.0,6.0,-1,7.0487660130666665,AMETISTA,5.0,6.333333333333333,7.908496732000001,8.334,7.51,7.5,6.83,5.0,7.0,7.0,,,5M,MASCULINO,2024,PUBLICA,2007,-1.0,17,
1619,2024,5.0,4.0,1,7.393951851866667,AMETISTA,10.0,4.25,9.259259259333334,7.501,7.51,7.5,7.205,4.0,4.5,,,,5M,MASCULINO,2024,PUBLICA,2009,1.0,15,
1620,2024,5.0,6.0,-1,6.652766666666667,AGATA,5.0,5.166666666666667,6.666666666666667,8.751,7.51,7.5,7.05,5.5,7.0,3.0,,,5N,MASCULINO,2024,PUBLICA,2007,-1.0,17,
1621,2024,5.0,6.0,-1,8.107033333366667,TOPAZIO,5.0,8.333333333333334,10.0,7.917,6.26,8.333333333,8.446666667,7.5,7.5,10.0,,,5N,FEMININO,2024,PUBLICA,2007,-1.0,17,
1622,2024,5.0,6.0,-1,8.429066666633334,TOPAZIO,5.0,9.666666666666666,10.0,8.334,7.51,8.333333333,7.89,10.0,9.0,10.0,,,5N,FEMININO,2024,PUBLICA,2007,-1.0,17,
1623,2024,6.0,6.0,0,7.7609537037333345,AMETISTA,10.0,6.0,8.518518518666667,9.168,6.26,7.8125,7.666,5.5,2.5,10.0,,,6A,MASCULINO,2024,PUBLICA,2007,0.0,17,
1624,2024,6.0,7.0,-1,7.743213492066667,AMETISTA,5.0,7.5,9.460317460333334,7.917,7.51,7.8125,7.636,8.0,5.5,9.0,,,6A,FEMININO,2024,CONCLUIU O 3O EM,2006,-1.0,18,
1625,2024,6.0,6.0,0,6.888194089266667,AGATA,10.0,4.333333333333333,7.112887113,7.5,7.51,7.1875,6.896,3.0,2.0,8.0,,,6A,MASCULINO,2024,PUBLICA,2007,0.0,17,
1626,2024,6.0,6.0,0,8.541085606066668,TOPAZIO,10.0,7.333333333333333,9.696969697,8.751,7.51,8.28125,8.404,5.5,6.5,10.0,,,6A,FEMININO,2024,PUBLICA,2008,0.0,16,
1627,2024,6.0,7.0,-1,7.481547222200001,AMETISTA,5.0,7.833333333333333,7.777777777666667,7.083,7.51,7.65625,8.172,6.0,7.5,10.0,,,6A,FEMININO,2024,PUBLICA,2007,-1.0,17,
1628,2024,6.0,6.0,0,7.500131368600001,AMETISTA,10.0,5.833333333333333,8.509823509666667,8.334,7.51,6.875,6.798,3.0,5.0,9.5,,,6A,FEMININO,2024,PUBLICA,2008,0.0,16,
1629,2024,6.0,7.0,-1,7.560550529133334,AMETISTA,5.0,7.25,8.645502645666667,9.585,7.51,7.1875,7.266,8.75,3.0,10.0,,,6A,FEMININO,2024,PUBLICA,2007,-1.0,17,
1630,2024,6.0,6.0,0,8.583133333333334,TOPAZIO,10.0,7.333333333333333,9.833333333333334,8.334,7.51,8.25,8.702,9.0,9.0,4.0,,,6L,MASCULINO,2024,PRIVADA PROGRAMA DE APADRINHAMENTO,2008,0.0,16,
1631,2024,6.0,7.0,-1,8.186433333333333,TOPAZIO,5.0,7.166666666666667,10.0,9.585,7.51,8.5,8.468,5.0,6.5,10.0,,,6L,MASCULINO,2024,PRIVADA,2007,-1.0,17,
1632,2024,6.0,6.0,0,8.389333333333335,TOPAZIO,10.0,6.666666666666667,10.0,9.168,7.51,7.75,8.066,9.0,6.0,5.0,,,6L,MASCULINO,2024,PUBLICA,2008,0.0,16,
1633,2024,8.0,8.0,0,,,10.0,,0.0,,,,,,,,,,8B,MASCULINO,2021,PRIVADA,2003,0.0,21,
1634,2024,8.0,8.0,0,,,10.0,,0.0,,,,,,,,,,8B,FEMININO,2021,PRIVADA,2003,0.0,21,
1635,2024,8.0,8.0,0,,,10.0,,0.0,,,,,,,,,,8D,FEMININO,2021,PRIVADA,2004,0.0,20,
1636,2024,8.0,8.0,0,,,10.0,,0.0,,,,,,,,,,8E,FEMININO,2021,PRIVADA,2004,0.0,20,
1637,2024,9.0,8.0,1,,,10.0,,0.0,,,,,,,,,,9,MASCULINO,2021,PRIVADA,2001,1.0,23,
1638,2024,9.0,8.0,1,,,10.0,,0.0,,,,,,,,,,9,FEMININO,2021,BOLSISTA UNIVERSITARIO FORMADO A,2002,1.0,22,
1639,2024,9.0,8.0,1,,,10.0,,0.0,,,,,,,,,,9,MASCULINO,2021,BOLSISTA UNIVERSITARIO FORMADO A,2003,1.0,21,
1640,2024,9.0,8.0,1,,,10.0,,0.0,,,,,,,,,,9,FEMININO,2021,PRIVADA,2001,1.0,23,
1641,2024,9.0,8.0,1,,,10.0,,0.0,,,,,,,,,,9,MASCULINO,2021,PRIVADA,2002,1.0,22,
1642,2024,9.0,8.0,1,,,10.0,,0.0,,,,,,,,,,9,MASCULINO,2021,BOLSISTA UNIVERSITARIO FORMADO A,2001,1.0,23,
1643,2024,9.0,8.0,1,,,10.0,,0.0,,,,,,,,,,9,MASCULINO,2021,PRIVADA,2002,1.0,22,
1644,2024,9.0,8.0,1,,,10.0,,0.0,,,,,,,,,,9,MASCULINO,2021,BOLSISTA UNIVERSITARIO FORMADO A,2003,1.0,21,
1645,2024,9.0,8.0,1,,,10.0,,0.0,,,,,,,,,,9,MASCULINO,2021,PRIVADA,2001,1.0,23,
1646,2024,9.0,8.0,1,,,10.0,,0.0,,,,,,,,,,9,MASCULINO,2021,BOLSISTA UNIVERSITARIO FORMADO A,2003,1.0,21,
1647,2024,9.0,8.0,1,,,10.0,,0.0,,,,,,,,,,9,FEMININO,2021,PRIVADA,2002,1.0,22,
1648,2024,9.0,8.0,1,,,10.0,,0.0,,,,,,,,,,9,MASCULINO,2021,BOLSISTA UNIVERSITARIO FORMADO A,2002,1.0,22,
1649,2024,9.0,8.0,1,,,10.0,,0.0,,,,,,,,,,9,MASCULINO,2021,PRIVADA,2001,1.0,23,
1650,2024,9.0,8.0,1,,,10.0,,0.0,,,,,,,,,,9,MASCULINO,2021,PRIVADA,2002,1.0,22,
1651,2024,9.0,8.0,1,,,10.0,,0.0,,,,,,,,,,9,MASCULINO,2021,BOLSISTA UNIVERSITARIO FORMADO A,2002,1.0,22,
1652,2024,9.0,8.0,1,,,10.0,,0.0,,,,,,,,,,9,FEMININO,2021,PRIVADA,2002,1.0,22,
1653,2024,9.0,8.0,1,,,10.0,,0.0,,,,,,,,,,9,MASCULINO,2021,BOLSISTA UNIVERSITARIO FORMADO A,2003,1.0,21,
1654,2024,9.0,8.0,1,,,10.0,,0.0,,,,,,,,,,9,MASCULINO,2021,BOLSISTA UNIVERSITARIO FORMADO A,2002,1.0,22,
1655,2024,9.0,8.0,1,,,10.0,,0.0,,,,,,,,,,9,FEMININO,2022,PRIVADA,2003,1.0,21,
1656,2024,9.0,8.0,1,,,10.0,,0.0,,,,,,,,,,9,MASCULINO,2021,PRIVADA,2002,1.0,22,
1657,2024,9.0,8.0,1,,,10.0,,0.0,,,,,,,,,,9,MASCULINO,2021,BOLSISTA UNIVERSITARIO FORMADO A,2003,1.0,21,
1658,2024,9.0,8.0,1,,,10.0,,0.0,,,,,,,,,,9,MASCULINO,2021,PRIVADA,2002,1.0,22,
1659,2024,9.0,8.0,1,,,10.0,,0.0,,,,,,,,,,9,MASCULINO,2021,BOLSISTA UNIVERSITARIO FORMADO A,2003,1.0,21,
1660,2024,9.0,8.0,1,,,10.0,,0.0,,,,,,,,,,9,FEMININO,2021,BOLSISTA UNIVERSITARIO FORMADO A,2000,1.0,24,
1661,2024,9.0,8.0,1,,,10.0,,0.0,,,,,,,,,,9,FEMININO,2021,BOLSISTA UNIVERSITARIO FORMADO A,2003,1.0,21,
